system,intent_id,rep,complexity,ue_band,scenario,deployment_time_s,config_error_rate,resource_accuracy,interventions,intent_to_deploy_accuracy,policy_violation_rate,error
gpt120b,S01,0,simple,50,steady,139.613,0.0,0.926,0,1,0.2,
gpt120b,S01,1,simple,50,steady,140.008,0.0,0.926,0,1,0.2,
gpt120b,S01,2,simple,50,steady,139.25,0.0,0.926,0,1,0.2,
gpt120b,S01,3,simple,50,steady,139.033,0.0,0.926,0,1,0.2,
gpt120b,S01,4,simple,50,steady,139.136,0.0,0.926,0,1,0.2,
gpt120b,S02,0,simple,200,steady,143.773,0.2,0.9926,0,0,0.2,
gpt120b,S02,1,simple,200,steady,143.704,0.2,0.9926,0,0,0.2,
gpt120b,S02,2,simple,200,steady,144.489,0.2,0.9926,0,0,0.2,
gpt120b,S02,3,simple,200,steady,143.247,0.2,0.9926,0,0,0.2,
gpt120b,S02,4,simple,200,steady,144.22,0.2,0.9926,0,0,0.2,
gpt120b,S03,0,simple,50,steady,139.291,0.0,0.8646,0,0,0.2,
gpt120b,S03,1,simple,50,steady,139.74,0.0,0.8646,0,0,0.2,
gpt120b,S03,2,simple,50,steady,139.377,0.0,0.8646,0,0,0.2,
gpt120b,S03,3,simple,50,steady,138.748,0.0,0.8646,0,0,0.2,
gpt120b,S03,4,simple,50,steady,139.464,0.0,0.8646,0,0,0.2,
gpt120b,S04,0,simple,50,steady,143.134,0.2,0.926,0,0,0.2,
gpt120b,S04,1,simple,50,steady,144.039,0.2,0.926,0,0,0.2,
gpt120b,S04,2,simple,50,steady,144.227,0.2,0.926,0,0,0.2,
gpt120b,S04,3,simple,50,steady,143.635,0.2,0.926,0,0,0.2,
gpt120b,S04,4,simple,50,steady,144.038,0.2,0.926,0,0,0.2,
gpt120b,S05,0,simple,200,steady,143.508,0.2,0.9238,0,0,0.2,
gpt120b,S05,1,simple,200,steady,142.878,0.2,0.9238,0,0,0.2,
gpt120b,S05,2,simple,200,steady,143.264,0.2,0.9238,0,0,0.2,
gpt120b,S05,3,simple,200,steady,144.99,0.2,0.9238,0,0,0.2,
gpt120b,S05,4,simple,200,steady,142.419,0.2,0.9238,0,0,0.2,
gpt120b,S06,0,simple,50,steady,127.637,0.0,0.0,1,0,0.2,
gpt120b,S06,1,simple,50,steady,127.475,0.0,0.0,1,0,0.2,
gpt120b,S06,2,simple,50,steady,127.564,0.0,0.0,1,0,0.2,
gpt120b,S06,3,simple,50,steady,127.596,0.0,0.0,1,0,0.2,
gpt120b,S06,4,simple,50,steady,127.342,0.0,0.0,1,0,0.2,
gpt120b,N01,0,simple,500,steady,140.059,0.0,0.8041,0,1,0.2,
gpt120b,N01,1,simple,500,steady,139.165,0.0,0.8041,0,1,0.2,
gpt120b,N01,2,simple,500,steady,138.838,0.0,0.8041,0,1,0.2,
gpt120b,N01,3,simple,500,steady,139.341,0.0,0.8041,0,1,0.2,
gpt120b,N01,4,simple,500,steady,139.664,0.0,0.8041,0,1,0.2,
gpt120b,M01,0,medium,500,steady,143.378,0.2,0.9927,0,1,0.2,
gpt120b,M01,1,medium,500,steady,140.357,0.0,0.9927,0,1,0.2,
gpt120b,M01,2,medium,500,steady,140.481,0.0,0.9927,0,1,0.2,
gpt120b,M01,3,medium,500,steady,142.872,0.2,0.9927,0,1,0.2,
gpt120b,M01,4,medium,500,steady,142.354,0.2,0.9927,0,1,0.2,
gpt120b,M02,0,medium,200,steady,144.173,0.2,0.9686,0,1,0.2,
gpt120b,M02,1,medium,200,steady,144.647,0.2,0.9686,0,1,0.2,
gpt120b,M02,2,medium,200,steady,143.82,0.2,0.9686,0,1,0.2,
gpt120b,M02,3,medium,200,steady,144.391,0.2,0.9686,0,1,0.2,
gpt120b,M02,4,medium,200,steady,145.266,0.2,0.9686,0,1,0.2,
gpt120b,M03,0,medium,500,fault-HA,140.127,0.0,0.7038,0,1,0.2,
gpt120b,M03,1,medium,500,fault-HA,140.548,0.0,0.7038,0,1,0.2,
gpt120b,M03,2,medium,500,fault-HA,141.133,0.0,0.7038,0,1,0.2,
gpt120b,M03,3,medium,500,fault-HA,140.349,0.0,0.7038,0,1,0.2,
gpt120b,M03,4,medium,500,fault-HA,140.924,0.0,0.7038,0,1,0.2,
gpt120b,M04,0,medium,500,steady,143.326,0.2,0.5769,0,1,0.2,
gpt120b,M04,1,medium,500,steady,143.238,0.2,0.5769,0,1,0.2,
gpt120b,M04,2,medium,500,steady,143.021,0.2,0.5769,0,1,0.2,
gpt120b,M04,3,medium,500,steady,143.917,0.2,0.5769,0,1,0.2,
gpt120b,M04,4,medium,500,steady,142.358,0.2,0.5769,0,1,0.2,
gpt120b,M05,0,medium,500,steady,140.403,0.0,0.4957,0,1,0.2,
gpt120b,M05,1,medium,500,steady,140.132,0.0,0.4957,0,1,0.2,
gpt120b,M05,2,medium,500,steady,140.74,0.0,0.4868,0,1,0.2,
gpt120b,M05,3,medium,500,steady,141.29,0.0,0.4957,0,1,0.2,
gpt120b,M05,4,medium,500,steady,143.621,0.2,0.4957,0,1,0.2,
gpt120b,M06,0,medium,200,fault-HA,141.589,0.2,0.6976,0,1,0.2,
gpt120b,M06,1,medium,200,fault-HA,141.831,0.2,0.6976,1,0,0.2,
gpt120b,M06,2,medium,200,fault-HA,143.202,0.2,0.6976,1,0,0.2,
gpt120b,M06,3,medium,200,fault-HA,143.038,0.2,0.6976,0,1,0.2,
gpt120b,M06,4,medium,200,fault-HA,141.808,0.2,0.6976,0,1,0.2,
gpt120b,M07,0,medium,200,steady,143.611,0.2,0.9443,0,1,0.2,
gpt120b,M07,1,medium,200,steady,143.104,0.2,0.9443,0,1,0.2,
gpt120b,M07,2,medium,200,steady,142.08,0.1111,0.9443,0,1,0.2,
gpt120b,M07,3,medium,200,steady,141.928,0.1111,0.9443,0,1,0.2,
gpt120b,M07,4,medium,200,steady,141.547,0.1111,0.9443,0,1,0.2,
gpt120b,M08,0,medium,500,bursty-headroom,144.664,0.2,0.3916,0,1,0.2,
gpt120b,M08,1,medium,500,bursty-headroom,144.733,0.2,0.3916,0,1,0.2,
gpt120b,M08,2,medium,500,bursty-headroom,143.171,0.2,0.3827,0,1,0.2,
gpt120b,M08,3,medium,500,bursty-headroom,144.809,0.2,0.3916,0,1,0.2,
gpt120b,M08,4,medium,500,bursty-headroom,144.728,0.2,0.3827,0,1,0.2,
gpt120b,M09,0,medium,200,steady,143.268,0.2,0.9474,0,1,0.2,
gpt120b,M09,1,medium,200,steady,143.42,0.2,0.9474,0,1,0.2,
gpt120b,M09,2,medium,200,steady,142.642,0.2,0.9474,0,1,0.2,
gpt120b,M09,3,medium,200,steady,143.784,0.2,0.9474,0,1,0.2,
gpt120b,M09,4,medium,200,steady,143.826,0.2,0.9474,0,1,0.2,
gpt120b,M10,0,medium,200,steady,141.266,0.0,0.872,0,1,0.2,
gpt120b,M10,1,medium,200,steady,140.309,0.0,0.872,0,1,0.2,
gpt120b,M10,2,medium,200,steady,140.215,0.0,0.872,0,1,0.2,
gpt120b,M10,3,medium,200,steady,143.943,0.2,0.872,0,1,0.2,
gpt120b,M10,4,medium,200,steady,144.066,0.2,0.872,0,1,0.2,
gpt120b,N02,0,medium,50,steady,143.266,0.2,0.8999,0,1,0.2,
gpt120b,N02,1,medium,50,steady,143.463,0.2,0.8999,0,1,0.2,
gpt120b,N02,2,medium,50,steady,143.215,0.2,0.8999,0,1,0.2,
gpt120b,N02,3,medium,50,steady,142.895,0.2,0.8999,0,1,0.2,
gpt120b,N02,4,medium,50,steady,144.255,0.2,0.8999,0,1,0.2,
gpt120b,N03,0,medium,200,bursty-headroom,142.211,0.2,0.9238,0,1,0.2,
gpt120b,N03,1,medium,200,bursty-headroom,141.685,0.2,0.9238,0,1,0.2,
gpt120b,N03,2,medium,200,bursty-headroom,142.988,0.2,0.9238,0,1,0.2,
gpt120b,N03,3,medium,200,bursty-headroom,143.157,0.2,0.9238,0,1,0.2,
gpt120b,N03,4,medium,200,bursty-headroom,142.246,0.2,0.9238,0,1,0.2,
gpt120b,N04,0,medium,500,sinusoidal-autoscale,142.719,0.2,0.7956,1,0,0.2,
gpt120b,N04,1,medium,500,sinusoidal-autoscale,142.659,0.2,0.7956,1,0,0.2,
gpt120b,N04,2,medium,500,sinusoidal-autoscale,142.908,0.2,0.7956,1,0,0.2,
gpt120b,N04,3,medium,500,sinusoidal-autoscale,143.837,0.2,0.7956,1,0,0.2,
gpt120b,N04,4,medium,500,sinusoidal-autoscale,145.017,0.2,0.7956,1,0,0.2,
gpt120b,N05,0,medium,200,sinusoidal-autoscale,143.736,0.2,0.9474,1,0,0.2,
gpt120b,N05,1,medium,200,sinusoidal-autoscale,142.406,0.2,0.9474,1,0,0.2,
gpt120b,N05,2,medium,200,sinusoidal-autoscale,142.306,0.2,0.9474,1,0,0.2,
gpt120b,N05,3,medium,200,sinusoidal-autoscale,142.464,0.2,0.9474,1,0,0.2,
gpt120b,N05,4,medium,200,sinusoidal-autoscale,143.194,0.2,0.9474,1,0,0.2,
gpt120b,N06,0,medium,50,fault-HA,141.904,0.2,0.7013,1,0,0.2,
gpt120b,N06,1,medium,50,fault-HA,141.71,0.2,0.7013,1,0,0.2,
gpt120b,N06,2,medium,50,fault-HA,141.187,0.2,0.7013,1,0,0.2,
gpt120b,N06,3,medium,50,fault-HA,142.864,0.2,0.7013,1,0,0.2,
gpt120b,N06,4,medium,50,fault-HA,141.56,0.2,0.7013,1,0,0.2,
gpt120b,N07,0,medium,500,bursty-headroom,144.574,0.2,0.8036,0,1,0.2,
gpt120b,N07,1,medium,500,bursty-headroom,143.304,0.2,0.8036,0,1,0.2,
gpt120b,N07,2,medium,500,bursty-headroom,142.715,0.2,0.8036,0,1,0.2,
gpt120b,N07,3,medium,500,bursty-headroom,143.393,0.2,0.8036,0,1,0.2,
gpt120b,N07,4,medium,500,bursty-headroom,142.538,0.2,0.8036,0,1,0.2,
gpt120b,N08,0,medium,200,fault-HA,141.502,0.2,0.6147,0,1,0.2,
gpt120b,N08,1,medium,200,fault-HA,142.035,0.2,0.6147,0,1,0.2,
gpt120b,N08,2,medium,200,fault-HA,143.133,0.2,0.6147,0,1,0.2,
gpt120b,N08,3,medium,200,fault-HA,141.836,0.2,0.6147,0,1,0.2,
gpt120b,N08,4,medium,200,fault-HA,142.106,0.2,0.6147,0,1,0.2,
gpt120b,C01,0,complex,500,fault-HA,744.848,0.2,0.0,1,0,0.2,
gpt120b,C01,1,complex,500,fault-HA,142.932,0.2,0.5372,0,1,0.2,
gpt120b,C01,2,complex,500,fault-HA,143.609,0.2,0.5372,0,1,0.2,
gpt120b,C01,3,complex,500,fault-HA,143.658,0.2,0.5372,0,1,0.2,
gpt120b,C01,4,complex,500,fault-HA,143.252,0.2,0.5372,0,1,0.2,
gpt120b,C02,0,complex,500,steady,143.384,0.2,0.4459,0,1,0.2,
gpt120b,C02,1,complex,500,steady,146.648,0.2,0.4459,0,1,0.2,
gpt120b,C02,2,complex,500,steady,144.842,0.2,0.4459,0,1,0.2,
gpt120b,C02,3,complex,500,steady,145.603,0.2,0.4459,0,1,0.2,
gpt120b,C02,4,complex,500,steady,144.632,0.2,0.4459,0,1,0.2,
gpt120b,C03,0,complex,200,fault-HA,142.59,0.2,0.5876,1,0,0.2,
gpt120b,C03,1,complex,200,fault-HA,142.569,0.2,0.5876,1,0,0.2,
gpt120b,C03,2,complex,200,fault-HA,141.694,0.1111,0.5876,1,0,0.2,
gpt120b,C03,3,complex,200,fault-HA,142.657,0.2,0.5876,1,0,0.2,
gpt120b,C03,4,complex,200,fault-HA,141.899,0.1111,0.5876,1,0,0.2,
gpt120b,C04,0,complex,200,steady,142.427,0.1111,0.9447,0,1,0.2,
gpt120b,C04,1,complex,200,steady,142.596,0.1111,0.9447,0,1,0.2,
gpt120b,C04,2,complex,200,steady,142.198,0.1111,0.9447,0,1,0.2,
gpt120b,C04,3,complex,200,steady,143.782,0.1111,0.9447,0,1,0.2,
gpt120b,C04,4,complex,200,steady,143.506,0.1111,0.9447,0,1,0.2,
gpt120b,C05,0,complex,500,bursty-headroom,142.015,0.1111,0.3597,0,1,0.2,
gpt120b,C05,1,complex,500,bursty-headroom,142.584,0.1111,0.3597,0,1,0.2,
gpt120b,C05,2,complex,500,bursty-headroom,142.433,0.1111,0.3597,0,1,0.2,
gpt120b,C05,3,complex,500,bursty-headroom,141.247,0.1111,0.3597,0,1,0.2,
gpt120b,C05,4,complex,500,bursty-headroom,142.412,0.1111,0.3597,0,1,0.2,
gpt120b,C06,0,complex,500,steady,145.41,0.2,0.6354,0,1,0.2,
gpt120b,C06,1,complex,500,steady,145.954,0.1111,0.6427,0,1,0.2,
gpt120b,C06,2,complex,500,steady,145.18,0.1111,0.6427,0,1,0.2,Topology has issues: Connection references unknown VNF: oai-gnb
gpt120b,C06,3,complex,500,steady,144.41,0.1111,0.6427,0,1,0.2,Topology has issues: Connection references unknown VNF: oai-gnb
gpt120b,C06,4,complex,500,steady,146.164,0.1111,0.6427,0,1,0.2,
gpt120b,C07,0,complex,200,fault-HA,142.049,0.1111,0.6286,0,1,0.2,
gpt120b,C07,1,complex,200,fault-HA,141.745,0.1111,0.6286,0,1,0.2,
gpt120b,C07,2,complex,200,fault-HA,143.202,0.2,0.6286,0,1,0.2,
gpt120b,C07,3,complex,200,fault-HA,143.216,0.2,0.6286,0,1,0.2,
gpt120b,C07,4,complex,200,fault-HA,143.882,0.2,0.6286,0,1,0.2,
gpt120b,C08,0,complex,500,steady,140.684,0.1111,0.7183,1,0,0.2,
gpt120b,C08,1,complex,500,steady,747.538,0.1111,0.0,1,0,0.2,
gpt120b,C08,2,complex,500,steady,742.851,0.1111,0.0,1,0,0.2,
gpt120b,C08,3,complex,500,steady,741.23,0.1111,0.0,1,0,0.2,
gpt120b,C08,4,complex,500,steady,745.826,0.1111,0.0,1,0,0.2,
gpt120b,C09,0,complex,50,steady,143.847,0.2,0.8646,0,0,0.2,
gpt120b,C09,1,complex,50,steady,143.574,0.2,0.8646,0,0,0.2,
gpt120b,C09,2,complex,50,steady,143.175,0.2,0.8646,0,0,0.2,
gpt120b,C09,3,complex,50,steady,142.455,0.2,0.8646,0,0,0.2,
gpt120b,C09,4,complex,50,steady,143.357,0.2,0.8646,0,0,0.2,
gpt120b,N09,0,complex,200,bursty-headroom,141.377,0.1111,0.8875,0,1,0.2,
gpt120b,N09,1,complex,200,bursty-headroom,141.654,0.1111,0.8875,0,1,0.2,
gpt120b,N09,2,complex,200,bursty-headroom,141.79,0.1111,0.8875,0,1,0.2,
gpt120b,N09,3,complex,200,bursty-headroom,140.272,0.1111,0.8875,0,1,0.2,
gpt120b,N09,4,complex,200,bursty-headroom,140.351,0.1111,0.8875,0,1,0.2,
gpt120b,N10,0,complex,200,sinusoidal-autoscale,142.21,0.2,0.9155,1,0,0.2,
gpt120b,N10,1,complex,200,sinusoidal-autoscale,142.802,0.2,0.9155,1,0,0.2,
gpt120b,N10,2,complex,200,sinusoidal-autoscale,143.471,0.2,0.9155,1,0,0.2,
gpt120b,N10,3,complex,200,sinusoidal-autoscale,143.439,0.2,0.9155,1,0,0.2,
gpt120b,N10,4,complex,200,sinusoidal-autoscale,142.728,0.2,0.9155,1,0,0.2,
gpt120b,N11,0,complex,500,sinusoidal-autoscale,143.323,0.2,0.7949,1,0,0.2,
gpt120b,N11,1,complex,500,sinusoidal-autoscale,143.583,0.2,0.7949,1,0,0.2,
gpt120b,N11,2,complex,500,sinusoidal-autoscale,144.54,0.2,0.7875,1,0,0.2,
gpt120b,N11,3,complex,500,sinusoidal-autoscale,144.124,0.2,0.7875,1,0,0.2,
gpt120b,N11,4,complex,500,sinusoidal-autoscale,142.557,0.2,0.7949,1,0,0.2,
gemma3_4b,S01,0,simple,50,steady,13.318,0.0,0.926,0,0,0.2,Topology has issues: Connection references unknown VNF: ueransim-gnb
gemma3_4b,S01,1,simple,50,steady,12.997,0.0,0.926,0,0,0.2,
gemma3_4b,S01,2,simple,50,steady,13.673,0.0,0.926,0,0,0.2,Topology has issues: Connection references unknown VNF: ueransim-gnb
gemma3_4b,S01,3,simple,50,steady,13.288,0.0,0.926,0,0,0.2,Topology has issues: Connection references unknown VNF: ueransim-gnb
gemma3_4b,S01,4,simple,50,steady,13.857,0.0,0.926,0,0,0.2,Topology has issues: Connection references unknown VNF: ueransim-gnb
gemma3_4b,S02,0,simple,200,steady,16.229,0.2,0.9926,0,0,0.2,
gemma3_4b,S02,1,simple,200,steady,16.415,0.2,0.9926,0,0,0.2,
gemma3_4b,S02,2,simple,200,steady,15.321,0.2,0.9926,0,0,0.2,
gemma3_4b,S02,3,simple,200,steady,16.072,0.2,0.9926,0,0,0.2,
gemma3_4b,S02,4,simple,200,steady,16.13,0.2,0.9926,0,0,0.2,
gemma3_4b,S03,0,simple,50,steady,12.307,0.0,0.8646,0,0,0.2,Topology has issues: Connection references unknown VNF: ueransim-gnb
gemma3_4b,S03,1,simple,50,steady,11.911,0.0,0.8646,0,0,0.2,Topology has issues: Connection references unknown VNF: internet
gemma3_4b,S03,2,simple,50,steady,12.176,0.0,0.8646,0,0,0.2,Topology has issues: Connection references unknown VNF: ueransim-gnb
gemma3_4b,S03,3,simple,50,steady,12.322,0.0,0.8646,0,0,0.2,Topology has issues: Connection references unknown VNF: ueransim-gnb
gemma3_4b,S03,4,simple,50,steady,12.215,0.0,0.8646,0,0,0.2,Topology has issues: Connection references unknown VNF: ueransim-gnb
gemma3_4b,S04,0,simple,50,steady,15.941,0.2,0.926,0,0,0.2,
gemma3_4b,S04,1,simple,50,steady,13.891,0.0,0.926,0,0,0.2,Topology has issues: Connection references unknown VNF: ueransim-gnb
gemma3_4b,S04,2,simple,50,steady,15.61,0.2,0.926,0,0,0.2,
gemma3_4b,S04,3,simple,50,steady,11.919,0.0,0.926,0,0,0.2,Topology has issues: Connection references unknown VNF: ueransim-gnb
gemma3_4b,S04,4,simple,50,steady,15.754,0.2,0.926,0,0,0.2,
gemma3_4b,S05,0,simple,200,steady,7.963,0.0,0.8861,0,0,0.2,
gemma3_4b,S05,1,simple,200,steady,7.818,0.0,0.8861,0,0,0.2,Topology has issues: Connection references unknown VNF: ueransim-gnb
gemma3_4b,S05,2,simple,200,steady,7.867,0.0,0.8861,0,0,0.2,Topology has issues: Connection references unknown VNF: ueransim-gnb
gemma3_4b,S05,3,simple,200,steady,7.932,0.0,0.8861,0,0,0.2,Topology has issues: Connection references unknown VNF: ueransim-gnb
gemma3_4b,S05,4,simple,200,steady,7.97,0.0,0.8861,0,0,0.2,Topology has issues: Connection references unknown VNF: ueransim-gnb
gemma3_4b,S06,0,simple,50,steady,12.413,0.0,0.916,1,0,0.2,
gemma3_4b,S06,1,simple,50,steady,9.501,0.0,0.916,1,0,0.2,
gemma3_4b,S06,2,simple,50,steady,6.059,0.0,0.916,1,0,0.2,
gemma3_4b,S06,3,simple,50,steady,7.163,0.0,0.916,1,0,0.2,
gemma3_4b,S06,4,simple,50,steady,5.427,0.0,0.9327,1,0,0.2,
gemma3_4b,N01,0,simple,500,steady,12.733,0.0,0.8041,0,0,0.2,
gemma3_4b,N01,1,simple,500,steady,12.082,0.0,0.8041,0,0,0.2,Topology has issues: Connection references unknown VNF: internet
gemma3_4b,N01,2,simple,500,steady,12.149,0.0,0.8041,0,0,0.2,Topology has issues: Connection references unknown VNF: internet
gemma3_4b,N01,3,simple,500,steady,12.18,0.0,0.8041,0,0,0.2,Topology has issues: Connection references unknown VNF: internet
gemma3_4b,N01,4,simple,500,steady,12.003,0.0,0.8041,0,0,0.2,Topology has issues: Connection references unknown VNF: internet
gemma3_4b,M01,0,medium,500,steady,11.685,0.0,0.9927,0,0,0.2,
gemma3_4b,M01,1,medium,500,steady,11.726,0.0,0.9927,0,0,0.2,
gemma3_4b,M01,2,medium,500,steady,11.679,0.0,0.9927,0,0,0.2,
gemma3_4b,M01,3,medium,500,steady,11.676,0.0,0.9927,0,0,0.2,
gemma3_4b,M01,4,medium,500,steady,11.675,0.0,0.9927,0,0,0.2,
gemma3_4b,M02,0,medium,200,steady,12.947,0.0,0.9686,0,0,0.2,Topology has issues: Connection references unknown VNF: ueransim-gnb
gemma3_4b,M02,1,medium,200,steady,12.098,0.2857,0.9512,1,0,0.2,Topology has issues: Connection references unknown VNF: oai-nssf
gemma3_4b,M02,2,medium,200,steady,11.69,0.2857,0.9512,1,0,0.2,
gemma3_4b,M02,3,medium,200,steady,11.647,0.2857,0.9512,1,0,0.2,
gemma3_4b,M02,4,medium,200,steady,11.965,0.2857,0.9512,1,0,0.2,Topology has issues: Connection references unknown VNF: oai-nssf
gemma3_4b,M03,0,medium,500,fault-HA,13.82,0.0,0.6922,0,0,0.2,Topology has issues: Connection references unknown VNF: ueransim-gnb
gemma3_4b,M03,1,medium,500,fault-HA,16.97,0.0,0.6922,0,0,0.2,Topology has issues: Connection references unknown VNF: ueransim-gnb
gemma3_4b,M03,2,medium,500,fault-HA,12.247,0.0,0.6922,0,0,0.2,Topology has issues: Connection references unknown VNF: ueransim-gnb
gemma3_4b,M03,3,medium,500,fault-HA,12.678,0.0,0.6922,0,0,0.2,
gemma3_4b,M03,4,medium,500,fault-HA,12.744,0.0,0.6922,0,0,0.2,Topology has issues: Connection references unknown VNF: ueransim-gnb
gemma3_4b,M04,0,medium,500,steady,8.237,0.0,0.4995,0,0,0.2,Topology has issues: Connection references unknown VNF: ueransim-gnb
gemma3_4b,M04,1,medium,500,steady,8.265,0.0,0.4995,0,0,0.2,Topology has issues: Connection references unknown VNF: ueransim-gnb
gemma3_4b,M04,2,medium,500,steady,8.109,0.0,0.4995,0,0,0.2,Topology has issues: Connection references unknown VNF: ueransim-gnb
gemma3_4b,M04,3,medium,500,steady,8.282,0.0,0.4995,0,0,0.2,Topology has issues: Connection references unknown VNF: ueransim-gnb
gemma3_4b,M04,4,medium,500,steady,8.103,0.0,0.4995,0,0,0.2,Topology has issues: Connection references unknown VNF: ueransim-gnb
gemma3_4b,M05,0,medium,500,steady,14.0,0.0,0.5042,0,0,0.2,Topology has issues: Connection references unknown VNF: internet
gemma3_4b,M05,1,medium,500,steady,11.825,0.0,0.5042,0,0,0.2,Topology has issues: Connection references unknown VNF: ueransim-gnb
gemma3_4b,M05,2,medium,500,steady,11.912,0.0,0.5042,0,0,0.2,Topology has issues: Connection references unknown VNF: ueransim-gnb
gemma3_4b,M05,3,medium,500,steady,9.441,0.0,0.388,1,0,0.2,
gemma3_4b,M05,4,medium,500,steady,12.004,0.0,0.5042,0,0,0.2,
gemma3_4b,M06,0,medium,200,fault-HA,7.83,0.0,0.7301,1,0,0.2,
gemma3_4b,M06,1,medium,200,fault-HA,7.955,0.0,0.7301,1,0,0.2,
gemma3_4b,M06,2,medium,200,fault-HA,8.068,0.0,0.7301,1,0,0.2,
gemma3_4b,M06,3,medium,200,fault-HA,8.099,0.0,0.7301,1,0,0.2,
gemma3_4b,M06,4,medium,200,fault-HA,8.091,0.0,0.7301,1,0,0.2,
gemma3_4b,M07,0,medium,200,steady,7.275,0.0,0.9106,1,0,0.2,
gemma3_4b,M07,1,medium,200,steady,7.321,0.0,0.9106,1,0,0.2,
gemma3_4b,M07,2,medium,200,steady,7.325,0.0,0.9106,1,0,0.2,
gemma3_4b,M07,3,medium,200,steady,7.684,0.0,0.9106,1,0,0.2,
gemma3_4b,M07,4,medium,200,steady,8.007,0.0,0.9106,1,0,0.2,
gemma3_4b,M08,0,medium,500,bursty-headroom,17.469,0.0,0.4001,0,0,0.2,Topology has issues: Connection references unknown VNF: ueransim-gnb
gemma3_4b,M08,1,medium,500,bursty-headroom,17.984,0.2,0.4001,0,0,0.2,
gemma3_4b,M08,2,medium,500,bursty-headroom,13.956,0.0,0.3691,0,0,0.2,
gemma3_4b,M08,3,medium,500,bursty-headroom,8.345,0.0,0.4011,0,0,0.2,Topology has issues: Connection references unknown VNF: ueransim-gnb
gemma3_4b,M08,4,medium,500,bursty-headroom,17.278,0.0,0.4001,0,0,0.2,Topology has issues: Connection references unknown VNF: ueransim-gnb
gemma3_4b,M09,0,medium,200,steady,15.526,0.0,0.9334,0,0,0.2,
gemma3_4b,M09,1,medium,200,steady,13.363,0.0,0.9334,0,0,0.2,
gemma3_4b,M09,2,medium,200,steady,13.523,0.0,0.9334,0,0,0.2,
gemma3_4b,M09,3,medium,200,steady,7.486,0.0,0.9334,0,0,0.2,
gemma3_4b,M09,4,medium,200,steady,13.567,0.0,0.9334,0,0,0.2,
gemma3_4b,M10,0,medium,200,steady,14.184,0.0,0.872,0,0,0.2,Topology has issues: Connection references unknown VNF: ueransim-gnb
gemma3_4b,M10,1,medium,200,steady,24.734,0.0,0.872,0,0,0.2,Topology has issues: Connection references unknown VNF: ueransim-gnb
gemma3_4b,M10,2,medium,200,steady,26.135,0.0,0.872,0,0,0.2,Topology has issues: Connection references unknown VNF: ueransim-gnb
gemma3_4b,M10,3,medium,200,steady,13.542,0.0,0.872,0,0,0.2,Topology has issues: Connection references unknown VNF: ueransim-gnb
gemma3_4b,M10,4,medium,200,steady,13.065,0.0,0.872,0,0,0.2,Topology has issues: Connection references unknown VNF: ueransim-gnb
gemma3_4b,N02,0,medium,50,steady,12.052,0.0,0.8999,0,0,0.2,Topology has issues: Connection references unknown VNF: ueransim-gnb
gemma3_4b,N02,1,medium,50,steady,12.227,0.0,0.8999,0,0,0.2,Topology has issues: Connection references unknown VNF: ueransim-gnb
gemma3_4b,N02,2,medium,50,steady,12.104,0.0,0.8999,0,0,0.2,Topology has issues: Connection references unknown VNF: ueransim-gnb
gemma3_4b,N02,3,medium,50,steady,12.26,0.0,0.8999,0,0,0.2,Topology has issues: Connection references unknown VNF: ueransim-gnb
gemma3_4b,N02,4,medium,50,steady,12.067,0.0,0.8999,0,0,0.2,Topology has issues: Connection references unknown VNF: ueransim-gnb
gemma3_4b,N03,0,medium,200,bursty-headroom,14.071,0.0,0.9153,0,0,0.2,Topology has issues: Connection references unknown VNF: internet
gemma3_4b,N03,1,medium,200,bursty-headroom,14.405,0.0,0.9153,0,0,0.2,Topology has issues: Connection references unknown VNF: ueransim-gnb; Connection references unknown VNF: ueransim-ue
gemma3_4b,N03,2,medium,200,bursty-headroom,14.537,0.0,0.9153,0,0,0.2,Topology has issues: Connection references unknown VNF: ueransim-gnb
gemma3_4b,N03,3,medium,200,bursty-headroom,14.397,0.0,0.9153,0,0,0.2,Topology has issues: Connection references unknown VNF: ueransim-gnb
gemma3_4b,N03,4,medium,200,bursty-headroom,8.005,0.0,0.8861,0,0,0.2,Topology has issues: Connection references unknown VNF: ueransim-gnb
gemma3_4b,N04,0,medium,500,sinusoidal-autoscale,8.131,0.0,0.7345,0,0,0.2,Topology has issues: Connection references unknown VNF: ueransim-gnb
gemma3_4b,N04,1,medium,500,sinusoidal-autoscale,7.626,0.0,0.7345,0,0,0.2,Topology has issues: Connection references unknown VNF: ueransim-gnb
gemma3_4b,N04,2,medium,500,sinusoidal-autoscale,7.633,0.0,0.7345,0,0,0.2,Topology has issues: Connection references unknown VNF: ueransim-gnb
gemma3_4b,N04,3,medium,500,sinusoidal-autoscale,7.718,0.0,0.7345,0,0,0.2,Topology has issues: Connection references unknown VNF: ueransim-gnb
gemma3_4b,N04,4,medium,500,sinusoidal-autoscale,7.673,0.0,0.7345,0,0,0.2,Topology has issues: Connection references unknown VNF: ueransim-gnb
gemma3_4b,N05,0,medium,200,sinusoidal-autoscale,13.045,0.0,0.9474,0,0,0.2,Topology has issues: Connection references unknown VNF: ueransim-gnb
gemma3_4b,N05,1,medium,200,sinusoidal-autoscale,13.181,0.0,0.9474,0,0,0.2,Topology has issues: Connection references unknown VNF: ueransim-gnb
gemma3_4b,N05,2,medium,200,sinusoidal-autoscale,13.113,0.0,0.9474,0,0,0.2,Topology has issues: Connection references unknown VNF: ueransim-gnb
gemma3_4b,N05,3,medium,200,sinusoidal-autoscale,13.234,0.0,0.9474,0,0,0.2,Topology has issues: Connection references unknown VNF: ueransim-gnb
gemma3_4b,N05,4,medium,200,sinusoidal-autoscale,13.102,0.0,0.9474,0,0,0.2,Topology has issues: Connection references unknown VNF: ueransim-gnb
gemma3_4b,N06,0,medium,50,fault-HA,11.695,0.0,0.7013,1,0,0.2,Topology has issues: Connection references unknown VNF: ueransim-gnb
gemma3_4b,N06,1,medium,50,fault-HA,7.867,0.0,0.7448,1,0,0.2,
gemma3_4b,N06,2,medium,50,fault-HA,11.482,0.0,0.7013,1,0,0.2,
gemma3_4b,N06,3,medium,50,fault-HA,11.472,0.0,0.7013,1,0,0.2,
gemma3_4b,N06,4,medium,50,fault-HA,8.4,0.0,0.7448,1,0,0.2,
gemma3_4b,N07,0,medium,500,bursty-headroom,12.267,0.0,0.7513,1,0,0.2,Topology has issues: Connection references unknown VNF: internet
gemma3_4b,N07,1,medium,500,bursty-headroom,12.073,0.0,0.7513,1,0,0.2,Topology has issues: Connection references unknown VNF: internet
gemma3_4b,N07,2,medium,500,bursty-headroom,12.422,0.0,0.7513,1,0,0.2,Topology has issues: Connection references unknown VNF: internet
gemma3_4b,N07,3,medium,500,bursty-headroom,12.233,0.0,0.7513,1,0,0.2,Topology has issues: Connection references unknown VNF: internet
gemma3_4b,N07,4,medium,500,bursty-headroom,11.897,0.0,0.7513,1,0,0.2,Topology has issues: Connection references unknown VNF: internet
gemma3_4b,N08,0,medium,200,fault-HA,9.83,0.0,0.5886,0,0,0.2,Topology has issues: Connection references unknown VNF: oai-ausf; Connection references unknown VNF: ueransim-gnb
gemma3_4b,N08,1,medium,200,fault-HA,12.63,0.0,0.0,1,0,0.2,Topology has issues: Connection references unknown VNF: ueransim-gnb
gemma3_4b,N08,2,medium,200,fault-HA,11.87,0.0,0.6147,0,0,0.2,Topology has issues: Connection references unknown VNF: ueransim-gnb
gemma3_4b,N08,3,medium,200,fault-HA,11.761,0.0,0.6147,0,0,0.2,
gemma3_4b,N08,4,medium,200,fault-HA,9.565,0.0,0.5886,0,0,0.2,Topology has issues: Connection references unknown VNF: oai-ausf; Connection references unknown VNF: ueransim-gnb
gemma3_4b,C01,0,complex,500,fault-HA,11.524,0.3333,0.4919,1,0,0.2,Topology has issues: Connection references unknown VNF: internet
gemma3_4b,C01,1,complex,500,fault-HA,10.928,0.3333,0.4919,1,0,0.2,Topology has issues: Connection references unknown VNF: internet
gemma3_4b,C01,2,complex,500,fault-HA,11.081,0.3333,0.4919,1,0,0.2,Topology has issues: Connection references unknown VNF: internet
gemma3_4b,C01,3,complex,500,fault-HA,11.884,0.3333,0.4919,1,0,0.2,Topology has issues: Connection references unknown VNF: internet
gemma3_4b,C01,4,complex,500,fault-HA,11.71,0.3333,0.4919,1,0,0.2,Topology has issues: Connection references unknown VNF: internet
gemma3_4b,C02,0,complex,500,steady,13.366,0.0,0.4533,0,0,0.2,Topology has issues: Connection references unknown VNF: ueransim-gnb
gemma3_4b,C02,1,complex,500,steady,15.192,0.2,0.4533,0,0,0.2,
gemma3_4b,C02,2,complex,500,steady,13.899,0.0,0.4533,0,0,0.2,Topology has issues: Connection references unknown VNF: ueransim-gnb; Connection references unknown VNF: ueransim-gnb; Connection references unknown VNF: ueransim-ue
gemma3_4b,C02,3,complex,500,steady,12.967,0.0,0.4533,0,0,0.2,Topology has issues: Connection references unknown VNF: ueransim-gnb
gemma3_4b,C02,4,complex,500,steady,15.514,0.2,0.4533,0,0,0.2,
gemma3_4b,C03,0,complex,200,fault-HA,6.953,0.0,0.0,1,0,0.2,
gemma3_4b,C03,1,complex,200,fault-HA,7.127,0.0,0.0,1,0,0.2,
gemma3_4b,C03,2,complex,200,fault-HA,7.75,0.0,0.0,1,0,0.2,
gemma3_4b,C03,3,complex,200,fault-HA,6.953,0.0,0.0,1,0,0.2,
gemma3_4b,C03,4,complex,200,fault-HA,7.59,0.0,0.0,1,0,0.2,
gemma3_4b,C04,0,complex,200,steady,7.472,0.0,0.0,1,0,0.2,Topology has issues: Connection references unknown VNF: ueransim-gnb
gemma3_4b,C04,1,complex,200,steady,7.188,0.0,0.0,1,0,0.2,
gemma3_4b,C04,2,complex,200,steady,7.493,0.0,0.0,1,0,0.2,
gemma3_4b,C04,3,complex,200,steady,7.126,0.0,0.0,1,0,0.2,
gemma3_4b,C04,4,complex,200,steady,7.107,0.0,0.0,1,0,0.2,
gemma3_4b,C05,0,complex,500,bursty-headroom,14.987,0.0,0.0,1,0,0.2,Topology has issues: Connection references unknown VNF: ueransim-gnb
gemma3_4b,C05,1,complex,500,bursty-headroom,12.136,0.0,0.0,1,0,0.2,Topology has issues: Connection references unknown VNF: ueransim-gnb
gemma3_4b,C05,2,complex,500,bursty-headroom,14.065,0.0,0.0,1,0,0.2,Topology has issues: Connection references unknown VNF: ueransim-gnb; Connection references unknown VNF: ueransim-gnb; Connection references unknown VNF: ueransim-ue
gemma3_4b,C05,3,complex,500,bursty-headroom,12.155,0.0,0.0,1,0,0.2,Topology has issues: Connection references unknown VNF: ueransim-gnb
gemma3_4b,C05,4,complex,500,bursty-headroom,12.554,0.0,0.0,1,0,0.2,Topology has issues: Connection references unknown VNF: ueransim-gnb
gemma3_4b,C06,0,complex,500,steady,11.74,0.2857,0.0,1,0,0.2,
gemma3_4b,C06,1,complex,500,steady,10.273,0.0,0.0,1,0,0.2,Topology has issues: Connection references unknown VNF: internet
gemma3_4b,C06,2,complex,500,steady,7.046,0.0,0.0,1,0,0.2,
gemma3_4b,C06,3,complex,500,steady,11.486,0.0,0.0,1,0,0.2,
gemma3_4b,C06,4,complex,500,steady,6.997,0.0,0.0,1,0,0.2,
gemma3_4b,C07,0,complex,200,fault-HA,7.182,0.0,0.0,1,0,0.2,Topology has issues: Connection references unknown VNF: ueransim-gnb
gemma3_4b,C07,1,complex,200,fault-HA,6.978,0.0,0.0,1,0,0.2,
gemma3_4b,C07,2,complex,200,fault-HA,7.221,0.0,0.0,1,0,0.2,Topology has issues: Connection references unknown VNF: ueransim-gnb
gemma3_4b,C07,3,complex,200,fault-HA,10.556,0.3333,0.0,1,0,0.2,
gemma3_4b,C07,4,complex,200,fault-HA,7.191,0.0,0.0,1,0,0.2,Topology has issues: Connection references unknown VNF: ueransim-gnb
gemma3_4b,C08,0,complex,500,steady,6.895,0.0,0.0,1,0,0.2,Topology has issues: Connection references unknown VNF: oai-udm
gemma3_4b,C08,1,complex,500,steady,7.569,0.0,0.6932,1,0,0.2,
gemma3_4b,C08,2,complex,500,steady,6.645,0.0,0.0,1,0,0.2,
gemma3_4b,C08,3,complex,500,steady,7.065,0.0,0.0,1,0,0.2,Topology has issues: Connection references unknown VNF: oai-udm
gemma3_4b,C08,4,complex,500,steady,6.727,0.0,0.0,1,0,0.2,
gemma3_4b,C09,0,complex,50,steady,7.785,0.0,0.7619,0,0,0.2,Topology has issues: Connection references unknown VNF: ueransim-gnb
gemma3_4b,C09,1,complex,50,steady,7.652,0.0,0.7619,0,0,0.2,
gemma3_4b,C09,2,complex,50,steady,7.625,0.0,0.7619,0,0,0.2,
gemma3_4b,C09,3,complex,50,steady,7.537,0.0,0.7619,0,0,0.2,
gemma3_4b,C09,4,complex,50,steady,7.791,0.0,0.7619,0,0,0.2,
gemma3_4b,N09,0,complex,200,bursty-headroom,8.297,0.0,0.8144,1,0,0.2,
gemma3_4b,N09,1,complex,200,bursty-headroom,8.392,0.0,0.8144,1,0,0.2,Topology has issues: Connection references unknown VNF: ueransim-gnb
gemma3_4b,N09,2,complex,200,bursty-headroom,8.35,0.0,0.8144,1,0,0.2,
gemma3_4b,N09,3,complex,200,bursty-headroom,8.445,0.0,0.8144,1,0,0.2,Topology has issues: Connection references unknown VNF: ueransim-gnb
gemma3_4b,N09,4,complex,200,bursty-headroom,8.344,0.0,0.8144,1,0,0.2,
gemma3_4b,N10,0,complex,200,sinusoidal-autoscale,7.049,0.0,0.8861,1,0,0.2,Topology has issues: Connection references unknown VNF: ueransim-gnb
gemma3_4b,N10,1,complex,200,sinusoidal-autoscale,7.151,0.0,0.8861,1,0,0.2,Topology has issues: Connection references unknown VNF: ueransim-gnb
gemma3_4b,N10,2,complex,200,sinusoidal-autoscale,7.166,0.0,0.8861,1,0,0.2,Topology has issues: Connection references unknown VNF: ueransim-gnb
gemma3_4b,N10,3,complex,200,sinusoidal-autoscale,7.471,0.0,0.8861,1,0,0.2,Topology has issues: Connection references unknown VNF: ueransim-gnb
gemma3_4b,N10,4,complex,200,sinusoidal-autoscale,7.113,0.0,0.8861,1,0,0.2,Topology has issues: Connection references unknown VNF: ueransim-gnb
gemma3_4b,N11,0,complex,500,sinusoidal-autoscale,8.261,0.0,0.7171,1,0,0.2,Topology has issues: Connection references unknown VNF: ueransim-gnb
gemma3_4b,N11,1,complex,500,sinusoidal-autoscale,11.915,0.0,0.7871,1,0,0.2,Topology has issues: Connection references unknown VNF: ueransim-gnb
gemma3_4b,N11,2,complex,500,sinusoidal-autoscale,8.879,0.0,0.7171,1,0,0.2,Topology has issues: Connection references unknown VNF: internet
gemma3_4b,N11,3,complex,500,sinusoidal-autoscale,11.766,0.0,0.7871,1,0,0.2,Topology has issues: Connection references unknown VNF: ueransim-gnb
gemma3_4b,N11,4,complex,500,sinusoidal-autoscale,11.868,0.0,0.7871,1,0,0.2,Topology has issues: Connection references unknown VNF: ueransim-gnb
qwen25_14b,S01,0,simple,50,steady,23.304,0.0,0.9086,0,0,0.2,
qwen25_14b,S01,1,simple,50,steady,19.315,0.0,0.926,0,0,0.2,
qwen25_14b,S01,2,simple,50,steady,19.404,0.0,0.926,0,0,0.2,
qwen25_14b,S01,3,simple,50,steady,19.673,0.0,0.926,0,0,0.2,
qwen25_14b,S01,4,simple,50,steady,19.681,0.0,0.926,0,0,0.2,
qwen25_14b,S02,0,simple,200,steady,19.242,0.0,0.9926,0,0,0.2,
qwen25_14b,S02,1,simple,200,steady,19.819,0.0,0.9926,0,0,0.2,
qwen25_14b,S02,2,simple,200,steady,19.788,0.0,0.9926,0,0,0.2,
qwen25_14b,S02,3,simple,200,steady,19.176,0.0,0.9926,0,0,0.2,
qwen25_14b,S02,4,simple,200,steady,19.201,0.0,0.9926,0,0,0.2,
qwen25_14b,S03,0,simple,50,steady,18.565,0.0,0.8646,0,0,0.2,
qwen25_14b,S03,1,simple,50,steady,19.087,0.0,0.8646,0,0,0.2,
qwen25_14b,S03,2,simple,50,steady,19.731,0.0,0.8646,0,0,0.2,
qwen25_14b,S03,3,simple,50,steady,19.31,0.0,0.8646,0,0,0.2,
qwen25_14b,S03,4,simple,50,steady,17.557,0.0,0.8472,0,0,0.2,
qwen25_14b,S04,0,simple,50,steady,19.393,0.0,0.926,0,0,0.2,
qwen25_14b,S04,1,simple,50,steady,19.351,0.0,0.926,0,0,0.2,
qwen25_14b,S04,2,simple,50,steady,19.231,0.0,0.926,0,0,0.2,
qwen25_14b,S04,3,simple,50,steady,19.819,0.0,0.926,0,0,0.2,
qwen25_14b,S04,4,simple,50,steady,19.43,0.0,0.926,0,0,0.2,
qwen25_14b,S05,0,simple,200,steady,17.835,0.0,0.9159,0,0,0.2,
qwen25_14b,S05,1,simple,200,steady,19.702,0.0,0.9238,0,0,0.2,
qwen25_14b,S05,2,simple,200,steady,19.462,0.0,0.9238,0,0,0.2,
qwen25_14b,S05,3,simple,200,steady,19.597,0.0,0.9238,0,0,0.2,
qwen25_14b,S05,4,simple,200,steady,19.93,0.0,0.9238,0,0,0.2,
qwen25_14b,S06,0,simple,50,steady,7.675,0.0,0.9327,1,0,0.2,
qwen25_14b,S06,1,simple,50,steady,7.873,0.0,0.9327,1,0,0.2,
qwen25_14b,S06,2,simple,50,steady,7.86,0.0,0.9327,1,0,0.2,
qwen25_14b,S06,3,simple,50,steady,7.617,0.0,0.9327,1,0,0.2,
qwen25_14b,S06,4,simple,50,steady,8.0,0.0,0.9327,1,0,0.2,
qwen25_14b,N01,0,simple,500,steady,19.315,0.0,0.8041,0,0,0.2,
qwen25_14b,N01,1,simple,500,steady,19.906,0.0,0.8041,0,0,0.2,
qwen25_14b,N01,2,simple,500,steady,20.011,0.0,0.8041,0,0,0.2,
qwen25_14b,N01,3,simple,500,steady,18.852,0.0,0.8041,0,0,0.2,
qwen25_14b,N01,4,simple,500,steady,19.532,0.0,0.8041,0,0,0.2,
qwen25_14b,M01,0,medium,500,steady,19.659,0.0,0.9927,0,0,0.2,
qwen25_14b,M01,1,medium,500,steady,19.824,0.0,0.9927,0,0,0.2,
qwen25_14b,M01,2,medium,500,steady,19.65,0.0,0.9927,0,0,0.2,
qwen25_14b,M01,3,medium,500,steady,19.609,0.0,0.9927,0,0,0.2,
qwen25_14b,M01,4,medium,500,steady,19.538,0.0,0.9927,0,0,0.2,
qwen25_14b,M02,0,medium,200,steady,18.49,0.0,0.9646,0,0,0.2,
qwen25_14b,M02,1,medium,200,steady,17.957,0.0,0.9646,0,0,0.2,
qwen25_14b,M02,2,medium,200,steady,20.701,0.0,0.9686,0,0,0.2,
qwen25_14b,M02,3,medium,200,steady,20.871,0.0,0.9686,0,0,0.2,
qwen25_14b,M02,4,medium,200,steady,20.583,0.0,0.9686,0,0,0.2,
qwen25_14b,M03,0,medium,500,fault-HA,21.625,0.0,0.7038,0,0,0.2,
qwen25_14b,M03,1,medium,500,fault-HA,21.303,0.0,0.7038,0,0,0.2,
qwen25_14b,M03,2,medium,500,fault-HA,21.168,0.0,0.6978,0,0,0.2,
qwen25_14b,M03,3,medium,500,fault-HA,21.814,0.0,0.7038,0,0,0.2,
qwen25_14b,M03,4,medium,500,fault-HA,21.182,0.0,0.6978,0,0,0.2,
qwen25_14b,M04,0,medium,500,steady,21.265,0.0,0.5684,0,0,0.2,
qwen25_14b,M04,1,medium,500,steady,21.67,0.0,0.5684,0,0,0.2,
qwen25_14b,M04,2,medium,500,steady,20.442,0.0,0.5684,0,0,0.2,
qwen25_14b,M04,3,medium,500,steady,13.685,0.0,0.4995,0,0,0.2,
qwen25_14b,M04,4,medium,500,steady,12.501,0.0,0.4995,0,0,0.2,
qwen25_14b,M05,0,medium,500,steady,19.179,0.0,0.5042,0,0,0.2,
qwen25_14b,M05,1,medium,500,steady,19.496,0.0,0.5042,0,0,0.2,
qwen25_14b,M05,2,medium,500,steady,19.4,0.0,0.5042,0,0,0.2,
qwen25_14b,M05,3,medium,500,steady,19.16,0.0,0.5042,0,0,0.2,
qwen25_14b,M05,4,medium,500,steady,19.012,0.0,0.5042,0,0,0.2,
qwen25_14b,M06,0,medium,200,fault-HA,14.608,0.0,0.7261,0,0,0.2,
qwen25_14b,M06,1,medium,200,fault-HA,19.43,0.0,0.7086,1,0,0.2,
qwen25_14b,M06,2,medium,200,fault-HA,14.489,0.0,0.7261,1,0,0.2,
qwen25_14b,M06,3,medium,200,fault-HA,14.688,0.0,0.7261,0,0,0.2,
qwen25_14b,M06,4,medium,200,fault-HA,13.068,0.0,0.7301,0,0,0.2,
qwen25_14b,M07,0,medium,200,steady,12.295,0.0,0.9106,1,0,0.2,
qwen25_14b,M07,1,medium,200,steady,14.56,0.0,0.9278,0,0,0.2,
qwen25_14b,M07,2,medium,200,steady,18.654,0.0,0.9381,0,0,0.2,
qwen25_14b,M07,3,medium,200,steady,11.922,0.0,0.9106,1,0,0.2,
qwen25_14b,M07,4,medium,200,steady,19.084,0.0,0.9443,0,0,0.2,
qwen25_14b,M08,0,medium,500,bursty-headroom,20.113,0.0,0.3916,0,0,0.2,
qwen25_14b,M08,1,medium,500,bursty-headroom,20.576,0.0,0.3916,0,0,0.2,
qwen25_14b,M08,2,medium,500,bursty-headroom,20.952,0.0,0.3916,0,0,0.2,
qwen25_14b,M08,3,medium,500,bursty-headroom,20.055,0.0,0.3916,0,0,0.2,
qwen25_14b,M08,4,medium,500,bursty-headroom,20.998,0.0,0.3916,0,0,0.2,
qwen25_14b,M09,0,medium,200,steady,16.635,0.0,0.9332,0,0,0.2,
qwen25_14b,M09,1,medium,200,steady,19.756,0.0,0.9474,0,0,0.2,
qwen25_14b,M09,2,medium,200,steady,17.514,0.0,0.9429,0,0,0.2,
qwen25_14b,M09,3,medium,200,steady,17.777,0.0,0.9429,0,0,0.2,
qwen25_14b,M09,4,medium,200,steady,13.154,0.0,0.9334,0,0,0.2,
qwen25_14b,M10,0,medium,200,steady,21.76,0.0,0.872,0,0,0.2,
qwen25_14b,M10,1,medium,200,steady,20.104,0.0,0.872,0,0,0.2,
qwen25_14b,M10,2,medium,200,steady,21.274,0.0,0.872,0,0,0.2,
qwen25_14b,M10,3,medium,200,steady,22.725,0.0,0.872,0,0,0.2,
qwen25_14b,M10,4,medium,200,steady,21.754,0.0,0.872,0,0,0.2,
qwen25_14b,N02,0,medium,50,steady,23.148,0.2,0.8999,0,0,0.2,
qwen25_14b,N02,1,medium,50,steady,24.08,0.2,0.8999,0,0,0.2,
qwen25_14b,N02,2,medium,50,steady,23.873,0.2,0.8999,0,0,0.2,
qwen25_14b,N02,3,medium,50,steady,20.593,0.1111,0.8999,0,0,0.2,
qwen25_14b,N02,4,medium,50,steady,19.189,0.0,0.8999,0,0,0.2,
qwen25_14b,N03,0,medium,200,bursty-headroom,20.117,0.0,0.9153,0,0,0.2,
qwen25_14b,N03,1,medium,200,bursty-headroom,17.539,0.0,0.9062,0,0,0.2,
qwen25_14b,N03,2,medium,200,bursty-headroom,19.884,0.0,0.9153,0,0,0.2,
qwen25_14b,N03,3,medium,200,bursty-headroom,20.303,0.0,0.9153,0,0,0.2,
qwen25_14b,N03,4,medium,200,bursty-headroom,18.192,0.0,0.9062,0,0,0.2,
qwen25_14b,N04,0,medium,500,sinusoidal-autoscale,21.123,0.0,0.7956,0,0,0.2,
qwen25_14b,N04,1,medium,500,sinusoidal-autoscale,21.602,0.0,0.7956,0,0,0.2,
qwen25_14b,N04,2,medium,500,sinusoidal-autoscale,19.748,0.0,0.7956,0,0,0.2,Topology has issues: Connection references unknown VNF: internet
qwen25_14b,N04,3,medium,500,sinusoidal-autoscale,20.935,0.0,0.7956,0,0,0.2,
qwen25_14b,N04,4,medium,500,sinusoidal-autoscale,20.578,0.0,0.7956,0,0,0.2,
qwen25_14b,N05,0,medium,200,sinusoidal-autoscale,20.598,0.0,0.9389,0,0,0.2,
qwen25_14b,N05,1,medium,200,sinusoidal-autoscale,21.64,0.0,0.9389,0,0,0.2,
qwen25_14b,N05,2,medium,200,sinusoidal-autoscale,20.666,0.0,0.9389,0,0,0.2,
qwen25_14b,N05,3,medium,200,sinusoidal-autoscale,20.664,0.0,0.9389,0,0,0.2,
qwen25_14b,N05,4,medium,200,sinusoidal-autoscale,19.269,0.0,0.9332,0,0,0.2,
qwen25_14b,N06,0,medium,50,fault-HA,19.711,0.0,0.7062,1,0,0.2,
qwen25_14b,N06,1,medium,50,fault-HA,17.315,0.0,0.7113,1,0,0.2,
qwen25_14b,N06,2,medium,50,fault-HA,20.345,0.0,0.7062,1,0,0.2,
qwen25_14b,N06,3,medium,50,fault-HA,20.95,0.0,0.7062,1,0,0.2,
qwen25_14b,N06,4,medium,50,fault-HA,20.812,0.0,0.7062,1,0,0.2,
qwen25_14b,N07,0,medium,500,bursty-headroom,20.811,0.0,0.8036,0,0,0.2,
qwen25_14b,N07,1,medium,500,bursty-headroom,20.423,0.0,0.8036,0,0,0.2,
qwen25_14b,N07,2,medium,500,bursty-headroom,20.106,0.0,0.8036,0,0,0.2,
qwen25_14b,N07,3,medium,500,bursty-headroom,20.348,0.0,0.8036,0,0,0.2,
qwen25_14b,N07,4,medium,500,bursty-headroom,20.42,0.0,0.8036,0,0,0.2,
qwen25_14b,N08,0,medium,200,fault-HA,20.698,0.0,0.6203,0,0,0.2,
qwen25_14b,N08,1,medium,200,fault-HA,20.473,0.0,0.6203,0,0,0.2,
qwen25_14b,N08,2,medium,200,fault-HA,20.306,0.0,0.6203,0,0,0.2,
qwen25_14b,N08,3,medium,200,fault-HA,20.349,0.0,0.6203,0,0,0.2,
qwen25_14b,N08,4,medium,200,fault-HA,20.764,0.0,0.6203,0,0,0.2,
qwen25_14b,C01,0,complex,500,fault-HA,18.607,0.0,0.5198,1,0,0.2,
qwen25_14b,C01,1,complex,500,fault-HA,18.286,0.0,0.5198,1,0,0.2,
qwen25_14b,C01,2,complex,500,fault-HA,20.621,0.0,0.5267,0,0,0.2,
qwen25_14b,C01,3,complex,500,fault-HA,12.412,0.0,0.4919,1,0,0.2,
qwen25_14b,C01,4,complex,500,fault-HA,14.862,0.0,0.5183,1,0,0.2,
qwen25_14b,C02,0,complex,500,steady,19.595,0.0,0.4533,0,0,0.2,
qwen25_14b,C02,1,complex,500,steady,21.024,0.0,0.4455,1,0,0.2,
qwen25_14b,C02,2,complex,500,steady,21.089,0.0,0.4533,0,0,0.2,
qwen25_14b,C02,3,complex,500,steady,20.972,0.0,0.4533,0,0,0.2,
qwen25_14b,C02,4,complex,500,steady,21.781,0.0,0.4533,0,0,0.2,
qwen25_14b,C03,0,complex,200,fault-HA,15.201,0.0,0.5801,1,0,0.2,
qwen25_14b,C03,1,complex,200,fault-HA,14.853,0.0,0.5801,1,0,0.2,
qwen25_14b,C03,2,complex,200,fault-HA,13.134,0.0,0.5691,1,0,0.2,
qwen25_14b,C03,3,complex,200,fault-HA,13.39,0.0,0.5691,1,0,0.2,
qwen25_14b,C03,4,complex,200,fault-HA,13.741,0.0,0.5691,1,0,0.2,
qwen25_14b,C04,0,complex,200,steady,18.992,0.0,0.9297,1,0,0.2,
qwen25_14b,C04,1,complex,200,steady,12.523,0.0,0.9106,1,0,0.2,
qwen25_14b,C04,2,complex,200,steady,21.229,0.0,0.9369,1,0,0.2,
qwen25_14b,C04,3,complex,200,steady,13.258,0.0,0.9106,1,0,0.2,
qwen25_14b,C04,4,complex,200,steady,13.087,0.0,0.9106,1,0,0.2,
qwen25_14b,C05,0,complex,500,bursty-headroom,19.36,0.0,0.4032,0,0,0.2,
qwen25_14b,C05,1,complex,500,bursty-headroom,20.556,0.0,0.3597,0,0,0.2,
qwen25_14b,C05,2,complex,500,bursty-headroom,21.199,0.0,0.3597,0,0,0.2,
qwen25_14b,C05,3,complex,500,bursty-headroom,20.811,0.0,0.3597,0,0,0.2,
qwen25_14b,C05,4,complex,500,bursty-headroom,20.403,0.0,0.3671,0,0,0.2,
qwen25_14b,C06,0,complex,500,steady,22.208,0.0,0.6428,0,0,0.2,
qwen25_14b,C06,1,complex,500,steady,19.618,0.0,0.6428,0,0,0.2,
qwen25_14b,C06,2,complex,500,steady,19.459,0.0,0.6619,0,0,0.2,
qwen25_14b,C06,3,complex,500,steady,20.265,0.0,0.6428,0,0,0.2,
qwen25_14b,C06,4,complex,500,steady,21.817,0.0,0.6428,0,0,0.2,
qwen25_14b,C07,0,complex,200,fault-HA,14.979,0.2,0.592,1,0,0.2,
qwen25_14b,C07,1,complex,200,fault-HA,17.125,0.3333,0.592,1,0,0.2,
qwen25_14b,C07,2,complex,200,fault-HA,14.905,0.2,0.592,1,0,0.2,
qwen25_14b,C07,3,complex,200,fault-HA,14.628,0.2,0.592,1,0,0.2,
qwen25_14b,C07,4,complex,200,fault-HA,14.937,0.2,0.592,1,0,0.2,
qwen25_14b,C08,0,complex,500,steady,14.597,0.0,0.6932,1,0,0.2,
qwen25_14b,C08,1,complex,500,steady,12.93,0.0,0.6932,1,0,0.2,
qwen25_14b,C08,2,complex,500,steady,13.383,0.0,0.6932,1,0,0.2,
qwen25_14b,C08,3,complex,500,steady,20.684,0.0,0.7187,0,0,0.2,
qwen25_14b,C08,4,complex,500,steady,13.249,0.0,0.6932,1,0,0.2,
qwen25_14b,C09,0,complex,50,steady,11.12,0.0,0.7619,0,0,0.2,
qwen25_14b,C09,1,complex,50,steady,12.187,0.0,0.7619,0,0,0.2,
qwen25_14b,C09,2,complex,50,steady,11.695,0.0,0.7619,0,0,0.2,
qwen25_14b,C09,3,complex,50,steady,12.526,0.0,0.7619,0,0,0.2,
qwen25_14b,C09,4,complex,50,steady,11.974,0.0,0.7619,0,0,0.2,
qwen25_14b,N09,0,complex,200,bursty-headroom,20.24,0.0,0.8875,0,0,0.2,
qwen25_14b,N09,1,complex,200,bursty-headroom,20.362,0.0,0.8875,0,0,0.2,
qwen25_14b,N09,2,complex,200,bursty-headroom,20.398,0.0,0.8875,0,0,0.2,
qwen25_14b,N09,3,complex,200,bursty-headroom,20.286,0.0,0.8875,0,0,0.2,
qwen25_14b,N09,4,complex,200,bursty-headroom,21.233,0.0,0.8875,0,0,0.2,
qwen25_14b,N10,0,complex,200,sinusoidal-autoscale,21.172,0.0,0.9234,0,0,0.2,
qwen25_14b,N10,1,complex,200,sinusoidal-autoscale,20.535,0.0,0.9234,0,0,0.2,
qwen25_14b,N10,2,complex,200,sinusoidal-autoscale,21.039,0.0,0.9234,0,0,0.2,
qwen25_14b,N10,3,complex,200,sinusoidal-autoscale,20.703,0.0,0.9234,0,0,0.2,
qwen25_14b,N10,4,complex,200,sinusoidal-autoscale,20.882,0.0,0.9234,0,0,0.2,
qwen25_14b,N11,0,complex,500,sinusoidal-autoscale,20.656,0.0,0.7949,0,0,0.2,
qwen25_14b,N11,1,complex,500,sinusoidal-autoscale,20.084,0.0,0.7949,0,0,0.2,
qwen25_14b,N11,2,complex,500,sinusoidal-autoscale,20.854,0.0,0.7949,0,0,0.2,
qwen25_14b,N11,3,complex,500,sinusoidal-autoscale,20.696,0.0,0.7949,0,0,0.2,
qwen25_14b,N11,4,complex,500,sinusoidal-autoscale,20.57,0.0,0.7949,0,0,0.2,
mistral22b,S01,0,simple,50,steady,31.974,0.0,0.926,0,0,0.2,
mistral22b,S01,1,simple,50,steady,32.458,0.0,0.9086,0,0,0.2,
mistral22b,S01,2,simple,50,steady,33.034,0.0,0.9086,0,0,0.2,
mistral22b,S01,3,simple,50,steady,31.075,0.0,0.9086,0,0,0.2,
mistral22b,S01,4,simple,50,steady,32.785,0.0,0.9086,0,0,0.2,
mistral22b,S02,0,simple,200,steady,38.134,0.2,0.9752,0,0,0.2,
mistral22b,S02,1,simple,200,steady,37.685,0.2,0.9752,0,0,0.2,
mistral22b,S02,2,simple,200,steady,35.23,0.2,0.9752,0,0,0.2,
mistral22b,S02,3,simple,200,steady,38.853,0.2,0.9752,0,0,0.2,
mistral22b,S02,4,simple,200,steady,34.745,0.2,0.9752,0,0,0.2,
mistral22b,S03,0,simple,50,steady,29.69,0.2222,0.8472,0,0,0.2,
mistral22b,S03,1,simple,50,steady,31.026,0.2,0.8646,0,0,0.2,
mistral22b,S03,2,simple,50,steady,32.937,0.2,0.8646,0,0,0.2,
mistral22b,S03,3,simple,50,steady,33.573,0.2,0.8646,0,0,0.2,
mistral22b,S03,4,simple,50,steady,31.392,0.2,0.8646,0,0,0.2,
mistral22b,S04,0,simple,50,steady,32.648,0.2,0.926,0,0,0.2,
mistral22b,S04,1,simple,50,steady,32.829,0.2,0.926,0,0,0.2,
mistral22b,S04,2,simple,50,steady,31.947,0.2222,0.9167,0,0,0.2,
mistral22b,S04,3,simple,50,steady,33.009,0.2,0.926,0,0,0.2,
mistral22b,S04,4,simple,50,steady,31.161,0.2222,0.9167,0,0,0.2,
mistral22b,S05,0,simple,200,steady,33.504,0.2,0.9238,0,0,0.2,
mistral22b,S05,1,simple,200,steady,33.376,0.2,0.9238,0,0,0.2,
mistral22b,S05,2,simple,200,steady,33.931,0.2,0.9238,0,0,0.2,
mistral22b,S05,3,simple,200,steady,32.683,0.2,0.9238,0,0,0.2,
mistral22b,S05,4,simple,200,steady,33.054,0.2,0.9238,0,0,0.2,
mistral22b,S06,0,simple,50,steady,11.609,0.0,0.9327,1,0,0.2,
mistral22b,S06,1,simple,50,steady,11.823,0.0,0.9327,1,0,0.2,
mistral22b,S06,2,simple,50,steady,12.244,0.0,0.9327,1,0,0.2,
mistral22b,S06,3,simple,50,steady,11.51,0.0,0.9327,1,0,0.2,
mistral22b,S06,4,simple,50,steady,11.487,0.0,0.9327,1,0,0.2,
mistral22b,N01,0,simple,500,steady,27.565,0.0,0.8041,0,0,0.2,
mistral22b,N01,1,simple,500,steady,27.653,0.0,0.8041,0,0,0.2,
mistral22b,N01,2,simple,500,steady,29.026,0.0,0.8041,0,0,0.2,
mistral22b,N01,3,simple,500,steady,27.322,0.0,0.8041,0,0,0.2,
mistral22b,N01,4,simple,500,steady,27.887,0.0,0.8041,0,0,0.2,
mistral22b,M01,0,medium,500,steady,33.549,0.2,0.9927,0,0,0.2,
mistral22b,M01,1,medium,500,steady,32.52,0.2,0.9927,0,0,0.2,
mistral22b,M01,2,medium,500,steady,32.683,0.2,0.9927,0,0,0.2,
mistral22b,M01,3,medium,500,steady,31.878,0.2222,0.9921,0,0,0.2,
mistral22b,M01,4,medium,500,steady,33.303,0.2,0.9927,0,0,0.2,
mistral22b,M02,0,medium,200,steady,31.028,0.2222,0.9646,0,0,0.2,
mistral22b,M02,1,medium,200,steady,31.882,0.2222,0.9646,0,0,0.2,
mistral22b,M02,2,medium,200,steady,29.114,0.25,0.9593,1,0,0.2,
mistral22b,M02,3,medium,200,steady,34.353,0.2,0.9686,0,0,0.2,
mistral22b,M02,4,medium,200,steady,29.649,0.2222,0.9646,0,0,0.2,
mistral22b,M03,0,medium,500,fault-HA,38.01,0.2,0.7038,0,0,0.2,
mistral22b,M03,1,medium,500,fault-HA,36.225,0.2,0.7038,0,0,0.2,
mistral22b,M03,2,medium,500,fault-HA,38.379,0.2,0.7038,0,0,0.2,
mistral22b,M03,3,medium,500,fault-HA,28.972,0.0,0.7092,0,0,0.2,
mistral22b,M03,4,medium,500,fault-HA,38.117,0.2,0.7038,0,0,0.2,
mistral22b,M04,0,medium,500,steady,34.591,0.2,0.5684,0,0,0.2,
mistral22b,M04,1,medium,500,steady,34.91,0.2,0.5684,0,0,0.2,
mistral22b,M04,2,medium,500,steady,34.952,0.2,0.5684,0,0,0.2,
mistral22b,M04,3,medium,500,steady,33.671,0.2,0.5684,0,0,0.2,
mistral22b,M04,4,medium,500,steady,35.407,0.2,0.5684,0,0,0.2,
mistral22b,M05,0,medium,500,steady,34.085,0.2,0.4957,0,0,0.2,
mistral22b,M05,1,medium,500,steady,33.362,0.2,0.5042,0,0,0.2,
mistral22b,M05,2,medium,500,steady,32.421,0.2,0.5042,0,0,0.2,
mistral22b,M05,3,medium,500,steady,38.071,0.2,0.4957,0,0,0.2,
mistral22b,M05,4,medium,500,steady,35.402,0.2,0.4957,0,0,0.2,
mistral22b,M06,0,medium,200,fault-HA,24.516,0.3333,0.7301,1,0,0.2,
mistral22b,M06,1,medium,200,fault-HA,32.126,0.2222,0.7022,1,0,0.2,
mistral22b,M06,2,medium,200,fault-HA,33.865,0.2,0.6976,1,0,0.2,
mistral22b,M06,3,medium,200,fault-HA,34.253,0.2,0.6976,1,0,0.2,
mistral22b,M06,4,medium,200,fault-HA,31.394,0.25,0.7084,1,0,0.2,
mistral22b,M07,0,medium,200,steady,31.96,0.1111,0.9443,0,0,0.2,
mistral22b,M07,1,medium,200,steady,35.494,0.2,0.9443,0,0,0.2,
mistral22b,M07,2,medium,200,steady,34.007,0.1111,0.9443,0,0,0.2,
mistral22b,M07,3,medium,200,steady,35.757,0.2,0.9443,0,0,0.2,
mistral22b,M07,4,medium,200,steady,35.747,0.2,0.9443,0,0,0.2,
mistral22b,M08,0,medium,500,bursty-headroom,35.974,0.2,0.3916,0,0,0.2,
mistral22b,M08,1,medium,500,bursty-headroom,38.176,0.2,0.3916,0,0,0.2,
mistral22b,M08,2,medium,500,bursty-headroom,34.775,0.2,0.3916,0,0,0.2,
mistral22b,M08,3,medium,500,bursty-headroom,35.376,0.2,0.3916,0,0,0.2,
mistral22b,M08,4,medium,500,bursty-headroom,35.301,0.2,0.3916,0,0,0.2,
mistral22b,M09,0,medium,200,steady,30.867,0.2222,0.9429,0,0,0.2,
mistral22b,M09,1,medium,200,steady,37.039,0.2,0.9389,0,0,0.2,
mistral22b,M09,2,medium,200,steady,33.971,0.2222,0.9332,0,0,0.2,
mistral22b,M09,3,medium,200,steady,34.67,0.2,0.9474,0,0,0.2,
mistral22b,M09,4,medium,200,steady,31.027,0.2222,0.9429,0,0,0.2,
mistral22b,M10,0,medium,200,steady,35.34,0.2,0.872,0,0,0.2,
mistral22b,M10,1,medium,200,steady,38.875,0.2,0.872,0,0,0.2,
mistral22b,M10,2,medium,200,steady,38.519,0.2,0.872,0,0,0.2,
mistral22b,M10,3,medium,200,steady,37.662,0.2,0.872,0,0,0.2,
mistral22b,M10,4,medium,200,steady,38.381,0.2,0.872,0,0,0.2,
mistral22b,N02,0,medium,50,steady,33.055,0.2,0.8999,0,0,0.2,
mistral22b,N02,1,medium,50,steady,34.454,0.2,0.8999,0,0,0.2,
mistral22b,N02,2,medium,50,steady,32.172,0.2,0.8999,0,0,0.2,
mistral22b,N02,3,medium,50,steady,30.562,0.2222,0.8869,0,0,0.2,
mistral22b,N02,4,medium,50,steady,31.979,0.2,0.8999,0,0,0.2,
mistral22b,N03,0,medium,200,bursty-headroom,37.06,0.2,0.9064,0,0,0.2,
mistral22b,N03,1,medium,200,bursty-headroom,29.813,0.25,0.9019,0,0,0.2,
mistral22b,N03,2,medium,200,bursty-headroom,37.867,0.2,0.9064,0,0,0.2,
mistral22b,N03,3,medium,200,bursty-headroom,26.411,0.25,0.9019,0,0,0.2,
mistral22b,N03,4,medium,200,bursty-headroom,35.873,0.2,0.9153,0,0,0.2,
mistral22b,N04,0,medium,500,sinusoidal-autoscale,29.891,0.25,0.7513,0,0,0.2,
mistral22b,N04,1,medium,500,sinusoidal-autoscale,37.262,0.2,0.7956,0,0,0.2,
mistral22b,N04,2,medium,500,sinusoidal-autoscale,35.912,0.2,0.7956,0,0,0.2,
mistral22b,N04,3,medium,500,sinusoidal-autoscale,36.454,0.2,0.7956,0,0,0.2,
mistral22b,N04,4,medium,500,sinusoidal-autoscale,37.283,0.2,0.7956,0,0,0.2,
mistral22b,N05,0,medium,200,sinusoidal-autoscale,34.866,0.2,0.9389,0,0,0.2,
mistral22b,N05,1,medium,200,sinusoidal-autoscale,26.684,0.1429,0.9334,0,0,0.2,
mistral22b,N05,2,medium,200,sinusoidal-autoscale,36.023,0.2,0.93,0,0,0.2,
mistral22b,N05,3,medium,200,sinusoidal-autoscale,37.048,0.2,0.93,0,0,0.2,
mistral22b,N05,4,medium,200,sinusoidal-autoscale,34.759,0.2,0.9389,0,0,0.2,
mistral22b,N06,0,medium,50,fault-HA,30.194,0.125,0.7113,1,0,0.2,
mistral22b,N06,1,medium,50,fault-HA,27.946,0.1429,0.7258,1,0,0.2,
mistral22b,N06,2,medium,50,fault-HA,29.268,0.125,0.7113,1,0,0.2,
mistral22b,N06,3,medium,50,fault-HA,34.008,0.1111,0.7062,1,0,0.2,
mistral22b,N06,4,medium,50,fault-HA,28.859,0.1429,0.7258,1,0,0.2,
mistral22b,N07,0,medium,500,bursty-headroom,37.258,0.2,0.8036,0,0,0.2,
mistral22b,N07,1,medium,500,bursty-headroom,37.386,0.2,0.8036,0,0,0.2,
mistral22b,N07,2,medium,500,bursty-headroom,35.876,0.2,0.8036,0,0,0.2,
mistral22b,N07,3,medium,500,bursty-headroom,36.918,0.2,0.8036,0,0,0.2,
mistral22b,N07,4,medium,500,bursty-headroom,33.563,0.2222,0.7864,0,0,0.2,
mistral22b,N08,0,medium,200,fault-HA,35.102,0.2,0.6147,0,0,0.2,
mistral22b,N08,1,medium,200,fault-HA,32.389,0.2,0.6147,0,0,0.2,
mistral22b,N08,2,medium,200,fault-HA,35.532,0.2,0.6203,0,0,0.2,
mistral22b,N08,3,medium,200,fault-HA,28.865,0.25,0.6001,0,0,0.2,
mistral22b,N08,4,medium,200,fault-HA,29.95,0.25,0.6001,0,0,0.2,
mistral22b,C01,0,complex,500,fault-HA,36.264,0.2,0.5372,0,0,0.2,
mistral22b,C01,1,complex,500,fault-HA,38.302,0.2,0.5372,0,0,0.2,
mistral22b,C01,2,complex,500,fault-HA,36.214,0.2,0.5372,0,0,0.2,
mistral22b,C01,3,complex,500,fault-HA,38.237,0.2,0.5372,0,0,0.2,
mistral22b,C01,4,complex,500,fault-HA,37.163,0.2,0.5372,0,0,0.2,
mistral22b,C02,0,complex,500,steady,39.928,0.2,0.4459,0,0,0.2,
mistral22b,C02,1,complex,500,steady,42.355,0.2,0.4459,0,0,0.2,Topology has issues: Connection references unknown VNF: internet; Connection references unknown VNF: ims; Connection references unknown VNF: private_network
mistral22b,C02,2,complex,500,steady,38.842,0.2,0.4459,0,0,0.2,
mistral22b,C02,3,complex,500,steady,42.319,0.2,0.4459,0,0,0.2,
mistral22b,C02,4,complex,500,steady,39.101,0.2,0.4459,0,0,0.2,
mistral22b,C03,0,complex,200,fault-HA,23.683,0.3333,0.5691,1,0,0.2,
mistral22b,C03,1,complex,200,fault-HA,34.929,0.2,0.5924,1,0,0.2,
mistral22b,C03,2,complex,200,fault-HA,35.37,0.2,0.5924,1,0,0.2,
mistral22b,C03,3,complex,200,fault-HA,34.327,0.2,0.5924,1,0,0.2,
mistral22b,C03,4,complex,200,fault-HA,34.097,0.2,0.5924,1,0,0.2,
mistral22b,C04,0,complex,200,steady,34.899,0.1111,0.9447,0,0,0.2,
mistral22b,C04,1,complex,200,steady,35.718,0.1111,0.9447,0,0,0.2,
mistral22b,C04,2,complex,200,steady,29.033,0.1429,0.9284,1,0,0.2,
mistral22b,C04,3,complex,200,steady,29.354,0.1429,0.9284,1,0,0.2,
mistral22b,C04,4,complex,200,steady,29.731,0.1429,0.9284,1,0,0.2,
mistral22b,C05,0,complex,500,bursty-headroom,37.851,0.2,0.3597,0,0,0.2,
mistral22b,C05,1,complex,500,bursty-headroom,36.933,0.2,0.3597,0,0,0.2,
mistral22b,C05,2,complex,500,bursty-headroom,37.315,0.2,0.3597,0,0,0.2,
mistral22b,C05,3,complex,500,bursty-headroom,35.726,0.1111,0.3597,0,0,0.2,
mistral22b,C05,4,complex,500,bursty-headroom,37.819,0.2,0.3597,0,0,0.2,
mistral22b,C06,0,complex,500,steady,36.179,0.2,0.6428,0,0,0.2,
mistral22b,C06,1,complex,500,steady,36.771,0.2,0.6427,0,0,0.2,
mistral22b,C06,2,complex,500,steady,36.747,0.2,0.6428,0,0,0.2,
mistral22b,C06,3,complex,500,steady,36.621,0.2222,0.6619,0,0,0.2,
mistral22b,C06,4,complex,500,steady,35.933,0.2222,0.6619,0,0,0.2,
mistral22b,C07,0,complex,200,fault-HA,38.025,0.2,0.6341,0,0,0.2,
mistral22b,C07,1,complex,200,fault-HA,36.312,0.2,0.6286,0,0,0.2,
mistral22b,C07,2,complex,200,fault-HA,37.038,0.2,0.6341,0,0,0.2,
mistral22b,C07,3,complex,200,fault-HA,35.623,0.2,0.6286,0,0,0.2,
mistral22b,C07,4,complex,200,fault-HA,34.506,0.2,0.6286,0,0,0.2,
mistral22b,C08,0,complex,500,steady,38.573,0.2,0.7261,0,0,0.2,
mistral22b,C08,1,complex,500,steady,36.337,0.2222,0.7106,0,0,0.2,
mistral22b,C08,2,complex,500,steady,36.894,0.2222,0.7106,0,0,0.2,
mistral22b,C08,3,complex,500,steady,37.853,0.2,0.7261,0,0,0.2,
mistral22b,C08,4,complex,500,steady,36.01,0.2222,0.7106,0,0,0.2,
mistral22b,C09,0,complex,50,steady,21.608,0.2,0.7619,0,0,0.2,
mistral22b,C09,1,complex,50,steady,20.591,0.2,0.7619,0,0,0.2,
mistral22b,C09,2,complex,50,steady,20.566,0.2,0.7619,0,0,0.2,
mistral22b,C09,3,complex,50,steady,20.2,0.2,0.7619,0,0,0.2,
mistral22b,C09,4,complex,50,steady,20.504,0.2,0.7619,0,0,0.2,
mistral22b,N09,0,complex,200,bursty-headroom,36.931,0.2,0.8875,0,0,0.2,
mistral22b,N09,1,complex,200,bursty-headroom,35.701,0.2,0.8875,0,0,0.2,
mistral22b,N09,2,complex,200,bursty-headroom,38.116,0.2,0.8875,0,0,0.2,
mistral22b,N09,3,complex,200,bursty-headroom,37.334,0.2,0.8875,0,0,0.2,
mistral22b,N09,4,complex,200,bursty-headroom,38.806,0.2,0.8875,0,0,0.2,
mistral22b,N10,0,complex,200,sinusoidal-autoscale,35.942,0.2,0.9234,0,0,0.2,
mistral22b,N10,1,complex,200,sinusoidal-autoscale,34.745,0.2,0.9234,0,0,0.2,
mistral22b,N10,2,complex,200,sinusoidal-autoscale,36.346,0.2,0.9234,0,0,0.2,
mistral22b,N10,3,complex,200,sinusoidal-autoscale,34.805,0.2,0.9234,0,0,0.2,
mistral22b,N10,4,complex,200,sinusoidal-autoscale,36.149,0.2,0.9234,0,0,0.2,
mistral22b,N11,0,complex,500,sinusoidal-autoscale,36.265,0.2,0.7875,0,0,0.2,
mistral22b,N11,1,complex,500,sinusoidal-autoscale,38.378,0.2,0.7875,0,0,0.2,
mistral22b,N11,2,complex,500,sinusoidal-autoscale,38.65,0.2,0.7875,0,0,0.2,
mistral22b,N11,3,complex,500,sinusoidal-autoscale,36.461,0.2,0.7875,0,0,0.2,
mistral22b,N11,4,complex,500,sinusoidal-autoscale,37.513,0.2,0.7875,0,0,0.2,
qwen_coder30b,S01,0,simple,50,steady,17.235,0.0,0.926,0,0,0.2,
qwen_coder30b,S01,1,simple,50,steady,17.18,0.0,0.926,0,0,0.2,
qwen_coder30b,S01,2,simple,50,steady,17.023,0.0,0.926,0,0,0.2,
qwen_coder30b,S01,3,simple,50,steady,16.953,0.0,0.926,0,0,0.2,
qwen_coder30b,S01,4,simple,50,steady,16.795,0.0,0.926,0,0,0.2,
qwen_coder30b,S02,0,simple,200,steady,21.507,0.2,0.9926,0,0,0.2,
qwen_coder30b,S02,1,simple,200,steady,20.377,0.2,0.9926,0,0,0.2,
qwen_coder30b,S02,2,simple,200,steady,20.58,0.2,0.9926,0,0,0.2,
qwen_coder30b,S02,3,simple,200,steady,20.835,0.2,0.9926,0,0,0.2,
qwen_coder30b,S02,4,simple,200,steady,20.682,0.2,0.9926,0,0,0.2,
qwen_coder30b,S03,0,simple,50,steady,16.421,0.0,0.8646,0,0,0.2,
qwen_coder30b,S03,1,simple,50,steady,17.044,0.0,0.8646,0,0,0.2,
qwen_coder30b,S03,2,simple,50,steady,17.749,0.0,0.8646,0,0,0.2,
qwen_coder30b,S03,3,simple,50,steady,17.242,0.0,0.8646,0,0,0.2,
qwen_coder30b,S03,4,simple,50,steady,16.842,0.0,0.8646,0,0,0.2,
qwen_coder30b,S04,0,simple,50,steady,21.077,0.2,0.926,0,0,0.2,
qwen_coder30b,S04,1,simple,50,steady,20.392,0.2,0.926,0,0,0.2,
qwen_coder30b,S04,2,simple,50,steady,20.492,0.2,0.926,0,0,0.2,
qwen_coder30b,S04,3,simple,50,steady,21.569,0.2,0.926,0,0,0.2,
qwen_coder30b,S04,4,simple,50,steady,20.226,0.2,0.926,0,0,0.2,
qwen_coder30b,S05,0,simple,200,steady,21.815,0.2,0.9238,0,0,0.2,
qwen_coder30b,S05,1,simple,200,steady,19.801,0.2,0.9238,0,0,0.2,
qwen_coder30b,S05,2,simple,200,steady,21.966,0.2,0.9238,0,0,0.2,
qwen_coder30b,S05,3,simple,200,steady,21.039,0.2,0.9238,0,0,0.2,Topology has issues: Connection references unknown VNF: internet
qwen_coder30b,S05,4,simple,200,steady,20.481,0.2,0.9238,0,0,0.2,Topology has issues: Connection references unknown VNF: internet
qwen_coder30b,S06,0,simple,50,steady,6.397,0.0,0.0,1,0,0.2,
qwen_coder30b,S06,1,simple,50,steady,6.576,0.0,0.0,1,0,0.2,
qwen_coder30b,S06,2,simple,50,steady,6.55,0.0,0.0,1,0,0.2,
qwen_coder30b,S06,3,simple,50,steady,6.534,0.0,0.0,1,0,0.2,
qwen_coder30b,S06,4,simple,50,steady,6.613,0.0,0.0,1,0,0.2,
qwen_coder30b,N01,0,simple,500,steady,16.615,0.0,0.8041,0,0,0.2,
qwen_coder30b,N01,1,simple,500,steady,16.695,0.0,0.8041,0,0,0.2,
qwen_coder30b,N01,2,simple,500,steady,20.115,0.2,0.8041,0,0,0.2,
qwen_coder30b,N01,3,simple,500,steady,17.129,0.0,0.8041,0,0,0.2,
qwen_coder30b,N01,4,simple,500,steady,16.859,0.0,0.8041,0,0,0.2,
qwen_coder30b,M01,0,medium,500,steady,17.038,0.0,0.9927,0,0,0.2,
qwen_coder30b,M01,1,medium,500,steady,17.774,0.0,0.9927,0,0,0.2,
qwen_coder30b,M01,2,medium,500,steady,20.772,0.2,0.9927,0,0,0.2,
qwen_coder30b,M01,3,medium,500,steady,16.577,0.0,0.9927,0,0,0.2,
qwen_coder30b,M01,4,medium,500,steady,17.639,0.0,0.9927,0,0,0.2,
qwen_coder30b,M02,0,medium,200,steady,22.689,0.2,0.9686,0,0,0.2,
qwen_coder30b,M02,1,medium,200,steady,21.849,0.2,0.9686,0,0,0.2,
qwen_coder30b,M02,2,medium,200,steady,45.354,0.2,0.9686,0,0,0.2,
qwen_coder30b,M02,3,medium,200,steady,21.252,0.2,0.9686,0,0,0.2,
qwen_coder30b,M02,4,medium,200,steady,21.258,0.2,0.9686,0,0,0.2,
qwen_coder30b,M03,0,medium,500,fault-HA,17.764,0.0,0.7038,0,0,0.2,
qwen_coder30b,M03,1,medium,500,fault-HA,18.816,0.0,0.7038,0,0,0.2,
qwen_coder30b,M03,2,medium,500,fault-HA,18.185,0.0,0.7038,0,0,0.2,
qwen_coder30b,M03,3,medium,500,fault-HA,18.26,0.0,0.7038,0,0,0.2,
qwen_coder30b,M03,4,medium,500,fault-HA,18.082,0.0,0.7038,0,0,0.2,
qwen_coder30b,M04,0,medium,500,steady,21.068,0.2,0.5769,0,0,0.2,
qwen_coder30b,M04,1,medium,500,steady,19.18,0.2,0.5769,0,0,0.2,
qwen_coder30b,M04,2,medium,500,steady,20.344,0.2,0.5769,0,0,0.2,
qwen_coder30b,M04,3,medium,500,steady,19.878,0.2,0.5769,0,0,0.2,
qwen_coder30b,M04,4,medium,500,steady,19.793,0.2,0.5769,0,0,0.2,
qwen_coder30b,M05,0,medium,500,steady,17.383,0.0,0.4957,0,0,0.2,
qwen_coder30b,M05,1,medium,500,steady,20.393,0.2,0.5042,0,0,0.2,
qwen_coder30b,M05,2,medium,500,steady,16.951,0.0,0.4957,0,0,0.2,
qwen_coder30b,M05,3,medium,500,steady,17.871,0.0,0.4868,0,0,0.2,
qwen_coder30b,M05,4,medium,500,steady,18.539,0.0,0.4868,0,0,0.2,
qwen_coder30b,M06,0,medium,200,fault-HA,19.676,0.2,0.7032,0,0,0.2,
qwen_coder30b,M06,1,medium,200,fault-HA,19.782,0.2,0.6976,1,0,0.2,
qwen_coder30b,M06,2,medium,200,fault-HA,19.514,0.2,0.6976,1,0,0.2,
qwen_coder30b,M06,3,medium,200,fault-HA,18.883,0.2,0.6976,0,0,0.2,
qwen_coder30b,M06,4,medium,200,fault-HA,18.534,0.2,0.6976,0,0,0.2,
qwen_coder30b,M07,0,medium,200,steady,19.668,0.2,0.9443,0,0,0.2,
qwen_coder30b,M07,1,medium,200,steady,20.182,0.2,0.9443,0,0,0.2,
qwen_coder30b,M07,2,medium,200,steady,20.573,0.2,0.9443,0,0,0.2,
qwen_coder30b,M07,3,medium,200,steady,19.721,0.2,0.9443,0,0,0.2,
qwen_coder30b,M07,4,medium,200,steady,18.359,0.1111,0.9443,0,0,0.2,
qwen_coder30b,M08,0,medium,500,bursty-headroom,22.038,0.2,0.3827,0,0,0.2,
qwen_coder30b,M08,1,medium,500,bursty-headroom,22.484,0.2,0.3827,0,0,0.2,
qwen_coder30b,M08,2,medium,500,bursty-headroom,22.352,0.2,0.3827,0,0,0.2,
qwen_coder30b,M08,3,medium,500,bursty-headroom,19.527,0.2,0.3916,0,0,0.2,
qwen_coder30b,M08,4,medium,500,bursty-headroom,22.284,0.2,0.3827,0,0,0.2,
qwen_coder30b,M09,0,medium,200,steady,20.815,0.2,0.0,1,0,0.2,
qwen_coder30b,M09,1,medium,200,steady,20.875,0.2,0.9474,0,0,0.2,
qwen_coder30b,M09,2,medium,200,steady,21.08,0.2,0.9474,0,0,0.2,
qwen_coder30b,M09,3,medium,200,steady,20.144,0.2,0.9474,0,0,0.2,
qwen_coder30b,M09,4,medium,200,steady,20.047,0.2,0.9474,0,0,0.2,
qwen_coder30b,M10,0,medium,200,steady,21.829,0.2,0.872,0,0,0.2,
qwen_coder30b,M10,1,medium,200,steady,21.632,0.2,0.872,0,0,0.2,
qwen_coder30b,M10,2,medium,200,steady,17.857,0.0,0.872,0,0,0.2,
qwen_coder30b,M10,3,medium,200,steady,17.677,0.0,0.872,0,0,0.2,
qwen_coder30b,M10,4,medium,200,steady,21.322,0.2,0.872,0,0,0.2,
qwen_coder30b,N02,0,medium,50,steady,43.265,0.2,0.8999,0,0,0.2,
qwen_coder30b,N02,1,medium,50,steady,33.306,0.2,0.8999,0,0,0.2,
qwen_coder30b,N02,2,medium,50,steady,19.671,0.2,0.8999,0,0,0.2,
qwen_coder30b,N02,3,medium,50,steady,20.799,0.2,0.8999,0,0,0.2,
qwen_coder30b,N02,4,medium,50,steady,20.429,0.2,0.8999,0,0,0.2,
qwen_coder30b,N03,0,medium,200,bursty-headroom,20.332,0.2,0.9238,0,0,0.2,
qwen_coder30b,N03,1,medium,200,bursty-headroom,20.301,0.2,0.9238,0,0,0.2,
qwen_coder30b,N03,2,medium,200,bursty-headroom,20.243,0.2,0.9238,0,0,0.2,
qwen_coder30b,N03,3,medium,200,bursty-headroom,20.372,0.2,0.9238,0,0,0.2,
qwen_coder30b,N03,4,medium,200,bursty-headroom,20.644,0.2,0.9238,0,0,0.2,
qwen_coder30b,N04,0,medium,500,sinusoidal-autoscale,20.187,0.2,0.7956,0,0,0.2,
qwen_coder30b,N04,1,medium,500,sinusoidal-autoscale,20.2,0.2,0.7956,0,0,0.2,
qwen_coder30b,N04,2,medium,500,sinusoidal-autoscale,20.749,0.2,0.7956,0,0,0.2,
qwen_coder30b,N04,3,medium,500,sinusoidal-autoscale,21.336,0.2,0.7956,0,0,0.2,
qwen_coder30b,N04,4,medium,500,sinusoidal-autoscale,21.696,0.2,0.7956,0,0,0.2,
qwen_coder30b,N05,0,medium,200,sinusoidal-autoscale,19.798,0.2,0.9474,0,0,0.2,
qwen_coder30b,N05,1,medium,200,sinusoidal-autoscale,19.485,0.2,0.9474,0,0,0.2,
qwen_coder30b,N05,2,medium,200,sinusoidal-autoscale,19.44,0.2,0.9474,0,0,0.2,
qwen_coder30b,N05,3,medium,200,sinusoidal-autoscale,19.698,0.2,0.9474,0,0,0.2,
qwen_coder30b,N05,4,medium,200,sinusoidal-autoscale,19.379,0.2,0.9474,0,0,0.2,
qwen_coder30b,N06,0,medium,50,fault-HA,19.11,0.2,0.7013,1,0,0.2,
qwen_coder30b,N06,1,medium,50,fault-HA,20.767,0.2,0.7013,1,0,0.2,
qwen_coder30b,N06,2,medium,50,fault-HA,19.702,0.2,0.7013,1,0,0.2,
qwen_coder30b,N06,3,medium,50,fault-HA,19.748,0.2,0.7013,1,0,0.2,
qwen_coder30b,N06,4,medium,50,fault-HA,19.307,0.2,0.7013,1,0,0.2,
qwen_coder30b,N07,0,medium,500,bursty-headroom,20.512,0.2,0.8036,0,0,0.2,
qwen_coder30b,N07,1,medium,500,bursty-headroom,19.702,0.2,0.8036,0,0,0.2,
qwen_coder30b,N07,2,medium,500,bursty-headroom,20.379,0.2,0.8036,0,0,0.2,
qwen_coder30b,N07,3,medium,500,bursty-headroom,20.836,0.2,0.8036,0,0,0.2,
qwen_coder30b,N07,4,medium,500,bursty-headroom,19.456,0.2,0.8036,0,0,0.2,
qwen_coder30b,N08,0,medium,200,fault-HA,19.987,0.2,0.6147,0,0,0.2,
qwen_coder30b,N08,1,medium,200,fault-HA,18.858,0.2,0.6147,0,0,0.2,
qwen_coder30b,N08,2,medium,200,fault-HA,18.686,0.2,0.6147,0,0,0.2,
qwen_coder30b,N08,3,medium,200,fault-HA,18.843,0.2,0.6147,0,0,0.2,
qwen_coder30b,N08,4,medium,200,fault-HA,19.018,0.2,0.6147,0,0,0.2,
qwen_coder30b,C01,0,complex,500,fault-HA,19.809,0.2,0.5372,0,0,0.2,
qwen_coder30b,C01,1,complex,500,fault-HA,20.47,0.2,0.5372,0,0,0.2,
qwen_coder30b,C01,2,complex,500,fault-HA,21.742,0.2,0.5372,0,0,0.2,
qwen_coder30b,C01,3,complex,500,fault-HA,20.791,0.2,0.5372,0,0,0.2,
qwen_coder30b,C01,4,complex,500,fault-HA,20.238,0.2,0.5372,0,0,0.2,
qwen_coder30b,C02,0,complex,500,steady,22.741,0.2,0.4459,0,0,0.2,
qwen_coder30b,C02,1,complex,500,steady,23.268,0.2,0.4459,0,0,0.2,
qwen_coder30b,C02,2,complex,500,steady,22.765,0.2,0.4459,0,0,0.2,
qwen_coder30b,C02,3,complex,500,steady,23.243,0.2,0.4459,0,0,0.2,
qwen_coder30b,C02,4,complex,500,steady,22.89,0.2,0.4459,0,0,0.2,
qwen_coder30b,C03,0,complex,200,fault-HA,22.968,0.2,0.5924,1,0,0.2,
qwen_coder30b,C03,1,complex,200,fault-HA,18.732,0.1111,0.5876,1,0,0.2,
qwen_coder30b,C03,2,complex,200,fault-HA,19.993,0.2,0.5876,1,0,0.2,
qwen_coder30b,C03,3,complex,200,fault-HA,19.712,0.2,0.5876,1,0,0.2,
qwen_coder30b,C03,4,complex,200,fault-HA,18.149,0.1111,0.5876,1,0,0.2,
qwen_coder30b,C04,0,complex,200,steady,20.678,0.1111,0.9447,0,0,0.2,
qwen_coder30b,C04,1,complex,200,steady,19.59,0.1111,0.9447,0,0,0.2,
qwen_coder30b,C04,2,complex,200,steady,19.806,0.1111,0.9447,0,0,0.2,
qwen_coder30b,C04,3,complex,200,steady,19.797,0.1111,0.9447,0,0,0.2,
qwen_coder30b,C04,4,complex,200,steady,20.096,0.1111,0.9447,0,0,0.2,
qwen_coder30b,C05,0,complex,500,bursty-headroom,19.395,0.1111,0.3597,0,0,0.2,
qwen_coder30b,C05,1,complex,500,bursty-headroom,19.517,0.1111,0.3597,0,0,0.2,
qwen_coder30b,C05,2,complex,500,bursty-headroom,19.604,0.1111,0.3597,0,0,0.2,
qwen_coder30b,C05,3,complex,500,bursty-headroom,19.489,0.1111,0.3597,0,0,0.2,
qwen_coder30b,C05,4,complex,500,bursty-headroom,19.79,0.1111,0.3597,0,0,0.2,
qwen_coder30b,C06,0,complex,500,steady,22.01,0.2,0.6354,0,0,0.2,
qwen_coder30b,C06,1,complex,500,steady,22.162,0.2,0.6427,0,0,0.2,
qwen_coder30b,C06,2,complex,500,steady,22.351,0.1111,0.6354,0,0,0.2,
qwen_coder30b,C06,3,complex,500,steady,24.64,0.2,0.6354,0,0,0.2,
qwen_coder30b,C06,4,complex,500,steady,20.266,0.1111,0.6354,0,0,0.2,
qwen_coder30b,C07,0,complex,200,fault-HA,20.625,0.1111,0.6286,0,0,0.2,
qwen_coder30b,C07,1,complex,200,fault-HA,20.208,0.2,0.6286,0,0,0.2,
qwen_coder30b,C07,2,complex,200,fault-HA,18.913,0.1111,0.6286,0,0,0.2,
qwen_coder30b,C07,3,complex,200,fault-HA,19.638,0.2,0.6286,0,0,0.2,
qwen_coder30b,C07,4,complex,200,fault-HA,19.086,0.1111,0.6286,0,0,0.2,
qwen_coder30b,C08,0,complex,500,steady,20.094,0.1111,0.0,1,0,0.2,
qwen_coder30b,C08,1,complex,500,steady,21.822,0.1111,0.0,1,0,0.2,
qwen_coder30b,C08,2,complex,500,steady,18.367,0.1111,0.0,1,0,0.2,
qwen_coder30b,C08,3,complex,500,steady,19.742,0.1111,0.0,1,0,0.2,
qwen_coder30b,C08,4,complex,500,steady,20.091,0.1111,0.0,1,0,0.2,
qwen_coder30b,C09,0,complex,50,steady,20.459,0.2,0.8646,0,0,0.2,
qwen_coder30b,C09,1,complex,50,steady,20.531,0.2,0.8646,0,0,0.2,
qwen_coder30b,C09,2,complex,50,steady,20.278,0.2,0.8646,0,0,0.2,
qwen_coder30b,C09,3,complex,50,steady,20.115,0.2,0.8646,0,0,0.2,
qwen_coder30b,C09,4,complex,50,steady,19.569,0.2,0.8646,0,0,0.2,
qwen_coder30b,N09,0,complex,200,bursty-headroom,18.315,0.1111,0.8875,0,0,0.2,
qwen_coder30b,N09,1,complex,200,bursty-headroom,18.698,0.1111,0.8875,0,0,0.2,
qwen_coder30b,N09,2,complex,200,bursty-headroom,18.773,0.1111,0.8875,0,0,0.2,
qwen_coder30b,N09,3,complex,200,bursty-headroom,18.167,0.1111,0.8875,0,0,0.2,
qwen_coder30b,N09,4,complex,200,bursty-headroom,18.813,0.1111,0.8875,0,0,0.2,
qwen_coder30b,N10,0,complex,200,sinusoidal-autoscale,19.967,0.2,0.9155,1,0,0.2,
qwen_coder30b,N10,1,complex,200,sinusoidal-autoscale,20.127,0.2,0.9155,1,0,0.2,
qwen_coder30b,N10,2,complex,200,sinusoidal-autoscale,20.043,0.2,0.9155,1,0,0.2,
qwen_coder30b,N10,3,complex,200,sinusoidal-autoscale,20.068,0.2,0.9155,1,0,0.2,
qwen_coder30b,N10,4,complex,200,sinusoidal-autoscale,20.125,0.2,0.9155,1,0,0.2,
qwen_coder30b,N11,0,complex,500,sinusoidal-autoscale,20.852,0.2,0.7949,0,0,0.2,
qwen_coder30b,N11,1,complex,500,sinusoidal-autoscale,20.382,0.2,0.7949,0,0,0.2,
qwen_coder30b,N11,2,complex,500,sinusoidal-autoscale,21.711,0.2,0.7875,0,0,0.2,
qwen_coder30b,N11,3,complex,500,sinusoidal-autoscale,20.499,0.2,0.7949,0,0,0.2,
qwen_coder30b,N11,4,complex,500,sinusoidal-autoscale,20.971,0.2,0.7949,0,0,0.2,
llama32_3b,S01,0,simple,50,steady,6.784,0.0,0.8477,1,0,0.2,
llama32_3b,S01,1,simple,50,steady,5.537,0.0,0.872,0,0,0.2,
llama32_3b,S01,2,simple,50,steady,4.867,0.0,0.8477,1,0,0.2,
llama32_3b,S01,3,simple,50,steady,4.922,0.0,0.872,0,0,0.2,
llama32_3b,S01,4,simple,50,steady,4.854,0.0,0.8477,1,0,0.2,
llama32_3b,S02,0,simple,200,steady,5.897,0.0,0.9862,0,0,0.2,
llama32_3b,S02,1,simple,200,steady,5.631,0.0,0.9862,0,0,0.2,
llama32_3b,S02,2,simple,200,steady,5.412,0.0,0.9862,0,0,0.2,
llama32_3b,S02,3,simple,200,steady,6.119,0.0,0.9862,0,0,0.2,
llama32_3b,S02,4,simple,200,steady,5.647,0.0,0.9862,0,0,0.2,
llama32_3b,S03,0,simple,50,steady,4.923,0.0,0.7008,1,0,0.2,
llama32_3b,S03,1,simple,50,steady,4.926,0.0,0.7008,1,0,0.2,
llama32_3b,S03,2,simple,50,steady,4.535,0.0,0.6202,1,0,0.2,
llama32_3b,S03,3,simple,50,steady,3.881,0.0,0.6202,1,0,0.2,
llama32_3b,S03,4,simple,50,steady,5.074,0.0,0.7008,1,0,0.2,
llama32_3b,S04,0,simple,50,steady,5.617,0.0,0.872,0,0,0.2,
llama32_3b,S04,1,simple,50,steady,6.318,0.0,0.8905,0,0,0.2,
llama32_3b,S04,2,simple,50,steady,5.602,0.2,0.872,0,0,0.2,
llama32_3b,S04,3,simple,50,steady,6.055,0.0,0.8905,0,0,0.2,
llama32_3b,S04,4,simple,50,steady,5.699,0.0,0.872,0,0,0.2,
llama32_3b,S05,0,simple,200,steady,3.402,0.0,0.8608,1,0,0.2,
llama32_3b,S05,1,simple,200,steady,3.406,0.0,0.8608,1,0,0.2,
llama32_3b,S05,2,simple,200,steady,3.658,0.0,0.8608,1,0,0.2,
llama32_3b,S05,3,simple,200,steady,4.032,0.0,0.8608,1,0,0.2,
llama32_3b,S05,4,simple,200,steady,4.896,0.0,0.8608,1,0,0.2,
llama32_3b,S06,0,simple,50,steady,4.179,0.0,0.9327,1,0,0.2,
llama32_3b,S06,1,simple,50,steady,3.567,0.0,0.9327,1,0,0.2,
llama32_3b,S06,2,simple,50,steady,3.526,0.0,0.9327,1,0,0.2,
llama32_3b,S06,3,simple,50,steady,4.935,0.0,0.9327,1,0,0.2,
llama32_3b,S06,4,simple,50,steady,3.505,0.0,0.9327,1,0,0.2,
llama32_3b,N01,0,simple,500,steady,5.161,0.0,0.6643,1,0,0.2,
llama32_3b,N01,1,simple,500,steady,5.536,0.0,0.7345,0,0,0.2,
llama32_3b,N01,2,simple,500,steady,4.821,0.0,0.6643,1,0,0.2,
llama32_3b,N01,3,simple,500,steady,4.845,0.0,0.6643,1,0,0.2,
llama32_3b,N01,4,simple,500,steady,4.858,0.0,0.6643,1,0,0.2,
llama32_3b,M01,0,medium,500,steady,5.897,0.0,0.9862,0,0,0.2,
llama32_3b,M01,1,medium,500,steady,6.064,0.0,0.9862,0,0,0.2,
llama32_3b,M01,2,medium,500,steady,5.241,0.0,1.0,1,0,0.2,
llama32_3b,M01,3,medium,500,steady,5.748,0.0,0.9862,0,0,0.2,
llama32_3b,M01,4,medium,500,steady,5.074,0.0,0.9862,0,0,0.2,
llama32_3b,M02,0,medium,200,steady,12.471,0.2,0.9686,0,0,0.2,
llama32_3b,M02,1,medium,200,steady,5.185,0.0,0.937,1,0,0.2,
llama32_3b,M02,2,medium,200,steady,12.236,0.2,0.9686,0,0,0.2,Topology has issues: Connection references unknown VNF: oai-ueransim-gnb; Connection references unknown VNF: oai-ueransim-ue; Connection references unknown VNF: oai-ueransim-gnb; Connection references unknown VNF: oai-ueransim-ue
llama32_3b,M02,3,medium,200,steady,12.088,0.2,0.9686,0,0,0.2,
llama32_3b,M02,4,medium,200,steady,12.039,0.2,0.9686,0,0,0.2,
llama32_3b,M03,0,medium,500,fault-HA,5.057,0.0,0.7181,0,0,0.2,
llama32_3b,M03,1,medium,500,fault-HA,5.055,0.0,0.7181,0,0,0.2,
llama32_3b,M03,2,medium,500,fault-HA,5.563,0.0,0.7181,0,0,0.2,
llama32_3b,M03,3,medium,500,fault-HA,6.075,0.0,0.7181,0,0,0.2,
llama32_3b,M03,4,medium,500,fault-HA,5.82,0.0,0.7181,0,0,0.2,
llama32_3b,M04,0,medium,500,steady,5.769,0.0,0.4995,0,0,0.2,
llama32_3b,M04,1,medium,500,steady,5.839,0.0,0.4995,0,0,0.2,
llama32_3b,M04,2,medium,500,steady,5.482,0.0,0.4995,0,0,0.2,
llama32_3b,M04,3,medium,500,steady,5.98,0.0,0.4995,0,0,0.2,
llama32_3b,M04,4,medium,500,steady,5.573,0.0,0.4995,0,0,0.2,
llama32_3b,M05,0,medium,500,steady,6.835,0.0,0.6025,0,0,0.2,
llama32_3b,M05,1,medium,500,steady,5.919,0.0,0.6025,0,0,0.2,
llama32_3b,M05,2,medium,500,steady,5.265,0.0,0.6025,0,0,0.2,
llama32_3b,M05,3,medium,500,steady,6.721,0.0,0.6025,0,0,0.2,
llama32_3b,M05,4,medium,500,steady,6.861,0.0,0.6025,0,0,0.2,
llama32_3b,M06,0,medium,200,fault-HA,5.368,0.0,0.7301,0,0,0.2,
llama32_3b,M06,1,medium,200,fault-HA,4.631,0.0,0.7512,1,0,0.2,
llama32_3b,M06,2,medium,200,fault-HA,5.094,0.0,0.7301,0,0,0.2,
llama32_3b,M06,3,medium,200,fault-HA,6.036,0.0,0.7301,0,0,0.2,
llama32_3b,M06,4,medium,200,fault-HA,4.843,0.0,0.7512,1,0,0.2,
llama32_3b,M07,0,medium,200,steady,3.579,0.0,0.8818,1,0,0.2,
llama32_3b,M07,1,medium,200,steady,3.856,0.0,0.8818,1,0,0.2,
llama32_3b,M07,2,medium,200,steady,3.941,0.0,0.8818,1,0,0.2,
llama32_3b,M07,3,medium,200,steady,3.846,0.0,0.8818,1,0,0.2,
llama32_3b,M07,4,medium,200,steady,3.764,0.0,0.8818,1,0,0.2,
llama32_3b,M08,0,medium,500,bursty-headroom,4.907,0.0,0.4011,0,0,0.2,
llama32_3b,M08,1,medium,500,bursty-headroom,5.579,0.0,0.4011,0,0,0.2,
llama32_3b,M08,2,medium,500,bursty-headroom,5.352,0.0,0.4011,0,0,0.2,
llama32_3b,M08,3,medium,500,bursty-headroom,6.312,0.0,0.4011,0,0,0.2,
llama32_3b,M08,4,medium,500,bursty-headroom,6.756,0.0,0.4011,0,0,0.2,
llama32_3b,M09,0,medium,200,steady,3.623,0.0,0.9553,1,0,0.2,
llama32_3b,M09,1,medium,200,steady,4.8,0.0,0.9553,1,0,0.2,
llama32_3b,M09,2,medium,200,steady,4.726,0.0,0.9553,1,0,0.2,
llama32_3b,M09,3,medium,200,steady,5.107,0.0,0.9553,1,0,0.2,
llama32_3b,M09,4,medium,200,steady,4.753,0.0,0.9553,1,0,0.2,
llama32_3b,M10,0,medium,200,steady,10.187,0.2,0.872,0,0,0.2,
llama32_3b,M10,1,medium,200,steady,9.792,0.2,0.872,0,0,0.2,
llama32_3b,M10,2,medium,200,steady,9.052,0.2,0.872,0,0,0.2,
llama32_3b,M10,3,medium,200,steady,8.538,0.2,0.872,0,0,0.2,
llama32_3b,M10,4,medium,200,steady,9.234,0.2,0.872,0,0,0.2,
llama32_3b,N02,0,medium,50,steady,6.863,0.3333,0.8199,0,0,0.2,
llama32_3b,N02,1,medium,50,steady,6.189,0.2,0.8199,0,0,0.2,
llama32_3b,N02,2,medium,50,steady,5.583,0.2,0.8199,0,0,0.2,
llama32_3b,N02,3,medium,50,steady,5.374,0.2,0.8199,0,0,0.2,
llama32_3b,N02,4,medium,50,steady,7.446,0.3333,0.8199,0,0,0.2,
llama32_3b,N03,0,medium,200,bursty-headroom,5.718,0.0,0.8861,0,0,0.2,
llama32_3b,N03,1,medium,200,bursty-headroom,5.795,0.0,0.8861,0,0,0.2,
llama32_3b,N03,2,medium,200,bursty-headroom,6.641,0.0,0.8861,0,0,0.2,
llama32_3b,N03,3,medium,200,bursty-headroom,6.032,0.0,0.8861,0,0,0.2,
llama32_3b,N03,4,medium,200,bursty-headroom,5.709,0.0,0.8861,0,0,0.2,
llama32_3b,N04,0,medium,500,sinusoidal-autoscale,5.568,0.0,0.7345,0,0,0.2,
llama32_3b,N04,1,medium,500,sinusoidal-autoscale,5.186,0.0,0.6643,1,0,0.2,
llama32_3b,N04,2,medium,500,sinusoidal-autoscale,5.085,0.0,0.6643,1,0,0.2,
llama32_3b,N04,3,medium,500,sinusoidal-autoscale,5.593,0.0,0.7345,0,0,0.2,
llama32_3b,N04,4,medium,500,sinusoidal-autoscale,5.128,0.0,0.6643,1,0,0.2,
llama32_3b,N05,0,medium,200,sinusoidal-autoscale,5.69,0.0,0.9334,0,0,0.2,
llama32_3b,N05,1,medium,200,sinusoidal-autoscale,4.963,0.0,0.9334,0,0,0.2,
llama32_3b,N05,2,medium,200,sinusoidal-autoscale,5.317,0.0,0.9334,0,0,0.2,
llama32_3b,N05,3,medium,200,sinusoidal-autoscale,5.458,0.0,0.9334,0,0,0.2,
llama32_3b,N05,4,medium,200,sinusoidal-autoscale,5.78,0.0,0.9334,0,0,0.2,
llama32_3b,N06,0,medium,50,fault-HA,5.922,0.0,0.7448,1,0,0.2,
llama32_3b,N06,1,medium,50,fault-HA,7.564,0.0,0.7013,1,0,0.2,
llama32_3b,N06,2,medium,50,fault-HA,5.45,0.0,0.7334,1,0,0.2,
llama32_3b,N06,3,medium,50,fault-HA,7.285,0.3333,0.7448,1,0,0.2,
llama32_3b,N06,4,medium,50,fault-HA,7.733,0.0,0.7013,1,0,0.2,
llama32_3b,N07,0,medium,500,bursty-headroom,5.67,0.0,0.7345,1,0,0.2,
llama32_3b,N07,1,medium,500,bursty-headroom,5.947,0.0,0.7345,1,0,0.2,
llama32_3b,N07,2,medium,500,bursty-headroom,6.068,0.0,0.7345,1,0,0.2,
llama32_3b,N07,3,medium,500,bursty-headroom,4.875,0.0,0.7345,1,0,0.2,
llama32_3b,N07,4,medium,500,bursty-headroom,6.625,0.0,0.7345,1,0,0.2,
llama32_3b,N08,0,medium,200,fault-HA,4.829,0.0,0.5886,0,0,0.2,
llama32_3b,N08,1,medium,200,fault-HA,5.226,0.0,0.5498,1,0,0.2,
llama32_3b,N08,2,medium,200,fault-HA,5.312,0.0,0.5498,1,0,0.2,
llama32_3b,N08,3,medium,200,fault-HA,5.743,0.0,0.5498,1,0,0.2,
llama32_3b,N08,4,medium,200,fault-HA,5.328,0.0,0.5955,0,0,0.2,
llama32_3b,C01,0,complex,500,fault-HA,5.138,0.0,0.4919,1,0,0.2,
llama32_3b,C01,1,complex,500,fault-HA,5.717,0.0,0.4982,1,0,0.2,
llama32_3b,C01,2,complex,500,fault-HA,6.03,0.0,0.4919,1,0,0.2,
llama32_3b,C01,3,complex,500,fault-HA,6.463,0.0,0.4919,1,0,0.2,
llama32_3b,C01,4,complex,500,fault-HA,5.76,0.0,0.4982,1,0,0.2,
llama32_3b,C02,0,complex,500,steady,5.91,0.0,0.4089,1,0,0.2,
llama32_3b,C02,1,complex,500,steady,5.692,0.0,0.4089,1,0,0.2,
llama32_3b,C02,2,complex,500,steady,5.58,0.0,0.4089,1,0,0.2,
llama32_3b,C02,3,complex,500,steady,5.587,0.0,0.4089,1,0,0.2,
llama32_3b,C02,4,complex,500,steady,5.539,0.0,0.4089,1,0,0.2,
llama32_3b,C03,0,complex,200,fault-HA,5.684,0.0,0.5691,1,0,0.2,
llama32_3b,C03,1,complex,200,fault-HA,5.144,0.0,0.5691,1,0,0.2,
llama32_3b,C03,2,complex,200,fault-HA,6.114,0.0,0.5691,1,0,0.2,
llama32_3b,C03,3,complex,200,fault-HA,5.621,0.0,0.5691,1,0,0.2,
llama32_3b,C03,4,complex,200,fault-HA,6.338,0.0,0.5691,1,0,0.2,
llama32_3b,C04,0,complex,200,steady,5.947,0.0,0.9213,1,0,0.2,
llama32_3b,C04,1,complex,200,steady,5.776,0.0,0.9106,1,0,0.2,
llama32_3b,C04,2,complex,200,steady,5.974,0.0,0.9106,1,0,0.2,
llama32_3b,C04,3,complex,200,steady,5.168,0.0,0.9154,1,0,0.2,
llama32_3b,C04,4,complex,200,steady,5.389,0.0,0.9106,1,0,0.2,
llama32_3b,C05,0,complex,500,bursty-headroom,8.084,0.0,0.3043,1,0,0.2,
llama32_3b,C05,1,complex,500,bursty-headroom,7.457,0.25,0.3043,1,0,0.2,
llama32_3b,C05,2,complex,500,bursty-headroom,5.533,0.0,0.3321,1,0,0.2,
llama32_3b,C05,3,complex,500,bursty-headroom,5.67,0.0,0.3321,1,0,0.2,
llama32_3b,C05,4,complex,500,bursty-headroom,5.148,0.0,0.3321,1,0,0.2,
llama32_3b,C06,0,complex,500,steady,6.011,0.0,0.5962,1,0,0.2,
llama32_3b,C06,1,complex,500,steady,5.969,0.0,0.5962,1,0,0.2,
llama32_3b,C06,2,complex,500,steady,5.605,0.0,0.5962,1,0,0.2,
llama32_3b,C06,3,complex,500,steady,5.575,0.0,0.5962,1,0,0.2,
llama32_3b,C06,4,complex,500,steady,6.727,0.0,0.5962,1,0,0.2,
llama32_3b,C07,0,complex,200,fault-HA,4.94,0.0,0.592,1,0,0.2,
llama32_3b,C07,1,complex,200,fault-HA,7.398,0.0,0.6173,1,0,0.2,
llama32_3b,C07,2,complex,200,fault-HA,6.101,0.0,0.592,1,0,0.2,
llama32_3b,C07,3,complex,200,fault-HA,5.719,0.0,0.592,1,0,0.2,
llama32_3b,C07,4,complex,200,fault-HA,4.936,0.0,0.592,1,0,0.2,
llama32_3b,C08,0,complex,500,steady,5.008,0.0,0.769,1,0,0.2,
llama32_3b,C08,1,complex,500,steady,5.325,0.0,0.769,1,0,0.2,
llama32_3b,C08,2,complex,500,steady,4.857,0.0,0.769,1,0,0.2,
llama32_3b,C08,3,complex,500,steady,4.425,0.0,0.769,1,0,0.2,
llama32_3b,C08,4,complex,500,steady,4.605,0.0,0.681,1,0,0.2,Topology has issues: Connection references unknown VNF: oai-nrf
llama32_3b,C09,0,complex,50,steady,4.851,0.0,0.333,1,0,0.2,Topology has issues: Connection references unknown VNF: oai-smf
llama32_3b,C09,1,complex,50,steady,5.66,0.0,0.333,1,0,0.2,Topology has issues: Connection references unknown VNF: oai-smf
llama32_3b,C09,2,complex,50,steady,5.21,0.0,0.333,1,0,0.2,Topology has issues: Connection references unknown VNF: oai-nrf
llama32_3b,C09,3,complex,50,steady,4.788,0.0,0.333,1,0,0.2,Topology has issues: Connection references unknown VNF: oai-smf
llama32_3b,C09,4,complex,50,steady,5.485,0.0,0.333,1,0,0.2,Topology has issues: Connection references unknown VNF: oai-smf
llama32_3b,N09,0,complex,200,bursty-headroom,4.712,0.0,0.8115,1,0,0.2,
llama32_3b,N09,1,complex,200,bursty-headroom,4.806,0.0,0.8115,1,0,0.2,
llama32_3b,N09,2,complex,200,bursty-headroom,6.186,0.0,0.524,1,0,0.2,Topology has issues: Duplicate VNF name: oai-upf; Connection references unknown VNF: oai-upf-0; Connection references unknown VNF: oai-nrf
llama32_3b,N09,3,complex,200,bursty-headroom,5.927,0.0,0.8115,1,0,0.2,
llama32_3b,N09,4,complex,200,bursty-headroom,5.492,0.0,0.8115,1,0,0.2,
llama32_3b,N10,0,complex,200,sinusoidal-autoscale,5.581,0.0,0.8956,1,0,0.2,
llama32_3b,N10,1,complex,200,sinusoidal-autoscale,6.182,0.0,0.8861,1,0,0.2,
llama32_3b,N10,2,complex,200,sinusoidal-autoscale,5.911,0.0,0.8861,1,0,0.2,
llama32_3b,N10,3,complex,200,sinusoidal-autoscale,5.854,0.0,0.8861,1,0,0.2,
llama32_3b,N10,4,complex,200,sinusoidal-autoscale,5.631,0.0,0.8861,1,0,0.2,
llama32_3b,N11,0,complex,500,sinusoidal-autoscale,5.605,0.0,0.7171,1,0,0.2,
llama32_3b,N11,1,complex,500,sinusoidal-autoscale,6.006,0.0,0.7171,1,0,0.2,
llama32_3b,N11,2,complex,500,sinusoidal-autoscale,5.667,0.0,0.7171,1,0,0.2,
llama32_3b,N11,3,complex,500,sinusoidal-autoscale,5.995,0.0,0.7171,1,0,0.2,
llama32_3b,N11,4,complex,500,sinusoidal-autoscale,5.604,0.0,0.7171,1,0,0.2,
qwen25_7b,S01,0,simple,50,steady,12.444,0.0,0.926,0,0,0.2,
qwen25_7b,S01,1,simple,50,steady,15.275,0.0,0.926,0,0,0.2,
qwen25_7b,S01,2,simple,50,steady,10.985,0.0,0.926,0,0,0.2,
qwen25_7b,S01,3,simple,50,steady,21.091,0.0,0.926,0,0,0.2,
qwen25_7b,S01,4,simple,50,steady,11.134,0.0,0.926,0,0,0.2,
qwen25_7b,S02,0,simple,200,steady,12.905,0.2,0.9926,0,0,0.2,
qwen25_7b,S02,1,simple,200,steady,11.206,0.1111,0.9926,0,0,0.2,
qwen25_7b,S02,2,simple,200,steady,12.957,0.2,0.9926,0,0,0.2,
qwen25_7b,S02,3,simple,200,steady,12.104,0.1111,0.9926,0,0,0.2,
qwen25_7b,S02,4,simple,200,steady,13.062,0.2,0.9926,0,0,0.2,
qwen25_7b,S03,0,simple,50,steady,10.98,0.0,0.8646,0,0,0.2,Topology has issues: Connection references unknown VNF: internet
qwen25_7b,S03,1,simple,50,steady,9.53,0.0,0.8472,0,0,0.2,
qwen25_7b,S03,2,simple,50,steady,10.561,0.0,0.8646,0,0,0.2,
qwen25_7b,S03,3,simple,50,steady,10.252,0.0,0.8646,0,0,0.2,
qwen25_7b,S03,4,simple,50,steady,15.316,0.0,0.8646,0,0,0.2,
qwen25_7b,S04,0,simple,50,steady,18.817,0.2,0.926,0,0,0.2,
qwen25_7b,S04,1,simple,50,steady,11.633,0.1111,0.926,0,0,0.2,
qwen25_7b,S04,2,simple,50,steady,11.821,0.1111,0.926,0,0,0.2,
qwen25_7b,S04,3,simple,50,steady,12.13,0.1111,0.926,0,0,0.2,
qwen25_7b,S04,4,simple,50,steady,13.411,0.2,0.926,0,0,0.2,
qwen25_7b,S05,0,simple,200,steady,7.232,0.0,0.8861,0,0,0.2,
qwen25_7b,S05,1,simple,200,steady,7.154,0.0,0.8861,0,0,0.2,
qwen25_7b,S05,2,simple,200,steady,7.216,0.0,0.8861,0,0,0.2,
qwen25_7b,S05,3,simple,200,steady,6.969,0.0,0.8861,0,0,0.2,
qwen25_7b,S05,4,simple,200,steady,7.361,0.0,0.8861,0,0,0.2,
qwen25_7b,S06,0,simple,50,steady,4.702,0.0,0.9327,1,0,0.2,
qwen25_7b,S06,1,simple,50,steady,4.794,0.0,0.9327,1,0,0.2,
qwen25_7b,S06,2,simple,50,steady,4.901,0.0,0.9327,1,0,0.2,
qwen25_7b,S06,3,simple,50,steady,4.856,0.0,0.9327,1,0,0.2,
qwen25_7b,S06,4,simple,50,steady,4.796,0.0,0.9327,1,0,0.2,
qwen25_7b,N01,0,simple,500,steady,10.122,0.0,0.8068,0,0,0.2,
qwen25_7b,N01,1,simple,500,steady,10.581,0.0,0.8068,0,0,0.2,
qwen25_7b,N01,2,simple,500,steady,10.983,0.0,0.8041,0,0,0.2,
qwen25_7b,N01,3,simple,500,steady,15.786,0.0,0.8041,0,0,0.2,
qwen25_7b,N01,4,simple,500,steady,16.024,0.0,0.8041,0,0,0.2,
qwen25_7b,M01,0,medium,500,steady,10.846,0.0,0.9927,0,0,0.2,
qwen25_7b,M01,1,medium,500,steady,11.008,0.0,0.9927,0,0,0.2,
qwen25_7b,M01,2,medium,500,steady,11.16,0.0,0.9927,0,0,0.2,
qwen25_7b,M01,3,medium,500,steady,10.968,0.0,0.9927,0,0,0.2,
qwen25_7b,M01,4,medium,500,steady,10.965,0.0,0.9927,0,0,0.2,
qwen25_7b,M02,0,medium,200,steady,15.499,0.2,0.9686,0,0,0.2,
qwen25_7b,M02,1,medium,200,steady,15.254,0.2,0.9686,0,0,0.2,
qwen25_7b,M02,2,medium,200,steady,15.232,0.2,0.9686,0,0,0.2,
qwen25_7b,M02,3,medium,200,steady,19.499,0.2,0.9686,0,0,0.2,
qwen25_7b,M02,4,medium,200,steady,19.255,0.1111,0.9686,0,0,0.2,
qwen25_7b,M03,0,medium,500,fault-HA,15.186,0.0,0.0,1,0,0.0,No configuration artifacts provided — run VNF Configurator first
qwen25_7b,M03,1,medium,500,fault-HA,10.937,0.0,0.6922,0,0,0.2,
qwen25_7b,M03,2,medium,500,fault-HA,16.46,0.0,0.6922,0,0,0.2,
qwen25_7b,M03,3,medium,500,fault-HA,15.745,0.0,0.6922,0,0,0.2,
qwen25_7b,M03,4,medium,500,fault-HA,16.314,0.0,0.6922,0,0,0.2,
qwen25_7b,M04,0,medium,500,steady,22.722,0.2,0.5769,0,0,0.2,
qwen25_7b,M04,1,medium,500,steady,11.188,0.1111,0.5769,0,0,0.2,
qwen25_7b,M04,2,medium,500,steady,10.672,0.125,0.5958,0,0,0.2,
qwen25_7b,M04,3,medium,500,steady,11.327,0.1111,0.5769,0,0,0.2,
qwen25_7b,M04,4,medium,500,steady,12.172,0.1111,0.5769,0,0,0.2,
qwen25_7b,M05,0,medium,500,steady,11.266,0.0,0.5042,0,0,0.2,
qwen25_7b,M05,1,medium,500,steady,10.883,0.0,0.5042,0,0,0.2,
qwen25_7b,M05,2,medium,500,steady,11.202,0.0,0.5042,0,0,0.2,
qwen25_7b,M05,3,medium,500,steady,11.14,0.0,0.5042,0,0,0.2,
qwen25_7b,M05,4,medium,500,steady,11.214,0.0,0.5042,0,0,0.2,
qwen25_7b,M06,0,medium,200,fault-HA,11.972,0.1111,0.6976,0,0,0.2,
qwen25_7b,M06,1,medium,200,fault-HA,11.998,0.1111,0.6976,0,0,0.2,
qwen25_7b,M06,2,medium,200,fault-HA,10.754,0.0,0.6976,1,0,0.2,
qwen25_7b,M06,3,medium,200,fault-HA,11.374,0.1111,0.6976,1,0,0.2,
qwen25_7b,M06,4,medium,200,fault-HA,7.526,0.0,0.7301,1,0,0.2,
qwen25_7b,M07,0,medium,200,steady,11.605,0.1111,0.9364,1,0,0.2,
qwen25_7b,M07,1,medium,200,steady,11.662,0.1111,0.9364,1,0,0.2,
qwen25_7b,M07,2,medium,200,steady,11.188,0.0,0.9364,1,0,0.2,
qwen25_7b,M07,3,medium,200,steady,14.769,0.0,0.9364,1,0,0.2,
qwen25_7b,M07,4,medium,200,steady,11.51,0.1111,0.9364,1,0,0.2,
qwen25_7b,M08,0,medium,500,bursty-headroom,10.965,0.1111,0.4001,0,0,0.2,
qwen25_7b,M08,1,medium,500,bursty-headroom,11.745,0.1111,0.4001,0,0,0.2,
qwen25_7b,M08,2,medium,500,bursty-headroom,12.399,0.1111,0.4001,0,0,0.2,
qwen25_7b,M08,3,medium,500,bursty-headroom,18.609,0.2,0.4001,0,0,0.2,
qwen25_7b,M08,4,medium,500,bursty-headroom,11.996,0.1111,0.4001,0,0,0.2,
qwen25_7b,M09,0,medium,200,steady,10.909,0.0,0.9474,0,0,0.2,
qwen25_7b,M09,1,medium,200,steady,10.869,0.0,0.9474,0,0,0.2,
qwen25_7b,M09,2,medium,200,steady,17.651,0.2,0.9474,0,0,0.2,
qwen25_7b,M09,3,medium,200,steady,10.754,0.0,0.9474,0,0,0.2,
qwen25_7b,M09,4,medium,200,steady,20.448,0.0,0.9474,0,0,0.2,
qwen25_7b,M10,0,medium,200,steady,12.975,0.0,0.8642,1,0,0.2,
qwen25_7b,M10,1,medium,200,steady,12.22,0.0,0.8642,1,0,0.2,
qwen25_7b,M10,2,medium,200,steady,12.652,0.0,0.8642,1,0,0.2,
qwen25_7b,M10,3,medium,200,steady,12.06,0.0,0.8642,1,0,0.2,
qwen25_7b,M10,4,medium,200,steady,12.677,0.0,0.8642,1,0,0.2,
qwen25_7b,N02,0,medium,50,steady,11.843,0.1111,0.8999,0,0,0.2,
qwen25_7b,N02,1,medium,50,steady,11.343,0.1111,0.8999,0,0,0.2,
qwen25_7b,N02,2,medium,50,steady,11.228,0.1111,0.8999,0,0,0.2,
qwen25_7b,N02,3,medium,50,steady,11.703,0.1111,0.8999,0,0,0.2,
qwen25_7b,N02,4,medium,50,steady,10.805,0.0,0.8999,0,0,0.2,
qwen25_7b,N03,0,medium,200,bursty-headroom,13.043,0.2,0.9238,0,0,0.2,
qwen25_7b,N03,1,medium,200,bursty-headroom,11.833,0.1111,0.9238,0,0,0.2,
qwen25_7b,N03,2,medium,200,bursty-headroom,12.828,0.2,0.9238,0,0,0.2,
qwen25_7b,N03,3,medium,200,bursty-headroom,12.79,0.2,0.9238,0,0,0.2,
qwen25_7b,N03,4,medium,200,bursty-headroom,11.755,0.1111,0.9238,0,0,0.2,
qwen25_7b,N04,0,medium,500,sinusoidal-autoscale,12.55,0.2,0.8041,0,0,0.2,
qwen25_7b,N04,1,medium,500,sinusoidal-autoscale,12.682,0.2,0.8041,0,0,0.2,
qwen25_7b,N04,2,medium,500,sinusoidal-autoscale,17.889,0.2,0.8041,0,0,0.2,
qwen25_7b,N04,3,medium,500,sinusoidal-autoscale,13.066,0.2,0.8041,0,0,0.2,
qwen25_7b,N04,4,medium,500,sinusoidal-autoscale,12.6,0.2,0.8041,0,0,0.2,
qwen25_7b,N05,0,medium,200,sinusoidal-autoscale,13.11,0.2,0.9474,0,0,0.2,
qwen25_7b,N05,1,medium,200,sinusoidal-autoscale,11.93,0.1111,0.9474,0,0,0.2,
qwen25_7b,N05,2,medium,200,sinusoidal-autoscale,12.822,0.2,0.9474,0,0,0.2,
qwen25_7b,N05,3,medium,200,sinusoidal-autoscale,12.785,0.2,0.9474,0,0,0.2,
qwen25_7b,N05,4,medium,200,sinusoidal-autoscale,11.815,0.1111,0.9474,0,0,0.2,
qwen25_7b,N06,0,medium,50,fault-HA,16.241,0.0,0.7013,1,0,0.2,
qwen25_7b,N06,1,medium,50,fault-HA,15.933,0.0,0.7013,1,0,0.2,
qwen25_7b,N06,2,medium,50,fault-HA,11.128,0.0,0.7013,1,0,0.2,Topology has issues: Connection references unknown VNF: internet
qwen25_7b,N06,3,medium,50,fault-HA,10.408,0.0,0.7013,1,0,0.2,
qwen25_7b,N06,4,medium,50,fault-HA,11.018,0.0,0.7013,1,0,0.2,
qwen25_7b,N07,0,medium,500,bursty-headroom,10.782,0.0,0.7957,1,0,0.2,
qwen25_7b,N07,1,medium,500,bursty-headroom,10.971,0.0,0.7957,1,0,0.2,
qwen25_7b,N07,2,medium,500,bursty-headroom,11.198,0.0,0.7957,1,0,0.2,
qwen25_7b,N07,3,medium,500,bursty-headroom,11.221,0.0,0.7957,1,0,0.2,
qwen25_7b,N07,4,medium,500,bursty-headroom,11.202,0.0,0.7957,1,0,0.2,
qwen25_7b,N08,0,medium,200,fault-HA,13.0,0.2,0.6147,0,0,0.2,
qwen25_7b,N08,1,medium,200,fault-HA,12.832,0.2,0.6147,0,0,0.2,
qwen25_7b,N08,2,medium,200,fault-HA,13.065,0.2,0.6147,0,0,0.2,
qwen25_7b,N08,3,medium,200,fault-HA,12.606,0.2,0.6147,0,0,0.2,
qwen25_7b,N08,4,medium,200,fault-HA,12.673,0.2,0.6147,0,0,0.2,
qwen25_7b,C01,0,complex,500,fault-HA,10.939,0.0,0.5271,1,0,0.2,
qwen25_7b,C01,1,complex,500,fault-HA,10.341,0.0,0.5276,1,0,0.2,
qwen25_7b,C01,2,complex,500,fault-HA,11.195,0.0,0.5271,1,0,0.2,
qwen25_7b,C01,3,complex,500,fault-HA,10.935,0.0,0.5271,1,0,0.2,
qwen25_7b,C01,4,complex,500,fault-HA,10.933,0.0,0.5271,1,0,0.2,
qwen25_7b,C02,0,complex,500,steady,10.79,0.0,0.4382,1,0,0.2,
qwen25_7b,C02,1,complex,500,steady,11.053,0.0,0.4382,1,0,0.2,
qwen25_7b,C02,2,complex,500,steady,10.99,0.0,0.4382,1,0,0.2,
qwen25_7b,C02,3,complex,500,steady,10.848,0.0,0.4382,1,0,0.2,
qwen25_7b,C02,4,complex,500,steady,10.914,0.0,0.4382,1,0,0.2,
qwen25_7b,C03,0,complex,200,fault-HA,10.85,0.125,0.5862,1,0,0.2,
qwen25_7b,C03,1,complex,200,fault-HA,11.109,0.1111,0.5876,1,0,0.2,
qwen25_7b,C03,2,complex,200,fault-HA,11.827,0.1111,0.5876,1,0,0.2,
qwen25_7b,C03,3,complex,200,fault-HA,11.171,0.125,0.5862,1,0,0.2,
qwen25_7b,C03,4,complex,200,fault-HA,11.476,0.1111,0.5876,1,0,0.2,
qwen25_7b,C04,0,complex,200,steady,11.703,0.1111,0.9296,1,0,0.2,
qwen25_7b,C04,1,complex,200,steady,12.093,0.1111,0.9296,1,0,0.2,
qwen25_7b,C04,2,complex,200,steady,10.571,0.0,0.9296,1,0,0.2,
qwen25_7b,C04,3,complex,200,steady,11.688,0.1111,0.9296,1,0,0.2,
qwen25_7b,C04,4,complex,200,steady,10.169,0.125,0.9214,1,0,0.2,
qwen25_7b,C05,0,complex,500,bursty-headroom,11.406,0.1111,0.3592,1,0,0.2,
qwen25_7b,C05,1,complex,500,bursty-headroom,16.847,0.1111,0.3592,1,0,0.2,
qwen25_7b,C05,2,complex,500,bursty-headroom,13.012,0.2,0.3592,1,0,0.2,
qwen25_7b,C05,3,complex,500,bursty-headroom,12.575,0.1111,0.3592,1,0,0.2,
qwen25_7b,C05,4,complex,500,bursty-headroom,17.785,0.2,0.3592,1,0,0.2,
qwen25_7b,C06,0,complex,500,steady,17.136,0.1111,0.6276,1,0,0.2,
qwen25_7b,C06,1,complex,500,steady,11.932,0.1111,0.6276,1,0,0.2,
qwen25_7b,C06,2,complex,500,steady,17.371,0.1111,0.6276,1,0,0.2,
qwen25_7b,C06,3,complex,500,steady,10.392,0.0,0.6276,1,0,0.2,
qwen25_7b,C06,4,complex,500,steady,11.04,0.0,0.6276,1,0,0.2,
qwen25_7b,C07,0,complex,200,fault-HA,11.153,0.1111,0.6232,1,0,0.2,
qwen25_7b,C07,1,complex,200,fault-HA,12.473,0.2222,0.6173,1,0,0.2,Topology has issues: Connection references unknown VNF: central_ai_processing_unit
qwen25_7b,C07,2,complex,200,fault-HA,10.012,0.125,0.6173,1,0,0.2,
qwen25_7b,C07,3,complex,200,fault-HA,11.344,0.1111,0.6232,1,0,0.2,
qwen25_7b,C07,4,complex,200,fault-HA,9.985,0.125,0.6173,1,0,0.2,
qwen25_7b,C08,0,complex,500,steady,10.956,0.0,0.7109,1,0,0.2,
qwen25_7b,C08,1,complex,500,steady,11.733,0.1111,0.7109,1,0,0.2,
qwen25_7b,C08,2,complex,500,steady,10.094,0.125,0.6933,1,0,0.2,
qwen25_7b,C08,3,complex,500,steady,12.201,0.1111,0.7109,1,0,0.2,
qwen25_7b,C08,4,complex,500,steady,10.604,0.0,0.7109,1,0,0.2,
qwen25_7b,C09,0,complex,50,steady,6.317,0.0,0.7008,1,0,0.2,
qwen25_7b,C09,1,complex,50,steady,6.046,0.0,0.7008,1,0,0.2,
qwen25_7b,C09,2,complex,50,steady,6.049,0.0,0.7008,1,0,0.2,
qwen25_7b,C09,3,complex,50,steady,7.294,0.0,0.7619,0,0,0.2,
qwen25_7b,C09,4,complex,50,steady,6.113,0.0,0.7008,1,0,0.2,
qwen25_7b,N09,0,complex,200,bursty-headroom,11.232,0.0,0.8796,1,0,0.2,
qwen25_7b,N09,1,complex,200,bursty-headroom,11.158,0.0,0.8796,1,0,0.2,
qwen25_7b,N09,2,complex,200,bursty-headroom,10.839,0.0,0.8796,1,0,0.2,
qwen25_7b,N09,3,complex,200,bursty-headroom,11.051,0.0,0.8796,1,0,0.2,
qwen25_7b,N09,4,complex,200,bursty-headroom,10.74,0.0,0.8796,1,0,0.2,
qwen25_7b,N10,0,complex,200,sinusoidal-autoscale,11.34,0.0,0.9155,1,0,0.2,
qwen25_7b,N10,1,complex,200,sinusoidal-autoscale,10.526,0.0,0.9155,1,0,0.2,
qwen25_7b,N10,2,complex,200,sinusoidal-autoscale,11.104,0.0,0.9155,1,0,0.2,
qwen25_7b,N10,3,complex,200,sinusoidal-autoscale,11.054,0.0,0.9155,1,0,0.2,
qwen25_7b,N10,4,complex,200,sinusoidal-autoscale,12.666,0.2,0.9155,1,0,0.2,
qwen25_7b,N11,0,complex,500,sinusoidal-autoscale,12.726,0.2,0.7871,1,0,0.2,
qwen25_7b,N11,1,complex,500,sinusoidal-autoscale,13.178,0.2,0.7871,1,0,0.2,
qwen25_7b,N11,2,complex,500,sinusoidal-autoscale,13.236,0.2,0.7871,1,0,0.2,
qwen25_7b,N11,3,complex,500,sinusoidal-autoscale,11.823,0.1111,0.7871,1,0,0.2,
qwen25_7b,N11,4,complex,500,sinusoidal-autoscale,11.862,0.1111,0.7871,1,0,0.2,
deepseek_r1_7b,S01,0,simple,50,steady,22.041,0.0,0.8477,1,0,0.2,Topology has issues: Connection references unknown VNF: eMBB-slice; Connection references unknown VNF: MTC-slice
deepseek_r1_7b,S01,1,simple,50,steady,26.259,0.2,0.9175,0,0,0.2,Topology has issues: Connection references unknown VNF: oai-ue
deepseek_r1_7b,S01,2,simple,50,steady,25.453,0.2,0.926,0,0,0.2,
deepseek_r1_7b,S01,3,simple,50,steady,42.032,0.0,0.926,0,0,0.2,Topology has issues: Connection references unknown VNF: ueransim-gnb; Connection references unknown VNF: ueransim-ue
deepseek_r1_7b,S01,4,simple,50,steady,30.292,0.0,0.8984,0,0,0.2,Topology has issues: Duplicate VNF name: oai-upf
deepseek_r1_7b,S02,0,simple,200,steady,27.9,0.2,0.9926,0,0,0.2,
deepseek_r1_7b,S02,1,simple,200,steady,51.657,0.2,0.9926,0,0,0.2,Topology has issues: Connection references unknown VNF: oai-gnb
deepseek_r1_7b,S02,2,simple,200,steady,35.578,0.2,0.9926,0,0,0.2,Topology has issues: Connection references unknown VNF: oai-ue; Connection references unknown VNF: oai-ue
deepseek_r1_7b,S02,3,simple,200,steady,49.799,0.2,0.9841,0,0,0.2,
deepseek_r1_7b,S02,4,simple,200,steady,24.156,0.2,0.9926,0,0,0.2,
deepseek_r1_7b,S03,0,simple,50,steady,37.142,0.0,0.7619,0,0,0.2,
deepseek_r1_7b,S03,1,simple,50,steady,23.571,1.0,0.0,1,0,0.2,
deepseek_r1_7b,S03,2,simple,50,steady,21.884,0.0,0.8217,0,0,0.2,
deepseek_r1_7b,S03,3,simple,50,steady,78.637,0.0,0.7008,1,0,0.2,Topology has issues: Connection references unknown VNF: slice-eMBB
deepseek_r1_7b,S03,4,simple,50,steady,37.693,0.2,0.8646,0,0,0.2,Topology has issues: Connection references unknown VNF: oai-ue
deepseek_r1_7b,S04,0,simple,50,steady,24.942,1.0,0.0,1,0,0.2,Topology has issues: Connection references unknown VNF: amf-vnf; Connection references unknown VNF: nr-ue-vnf
deepseek_r1_7b,S04,1,simple,50,steady,21.069,0.0,0.8332,1,0,0.2,Topology has issues: Duplicate VNF name: oai-nrf; Duplicate VNF name: oai-upf
deepseek_r1_7b,S04,2,simple,50,steady,27.198,0.2,0.926,0,0,0.2,Topology has issues: Connection references unknown VNF: oai-ueransim-gnb; Connection references unknown VNF: oai-ueransim-ue
deepseek_r1_7b,S04,3,simple,50,steady,21.345,0.0,0.839,1,0,0.2,
deepseek_r1_7b,S04,4,simple,50,steady,24.552,0.0,1.0,1,0,0.2,Topology has issues: Connection references unknown VNF: oai-upf; Connection references unknown VNF: oai-nrf
deepseek_r1_7b,S05,0,simple,200,steady,26.662,0.2,0.9238,0,0,0.2,Topology has issues: Connection references unknown VNF: oai-gnb; Connection references unknown VNF: oai-ue
deepseek_r1_7b,S05,1,simple,200,steady,30.301,0.2,0.9153,0,0,0.2,
deepseek_r1_7b,S05,2,simple,200,steady,27.986,0.0,0.8861,0,0,0.2,
deepseek_r1_7b,S05,3,simple,200,steady,18.543,0.0,0.8888,1,0,0.2,
deepseek_r1_7b,S05,4,simple,200,steady,28.538,0.2,0.9238,0,0,0.2,Topology has issues: Connection references unknown VNF: oai-ueransim-gnb
deepseek_r1_7b,S06,0,simple,50,steady,52.448,0.0,0.9327,1,0,0.2,
deepseek_r1_7b,S06,1,simple,50,steady,93.542,0.0,0.8631,0,0,0.2,
deepseek_r1_7b,S06,2,simple,50,steady,23.175,0.0,0.712,1,0,0.2,
deepseek_r1_7b,S06,3,simple,50,steady,22.111,1.0,0.0,1,0,0.2,
deepseek_r1_7b,S06,4,simple,50,steady,30.902,0.0,0.7702,0,0,0.2,
deepseek_r1_7b,N01,0,simple,500,steady,24.01,0.2,0.8041,0,0,0.2,
deepseek_r1_7b,N01,1,simple,500,steady,19.922,0.0,0.0,1,0,0.0,'dict' object has no attribute 'lower'
deepseek_r1_7b,N01,2,simple,500,steady,26.463,0.2,0.8041,0,0,0.2,Topology has issues: Connection references unknown VNF: oai-ueransim-gnb
deepseek_r1_7b,N01,3,simple,500,steady,44.329,0.0,0.7811,0,0,0.2,Topology has issues: Duplicate VNF name: oai-upf; Duplicate VNF name: oai-udm
deepseek_r1_7b,N01,4,simple,500,steady,21.288,0.0,0.6643,1,0,0.2,
deepseek_r1_7b,M01,0,medium,500,steady,27.772,0.2,0.9927,0,0,0.2,Topology has issues: Connection references unknown VNF: oai-gnb; Connection references unknown VNF: oai_ue
deepseek_r1_7b,M01,1,medium,500,steady,29.137,0.2,0.9842,0,0,0.2,Topology has issues: Connection references unknown VNF: oai-ueransim-gnb; Connection references unknown VNF: oai-ueransim-ue
deepseek_r1_7b,M01,2,medium,500,steady,33.272,0.2,0.9927,0,0,0.2,
deepseek_r1_7b,M01,3,medium,500,steady,31.187,0.2,0.9927,0,0,0.2,Topology has issues: Connection references unknown VNF: oai-gnb; Connection references unknown VNF: oai-ue
deepseek_r1_7b,M01,4,medium,500,steady,19.778,0.4,1.0,1,0,0.2,
deepseek_r1_7b,M02,0,medium,200,steady,52.126,0.2,0.9686,0,0,0.2,Topology has issues: Connection references unknown VNF: oai-ausm
deepseek_r1_7b,M02,1,medium,200,steady,26.75,1.0,0.0,1,0,0.2,
deepseek_r1_7b,M02,2,medium,200,steady,20.986,0.125,0.9715,1,0,0.2,Topology has issues: Duplicate VNF name: oai-nssf
deepseek_r1_7b,M02,3,medium,200,steady,33.328,0.2,0.9686,0,0,0.2,
deepseek_r1_7b,M02,4,medium,200,steady,24.831,0.2,0.9686,0,0,0.2,
deepseek_r1_7b,M03,0,medium,500,fault-HA,54.956,0.3333,0.7181,0,0,0.2,
deepseek_r1_7b,M03,1,medium,500,fault-HA,40.849,0.0,0.7019,1,0,0.2,
deepseek_r1_7b,M03,2,medium,500,fault-HA,32.52,0.2,0.6978,0,0,0.2,
deepseek_r1_7b,M03,3,medium,500,fault-HA,41.025,0.2,0.6922,0,0,0.2,
deepseek_r1_7b,M03,4,medium,500,fault-HA,28.73,1.0,0.0,1,0,0.2,Topology has issues: Connection references unknown VNF: oai-ue-001-001; Connection references unknown VNF: oai-ue-001-001
deepseek_r1_7b,M04,0,medium,500,steady,34.753,0.0,0.5165,0,0,0.2,
deepseek_r1_7b,M04,1,medium,500,steady,33.952,0.2,0.5684,0,0,0.2,
deepseek_r1_7b,M04,2,medium,500,steady,19.062,0.0,0.351,1,0,0.2,Topology has issues: Connection references unknown VNF: eNB_slice
deepseek_r1_7b,M04,3,medium,500,steady,24.091,0.3,0.6026,1,0,0.2,
deepseek_r1_7b,M04,4,medium,500,steady,29.127,0.2,0.5769,0,0,0.2,
deepseek_r1_7b,M05,0,medium,500,steady,27.885,0.2,0.4868,0,0,0.2,
deepseek_r1_7b,M05,1,medium,500,steady,51.289,0.2,0.5042,0,0,0.2,Topology has issues: Connection references unknown VNF: oai-ueransim-gnb; Connection references unknown VNF: oai-ueransim-gnb; Connection references unknown VNF: oai-ueransim-ue
deepseek_r1_7b,M05,2,medium,500,steady,30.591,0.2,0.4957,0,0,0.2,
deepseek_r1_7b,M05,3,medium,500,steady,48.483,0.2,0.5042,0,0,0.2,
deepseek_r1_7b,M05,4,medium,500,steady,40.78,0.2,0.5042,0,0,0.2,
deepseek_r1_7b,M06,0,medium,200,fault-HA,25.955,0.0,0.7301,0,0,0.2,Topology has issues: Connection references unknown VNF: Slice1; Connection references unknown VNF: Slice2; Connection references unknown VNF: Slice1; Connection references unknown VNF: Slice3; Connection references unknown VNF: Slice2; Connection references unknown VNF: Slice3
deepseek_r1_7b,M06,1,medium,200,fault-HA,43.945,0.0,0.8815,1,0,0.2,Topology has issues: Connection references unknown VNF: gNB; Connection references unknown VNF: slice_eMBB
deepseek_r1_7b,M06,2,medium,200,fault-HA,16.758,0.0,0.7201,1,0,0.2,
deepseek_r1_7b,M06,3,medium,200,fault-HA,43.134,0.0,0.0,1,0,0.0,'dict' object has no attribute 'lower'
deepseek_r1_7b,M06,4,medium,200,fault-HA,37.199,0.2,0.6976,0,0,0.2,Topology has issues: Connection references unknown VNF: oai-ueransim-gnb; Connection references unknown VNF: oai-ueransim-ue
deepseek_r1_7b,M07,0,medium,200,steady,43.829,0.0,0.0,1,0,0.0,'dict' object has no attribute 'lower'
deepseek_r1_7b,M07,1,medium,200,steady,64.875,0.2,0.9443,0,0,0.2,Topology has issues: Connection references unknown VNF: oai-nSSF; Connection references unknown VNF: oai-ueransim-gnb; Connection references unknown VNF: oai-ueransim-gnb; Connection references unknown VNF: oai-ue
deepseek_r1_7b,M07,2,medium,200,steady,43.918,0.2,0.9443,0,0,0.2,
deepseek_r1_7b,M07,3,medium,200,steady,28.435,0.2,0.9443,0,0,0.2,
deepseek_r1_7b,M07,4,medium,200,steady,19.802,0.0,0.9415,0,0,0.2,
deepseek_r1_7b,M08,0,medium,500,bursty-headroom,25.84,0.0,0.0,1,0,0.0,'str' object has no attribute 'get'
deepseek_r1_7b,M08,1,medium,500,bursty-headroom,28.285,0.2,0.4001,0,0,0.2,
deepseek_r1_7b,M08,2,medium,500,bursty-headroom,33.633,0.0,0.4011,0,0,0.2,
deepseek_r1_7b,M08,3,medium,500,bursty-headroom,35.036,0.2,0.3827,0,0,0.2,
deepseek_r1_7b,M08,4,medium,500,bursty-headroom,33.246,0.0,0.4533,1,0,0.2,
deepseek_r1_7b,M09,0,medium,200,steady,29.753,0.0,0.9389,0,0,0.2,
deepseek_r1_7b,M09,1,medium,200,steady,21.499,0.0,0.9167,1,0,0.2,
deepseek_r1_7b,M09,2,medium,200,steady,31.279,0.2,0.9389,0,0,0.2,
deepseek_r1_7b,M09,3,medium,200,steady,25.804,0.25,0.9334,0,0,0.2,
deepseek_r1_7b,M09,4,medium,200,steady,27.984,0.0,0.9201,1,0,0.2,
deepseek_r1_7b,M10,0,medium,200,steady,42.464,0.2,0.872,0,0,0.2,Topology has issues: Connection references unknown VNF: oai-ue
deepseek_r1_7b,M10,1,medium,200,steady,65.01,0.125,0.8815,1,0,0.2,
deepseek_r1_7b,M10,2,medium,200,steady,11.806,0.0,0.0,1,0,0.0,'list' object has no attribute 'get'
deepseek_r1_7b,M10,3,medium,200,steady,51.239,0.0,0.0,1,0,0.0,No configuration artifacts provided — run VNF Configurator first
deepseek_r1_7b,M10,4,medium,200,steady,46.318,0.2,0.872,0,0,0.2,
deepseek_r1_7b,N02,0,medium,50,steady,24.28,0.2,0.8999,0,0,0.2,
deepseek_r1_7b,N02,1,medium,50,steady,70.794,0.0,0.8891,1,0,0.2,
deepseek_r1_7b,N02,2,medium,50,steady,92.706,0.2,0.8999,0,0,0.2,Topology has issues: Connection references unknown VNF: oai-gnb; Connection references unknown VNF: oai-ue; Connection references unknown VNF: oai-gnb
deepseek_r1_7b,N02,3,medium,50,steady,18.228,0.5,0.8048,1,0,0.2,
deepseek_r1_7b,N02,4,medium,50,steady,26.699,0.0,0.831,1,0,0.2,
deepseek_r1_7b,N03,0,medium,200,bursty-headroom,21.936,0.2,0.9238,0,0,0.2,
deepseek_r1_7b,N03,1,medium,200,bursty-headroom,20.408,0.0,0.8888,1,0,0.2,
deepseek_r1_7b,N03,2,medium,200,bursty-headroom,81.678,0.6154,0.9268,1,0,0.2,
deepseek_r1_7b,N03,3,medium,200,bursty-headroom,24.601,0.3333,0.8722,1,0,0.2,
deepseek_r1_7b,N03,4,medium,200,bursty-headroom,53.029,0.2,0.9153,0,0,0.2,
deepseek_r1_7b,N04,0,medium,500,sinusoidal-autoscale,33.263,0.2,0.7956,0,0,0.2,
deepseek_r1_7b,N04,1,medium,500,sinusoidal-autoscale,23.281,0.0,0.7513,0,0,0.2,
deepseek_r1_7b,N04,2,medium,500,sinusoidal-autoscale,24.334,0.2,0.7956,0,0,0.2,
deepseek_r1_7b,N04,3,medium,500,sinusoidal-autoscale,56.038,0.2,0.7956,0,0,0.2,
deepseek_r1_7b,N04,4,medium,500,sinusoidal-autoscale,26.799,0.2,0.7956,0,0,0.2,
deepseek_r1_7b,N05,0,medium,200,sinusoidal-autoscale,24.907,0.2,0.93,0,0,0.2,Topology has issues: Connection references unknown VNF: oai-ueransim-gnb
deepseek_r1_7b,N05,1,medium,200,sinusoidal-autoscale,25.748,0.2,0.9389,0,0,0.2,
deepseek_r1_7b,N05,2,medium,200,sinusoidal-autoscale,25.582,0.2,0.9389,0,0,0.2,
deepseek_r1_7b,N05,3,medium,200,sinusoidal-autoscale,20.903,0.2,0.9474,0,0,0.2,
deepseek_r1_7b,N05,4,medium,200,sinusoidal-autoscale,29.555,0.2,0.93,0,0,0.2,
deepseek_r1_7b,N06,0,medium,50,fault-HA,33.388,0.25,0.7258,1,0,0.2,
deepseek_r1_7b,N06,1,medium,50,fault-HA,82.529,0.0,0.7062,1,0,0.2,
deepseek_r1_7b,N06,2,medium,50,fault-HA,58.859,0.2,0.7013,1,0,0.2,
deepseek_r1_7b,N06,3,medium,50,fault-HA,25.065,0.2,0.7013,1,0,0.2,
deepseek_r1_7b,N06,4,medium,50,fault-HA,35.562,0.0,0.7112,1,0,0.2,
deepseek_r1_7b,N07,0,medium,500,bursty-headroom,27.208,0.3,0.7834,1,0,0.2,
deepseek_r1_7b,N07,1,medium,500,bursty-headroom,28.854,0.2,0.7957,1,0,0.2,Topology has issues: Connection references unknown VNF: oai-nSSF
deepseek_r1_7b,N07,2,medium,500,bursty-headroom,41.794,0.2,0.8036,0,0,0.2,
deepseek_r1_7b,N07,3,medium,500,bursty-headroom,82.133,0.25,0.7513,1,0,0.2,Topology has issues: Connection references unknown VNF: oai-udr
deepseek_r1_7b,N07,4,medium,500,bursty-headroom,24.504,0.0,0.7957,1,0,0.2,
deepseek_r1_7b,N08,0,medium,200,fault-HA,19.845,0.0,0.5498,1,0,0.2,
deepseek_r1_7b,N08,1,medium,200,fault-HA,48.125,0.3333,0.5886,0,0,0.2,
deepseek_r1_7b,N08,2,medium,200,fault-HA,27.412,0.2,0.6147,0,0,0.2,
deepseek_r1_7b,N08,3,medium,200,fault-HA,46.401,0.0,0.5886,0,0,0.2,
deepseek_r1_7b,N08,4,medium,200,fault-HA,22.415,0.4444,0.6007,1,0,0.2,
deepseek_r1_7b,C01,0,complex,500,fault-HA,31.024,0.0,0.5372,0,0,0.2,
deepseek_r1_7b,C01,1,complex,500,fault-HA,25.979,0.2,0.5319,1,0,0.2,
deepseek_r1_7b,C01,2,complex,500,fault-HA,26.589,0.2,0.5319,1,0,0.2,
deepseek_r1_7b,C01,3,complex,500,fault-HA,47.671,0.2,0.5319,1,0,0.2,
deepseek_r1_7b,C01,4,complex,500,fault-HA,74.086,0.2,0.5372,0,0,0.2,
deepseek_r1_7b,C02,0,complex,500,steady,40.028,0.0,0.4459,0,0,0.2,
deepseek_r1_7b,C02,1,complex,500,steady,42.643,0.2,0.4382,1,0,0.2,Topology has issues: Connection references unknown VNF: oai-n4sim
deepseek_r1_7b,C02,2,complex,500,steady,51.604,0.2,0.4459,0,0,0.2,
deepseek_r1_7b,C02,3,complex,500,steady,123.395,0.2222,0.3741,1,0,0.2,
deepseek_r1_7b,C02,4,complex,500,steady,31.488,0.0,0.0,1,0,0.0,No configuration artifacts provided — run VNF Configurator first
deepseek_r1_7b,C03,0,complex,200,fault-HA,33.695,0.2,0.5924,1,0,0.2,
deepseek_r1_7b,C03,1,complex,200,fault-HA,24.287,0.2,0.5977,0,0,0.2,
deepseek_r1_7b,C03,2,complex,200,fault-HA,24.411,0.0,0.5977,1,0,0.2,
deepseek_r1_7b,C03,3,complex,200,fault-HA,26.876,0.2,0.5924,1,0,0.2,
deepseek_r1_7b,C03,4,complex,200,fault-HA,32.596,0.2,0.5924,1,0,0.2,
deepseek_r1_7b,C04,0,complex,200,steady,19.535,0.0,0.8992,1,0,0.2,Topology has issues: Connection references unknown VNF: control_room; Connection references unknown VNF: node_a; Connection references unknown VNF: node_a; Connection references unknown VNF: node_b; Connection references unknown VNF: node_b; Connection references unknown VNF: node_c
deepseek_r1_7b,C04,1,complex,200,steady,81.483,0.2,0.9374,0,0,0.2,Topology has issues: Connection references unknown VNF: oai-ue
deepseek_r1_7b,C04,2,complex,200,steady,62.941,0.2,0.9369,1,0,0.2,Topology has issues: Connection references unknown VNF: oai-ue; Connection references unknown VNF: oai-ue; Connection references unknown VNF: oai-ueransim-gnb; Connection references unknown VNF: oai-ue; Connection references unknown VNF: oai-ueransim-ue
deepseek_r1_7b,C04,3,complex,200,steady,25.046,0.0,0.9447,0,0,0.2,
deepseek_r1_7b,C04,4,complex,200,steady,25.737,0.2,0.9369,1,0,0.2,
deepseek_r1_7b,C05,0,complex,500,bursty-headroom,46.754,0.2,0.3671,0,0,0.2,
deepseek_r1_7b,C05,1,complex,500,bursty-headroom,64.378,0.1667,0.1762,1,0,0.2,
deepseek_r1_7b,C05,2,complex,500,bursty-headroom,29.101,0.0,0.1615,1,0,0.2,Topology has issues: Connection references unknown VNF: slice_eMBB; Connection references unknown VNF: slice_uRAN; Connection references unknown VNF: slice_mMIMO
deepseek_r1_7b,C05,3,complex,500,bursty-headroom,25.239,0.3,0.2761,1,0,0.2,
deepseek_r1_7b,C05,4,complex,500,bursty-headroom,24.242,0.0,0.3043,1,0,0.2,
deepseek_r1_7b,C06,0,complex,500,steady,33.077,0.2,0.6428,0,0,0.2,
deepseek_r1_7b,C06,1,complex,500,steady,24.652,0.0,0.6512,1,0,0.2,
deepseek_r1_7b,C06,2,complex,500,steady,46.457,0.0,0.5962,1,0,0.2,
deepseek_r1_7b,C06,3,complex,500,steady,29.306,0.2,0.6428,0,0,0.2,
deepseek_r1_7b,C06,4,complex,500,steady,29.349,0.2,0.6428,0,0,0.2,
deepseek_r1_7b,C07,0,complex,200,fault-HA,23.828,0.2,0.6286,0,0,0.2,
deepseek_r1_7b,C07,1,complex,200,fault-HA,26.648,0.3,0.6234,0,0,0.2,
deepseek_r1_7b,C07,2,complex,200,fault-HA,24.205,0.0,0.6163,1,0,0.2,
deepseek_r1_7b,C07,3,complex,200,fault-HA,23.407,1.0,0.0,1,0,0.2,
deepseek_r1_7b,C07,4,complex,200,fault-HA,24.723,0.0,0.5685,1,0,0.2,Topology has issues: Duplicate VNF name: oai-upf; Duplicate VNF name: oai-nssf; Duplicate VNF name: oai-upf
deepseek_r1_7b,C08,0,complex,500,steady,36.479,0.2,0.7109,1,0,0.2,
deepseek_r1_7b,C08,1,complex,500,steady,59.889,0.0,0.7109,1,0,0.2,
deepseek_r1_7b,C08,2,complex,500,steady,28.139,0.3333,0.6932,1,0,0.2,
deepseek_r1_7b,C08,3,complex,500,steady,69.4,0.0,0.7261,0,0,0.2,
deepseek_r1_7b,C08,4,complex,500,steady,29.053,0.2,0.7183,1,0,0.2,
deepseek_r1_7b,C09,0,complex,50,steady,35.63,0.2,0.8561,0,0,0.2,
deepseek_r1_7b,C09,1,complex,50,steady,21.229,0.0,0.8646,0,0,0.2,
deepseek_r1_7b,C09,2,complex,50,steady,24.123,0.0,0.333,1,0,0.2,Topology has issues: Connection references unknown VNF: oai-upf-1; Connection references unknown VNF: eMBB-slice-1; Connection references unknown VNF: oai-upf-2; Connection references unknown VNF: eMBB-slice-1
deepseek_r1_7b,C09,3,complex,50,steady,20.485,0.0,0.7285,1,0,0.2,
deepseek_r1_7b,C09,4,complex,50,steady,25.168,0.0,0.9075,1,0,0.2,
deepseek_r1_7b,N09,0,complex,200,bursty-headroom,38.467,0.25,0.8709,1,0,0.2,
deepseek_r1_7b,N09,1,complex,200,bursty-headroom,27.891,0.0,0.8796,1,0,0.2,
deepseek_r1_7b,N09,2,complex,200,bursty-headroom,27.179,0.0,0.8471,0,0,0.2,Topology has issues: Duplicate VNF name: oai-upf
deepseek_r1_7b,N09,3,complex,200,bursty-headroom,53.771,0.2,0.9391,1,0,0.2,
deepseek_r1_7b,N09,4,complex,200,bursty-headroom,24.788,0.25,0.7893,1,0,0.2,
deepseek_r1_7b,N10,0,complex,200,sinusoidal-autoscale,26.333,0.2,0.9234,0,0,0.2,
deepseek_r1_7b,N10,1,complex,200,sinusoidal-autoscale,26.982,0.2,0.9155,1,0,0.2,
deepseek_r1_7b,N10,2,complex,200,sinusoidal-autoscale,24.112,0.0,0.9201,1,0,0.2,
deepseek_r1_7b,N10,3,complex,200,sinusoidal-autoscale,70.959,0.2,0.9234,0,0,0.2,
deepseek_r1_7b,N10,4,complex,200,sinusoidal-autoscale,29.469,0.2,0.9155,1,0,0.2,Topology has issues: Connection references unknown VNF: oai-ueransim-gnb; Connection references unknown VNF: oai-ueransim-gnb; Connection references unknown VNF: oai-ue
deepseek_r1_7b,N11,0,complex,500,sinusoidal-autoscale,26.555,0.2,0.7875,0,0,0.2,
deepseek_r1_7b,N11,1,complex,500,sinusoidal-autoscale,55.588,0.0,0.7661,1,0,0.2,
deepseek_r1_7b,N11,2,complex,500,sinusoidal-autoscale,24.922,0.2,0.7949,0,0,0.2,
deepseek_r1_7b,N11,3,complex,500,sinusoidal-autoscale,37.001,0.2,0.7949,0,0,0.2,Topology has issues: Connection references unknown VNF: oai-ueransim-gnb
deepseek_r1_7b,N11,4,complex,500,sinusoidal-autoscale,47.991,0.0,0.7397,1,0,0.2,
