system,intent_id,rep,complexity,ue_band,scenario,category,deployment_time_s,config_error_rate,resource_accuracy,interventions,intent_to_deploy_accuracy,policy_violation_rate,error
mas,P001,0,simple,50,steady,perfect,16.611,0.0,0.9921,0,0,0.2,
mas,P001,1,simple,50,steady,perfect,15.646,0.0,0.9921,0,0,0.2,
mas,P001,2,simple,50,steady,perfect,16.916,0.0,0.9921,0,0,0.2,
mas,P001,3,simple,50,steady,perfect,15.073,0.0,0.9921,0,0,0.2,
mas,P001,4,simple,50,steady,perfect,15.698,0.0,0.9921,0,0,0.2,
mas,P002,0,simple,50,steady,perfect,15.492,0.0,0.9761,0,0,0.2,
mas,P002,1,simple,50,steady,perfect,16.112,0.0,0.9761,0,0,0.2,
mas,P002,2,simple,50,steady,perfect,17.323,0.0,0.9761,0,0,0.2,
mas,P002,3,simple,50,steady,perfect,13.915,0.0,0.9761,0,0,0.2,
mas,P002,4,simple,50,steady,perfect,13.897,0.0,0.9761,0,0,0.2,
mas,P003,0,simple,50,steady,perfect,13.766,0.0,0.9916,0,0,0.2,
mas,P003,1,simple,50,steady,perfect,16.024,0.0,0.9916,0,0,0.2,
mas,P003,2,simple,50,steady,perfect,13.496,0.0,0.9916,0,0,0.2,
mas,P003,3,simple,50,steady,perfect,14.603,0.0,0.9916,0,0,0.2,
mas,P003,4,simple,50,steady,perfect,16.198,0.0,0.9916,0,0,0.2,
mas,P004,0,simple,50,steady,perfect,16.133,0.0,0.8958,0,0,0.2,
mas,P004,1,simple,50,steady,perfect,17.165,0.0,0.8958,0,0,0.2,
mas,P004,2,simple,50,steady,perfect,16.466,0.0,0.8958,0,0,0.2,
mas,P004,3,simple,50,steady,perfect,17.223,0.0,0.8958,0,0,0.2,
mas,P004,4,simple,50,steady,perfect,17.082,0.0,0.8958,0,0,0.2,
mas,P005,0,simple,50,steady,perfect,19.287,0.0,0.9686,0,0,0.2,
mas,P005,1,simple,50,steady,perfect,15.86,0.0,0.9686,0,0,0.2,
mas,P005,2,simple,50,steady,perfect,16.17,0.0,0.9686,0,0,0.2,
mas,P005,3,simple,50,steady,perfect,15.324,0.0,0.9686,0,0,0.2,
mas,P005,4,simple,50,steady,perfect,17.216,0.0,0.9686,0,0,0.2,
mas,P006,0,simple,50,steady,perfect,17.348,0.0,0.9484,0,0,0.2,
mas,P006,1,simple,50,steady,perfect,13.209,0.0,0.9484,0,0,0.2,
mas,P006,2,simple,50,steady,perfect,17.438,0.0,0.9484,0,0,0.2,
mas,P006,3,simple,50,steady,perfect,13.782,0.0,0.9484,0,0,0.2,
mas,P006,4,simple,50,steady,perfect,16.81,0.0,0.9484,0,0,0.2,
mas,P007,0,simple,200,steady,perfect,15.943,0.0,0.9399,0,0,0.2,
mas,P007,1,simple,200,steady,perfect,16.884,0.0,0.9399,0,0,0.2,
mas,P007,2,simple,200,steady,perfect,15.823,0.0,0.9399,0,0,0.2,
mas,P007,3,simple,200,steady,perfect,15.496,0.0,0.9399,0,0,0.2,
mas,P007,4,simple,200,steady,perfect,15.485,0.0,0.9399,0,0,0.2,
mas,P008,0,simple,200,steady,perfect,17.078,0.0,0.9639,0,0,0.2,
mas,P008,1,simple,200,steady,perfect,16.164,0.0,0.9639,0,0,0.2,
mas,P008,2,simple,200,steady,perfect,16.028,0.0,0.9639,0,0,0.2,
mas,P008,3,simple,200,steady,perfect,15.78,0.0,0.9639,0,0,0.2,
mas,P008,4,simple,200,steady,perfect,17.36,0.0,0.9639,0,0,0.2,
mas,P009,0,simple,200,steady,perfect,16.396,0.0,0.8341,0,0,0.2,
mas,P009,1,simple,200,steady,perfect,17.204,0.0,0.8341,0,0,0.2,
mas,P009,2,simple,200,steady,perfect,16.05,0.0,0.8341,0,0,0.2,
mas,P009,3,simple,200,steady,perfect,15.739,0.0,0.8341,0,0,0.2,
mas,P009,4,simple,200,steady,perfect,16.093,0.0,0.8341,0,0,0.2,
mas,P010,0,simple,50,steady,perfect,14.061,0.0,0.9443,0,0,0.2,
mas,P010,1,simple,50,steady,perfect,13.203,0.0,0.9443,0,0,0.2,
mas,P010,2,simple,50,steady,perfect,13.995,0.0,0.9443,0,0,0.2,
mas,P010,3,simple,50,steady,perfect,13.171,0.0,0.9443,0,0,0.2,
mas,P010,4,simple,50,steady,perfect,13.79,0.0,0.9443,0,0,0.2,
mas,P011,0,simple,200,bursty-headroom,perfect,15.546,0.0,0.9399,0,0,0.2,
mas,P011,1,simple,200,bursty-headroom,perfect,15.639,0.0,0.9399,0,0,0.2,
mas,P011,2,simple,200,bursty-headroom,perfect,15.893,0.0,0.9399,0,0,0.2,
mas,P011,3,simple,200,bursty-headroom,perfect,15.902,0.0,0.9399,0,0,0.2,
mas,P011,4,simple,200,bursty-headroom,perfect,16.032,0.0,0.9399,0,0,0.2,
mas,P012,0,simple,200,bursty-headroom,perfect,16.305,0.0,0.8718,0,0,0.2,
mas,P012,1,simple,200,bursty-headroom,perfect,16.928,0.0,0.8718,0,0,0.2,
mas,P012,2,simple,200,bursty-headroom,perfect,15.628,0.0,0.8718,0,0,0.2,
mas,P012,3,simple,200,bursty-headroom,perfect,15.731,0.0,0.8718,0,0,0.2,
mas,P012,4,simple,200,bursty-headroom,perfect,15.905,0.0,0.8718,0,0,0.2,
mas,P013,0,simple,50,bursty-headroom,perfect,15.944,0.0,0.9456,0,0,0.2,
mas,P013,1,simple,50,bursty-headroom,perfect,15.923,0.0,0.9456,0,0,0.2,
mas,P013,2,simple,50,bursty-headroom,perfect,19.145,0.0,0.9456,0,0,0.2,
mas,P013,3,simple,50,bursty-headroom,perfect,16.142,0.0,0.9456,0,0,0.2,
mas,P013,4,simple,50,bursty-headroom,perfect,17.071,0.0,0.9456,0,0,0.2,
mas,P014,0,simple,50,fault-HA,perfect,16.752,0.0,0.6919,0,0,0.2,
mas,P014,1,simple,50,fault-HA,perfect,13.333,0.0,0.6919,0,0,0.2,
mas,P014,2,simple,50,fault-HA,perfect,15.915,0.0,0.6919,0,0,0.2,
mas,P014,3,simple,50,fault-HA,perfect,17.356,0.0,0.6919,0,0,0.2,
mas,P014,4,simple,50,fault-HA,perfect,15.979,0.0,0.6919,0,0,0.2,
mas,P015,0,simple,50,fault-HA,perfect,21.147,0.0,0.6716,0,0,0.2,
mas,P015,1,simple,50,fault-HA,perfect,15.569,0.0,0.6716,0,0,0.2,
mas,P015,2,simple,50,fault-HA,perfect,18.6,0.0,0.6716,0,0,0.2,
mas,P015,3,simple,50,fault-HA,perfect,16.8,0.0,0.6716,0,0,0.2,
mas,P015,4,simple,50,fault-HA,perfect,15.716,0.0,0.6716,0,0,0.2,
mas,P016,0,medium,200,steady,perfect,19.244,0.0,0.9922,0,0,0.2,
mas,P016,1,medium,200,steady,perfect,21.746,0.0,0.9922,0,0,0.2,
mas,P016,2,medium,200,steady,perfect,21.336,0.0,0.9922,0,0,0.2,
mas,P016,3,medium,200,steady,perfect,21.106,0.0,0.9922,0,0,0.2,
mas,P016,4,medium,200,steady,perfect,20.939,0.0,0.9922,0,0,0.2,
mas,P017,0,medium,200,steady,perfect,14.009,0.0,0.8988,0,0,0.2,
mas,P017,1,medium,200,steady,perfect,14.036,0.0,0.8988,0,0,0.2,
mas,P017,2,medium,200,steady,perfect,13.572,0.0,0.8988,0,0,0.2,
mas,P017,3,medium,200,steady,perfect,13.22,0.0,0.8988,0,0,0.2,
mas,P017,4,medium,200,steady,perfect,14.01,0.0,0.8988,0,0,0.2,
mas,P018,0,medium,500,steady,perfect,15.619,0.0,0.5223,0,0,0.2,
mas,P018,1,medium,500,steady,perfect,17.903,0.0,0.5223,0,0,0.2,
mas,P018,2,medium,500,steady,perfect,17.34,0.0,0.5223,0,0,0.2,
mas,P018,3,medium,500,steady,perfect,16.036,0.0,0.5223,0,0,0.2,
mas,P018,4,medium,500,steady,perfect,17.492,0.0,0.5223,0,0,0.2,
mas,P019,0,medium,500,steady,perfect,16.482,0.0,0.729,0,0,0.2,
mas,P019,1,medium,500,steady,perfect,17.158,0.0,0.729,0,0,0.2,
mas,P019,2,medium,500,steady,perfect,17.829,0.0,0.729,0,0,0.2,
mas,P019,3,medium,500,steady,perfect,13.604,0.0,0.729,0,0,0.2,
mas,P019,4,medium,500,steady,perfect,15.864,0.0,0.729,0,0,0.2,
mas,P020,0,medium,200,steady,perfect,17.767,0.0,0.9239,0,0,0.2,
mas,P020,1,medium,200,steady,perfect,19.276,0.0,0.9239,0,0,0.2,
mas,P020,2,medium,200,steady,perfect,19.307,0.0,0.9239,0,0,0.2,
mas,P020,3,medium,200,steady,perfect,18.96,0.0,0.9239,0,0,0.2,
mas,P020,4,medium,200,steady,perfect,19.851,0.0,0.9239,0,0,0.2,
mas,P021,0,medium,200,steady,perfect,16.185,0.0,0.9399,0,0,0.2,
mas,P021,1,medium,200,steady,perfect,17.071,0.0,0.9399,0,0,0.2,
mas,P021,2,medium,200,steady,perfect,13.148,0.0,0.9399,0,0,0.2,
mas,P021,3,medium,200,steady,perfect,15.712,0.0,0.9399,0,0,0.2,
mas,P021,4,medium,200,steady,perfect,15.687,0.0,0.9399,0,0,0.2,
mas,P022,0,medium,200,steady,perfect,15.769,0.0,0.9187,0,0,0.2,
mas,P022,1,medium,200,steady,perfect,17.915,0.0,0.9187,0,0,0.2,
mas,P022,2,medium,200,steady,perfect,16.242,0.0,0.9187,0,0,0.2,
mas,P022,3,medium,200,steady,perfect,15.963,0.0,0.9187,0,0,0.2,
mas,P022,4,medium,200,steady,perfect,17.459,0.0,0.9187,0,0,0.2,
mas,P023,0,medium,200,steady,perfect,15.352,0.0,0.8809,0,0,0.2,
mas,P023,1,medium,200,steady,perfect,14.085,0.0,0.8639,0,0,0.2,
mas,P023,2,medium,200,steady,perfect,14.515,0.0,0.8639,0,0,0.2,
mas,P023,3,medium,200,steady,perfect,15.492,0.0,0.8809,0,0,0.2,
mas,P023,4,medium,200,steady,perfect,15.61,0.0,0.8809,0,0,0.2,
mas,P024,0,medium,200,steady,perfect,17.916,0.0,0.9918,0,0,0.2,
mas,P024,1,medium,200,steady,perfect,18.698,0.0,0.9918,0,0,0.2,
mas,P024,2,medium,200,steady,perfect,18.272,0.0,0.9918,0,0,0.2,
mas,P024,3,medium,200,steady,perfect,18.482,0.0,0.9918,0,0,0.2,
mas,P024,4,medium,200,steady,perfect,18.98,0.0,0.9918,0,0,0.2,
mas,P025,0,medium,500,steady,perfect,17.155,0.0,0.9921,0,0,0.2,
mas,P025,1,medium,500,steady,perfect,15.511,0.0,0.9921,0,0,0.2,
mas,P025,2,medium,500,steady,perfect,15.853,0.0,0.9921,0,0,0.2,
mas,P025,3,medium,500,steady,perfect,15.885,0.0,0.9921,0,0,0.2,
mas,P025,4,medium,500,steady,perfect,15.894,0.0,0.9921,0,0,0.2,
mas,P026,0,medium,500,bursty-headroom,perfect,15.864,0.0,0.3189,0,0,0.2,
mas,P026,1,medium,500,bursty-headroom,perfect,15.794,0.0,0.3189,0,0,0.2,
mas,P026,2,medium,500,bursty-headroom,perfect,15.587,0.0,0.3189,0,0,0.2,
mas,P026,3,medium,500,bursty-headroom,perfect,16.819,0.0,0.3189,0,0,0.2,
mas,P026,4,medium,500,bursty-headroom,perfect,17.737,0.0,0.3189,0,0,0.2,
mas,P027,0,medium,500,bursty-headroom,perfect,15.717,0.0,0.8989,0,0,0.2,
mas,P027,1,medium,500,bursty-headroom,perfect,17.429,0.0,0.8989,0,0,0.2,
mas,P027,2,medium,500,bursty-headroom,perfect,16.125,0.0,0.8989,0,0,0.2,
mas,P027,3,medium,500,bursty-headroom,perfect,15.312,0.0,0.8989,0,0,0.2,
mas,P027,4,medium,500,bursty-headroom,perfect,15.592,0.0,0.8989,0,0,0.2,
mas,P028,0,medium,500,bursty-headroom,perfect,16.601,0.0,0.8859,0,0,0.2,
mas,P028,1,medium,500,bursty-headroom,perfect,15.644,0.0,0.8859,0,0,0.2,
mas,P028,2,medium,500,bursty-headroom,perfect,16.57,0.0,0.8859,0,0,0.2,
mas,P028,3,medium,500,bursty-headroom,perfect,15.439,0.0,0.8859,0,0,0.2,
mas,P028,4,medium,500,bursty-headroom,perfect,15.372,0.0,0.8859,0,0,0.2,
mas,P029,0,medium,500,bursty-headroom,perfect,15.511,0.0,0.5326,0,0,0.2,
mas,P029,1,medium,500,bursty-headroom,perfect,15.718,0.0,0.5326,0,0,0.2,
mas,P029,2,medium,500,bursty-headroom,perfect,17.535,0.0,0.5326,0,0,0.2,
mas,P029,3,medium,500,bursty-headroom,perfect,18.14,0.0,0.5326,0,0,0.2,
mas,P029,4,medium,500,bursty-headroom,perfect,18.238,0.0,0.5326,0,0,0.2,
mas,P030,0,medium,200,sinusoidal-autoscale,perfect,19.856,0.0,0.7891,0,0,0.2,
mas,P030,1,medium,200,sinusoidal-autoscale,perfect,19.395,0.0,0.7891,0,0,0.2,
mas,P030,2,medium,200,sinusoidal-autoscale,perfect,19.159,0.0,0.7891,0,0,0.2,
mas,P030,3,medium,200,sinusoidal-autoscale,perfect,19.993,0.0,0.7891,0,0,0.2,
mas,P030,4,medium,200,sinusoidal-autoscale,perfect,19.165,0.0,0.7891,0,0,0.2,
mas,P031,0,medium,500,sinusoidal-autoscale,perfect,16.442,0.0,0.6469,0,0,0.2,
mas,P031,1,medium,500,sinusoidal-autoscale,perfect,16.095,0.0,0.6469,0,0,0.2,
mas,P031,2,medium,500,sinusoidal-autoscale,perfect,16.456,0.0,0.6469,0,0,0.2,
mas,P031,3,medium,500,sinusoidal-autoscale,perfect,15.638,0.0,0.6469,0,0,0.2,
mas,P031,4,medium,500,sinusoidal-autoscale,perfect,16.534,0.0,0.6469,0,0,0.2,
mas,P032,0,medium,200,sinusoidal-autoscale,perfect,18.925,0.0,0.9686,0,0,0.2,
mas,P032,1,medium,200,sinusoidal-autoscale,perfect,18.12,0.0,0.9686,0,0,0.2,
mas,P032,2,medium,200,sinusoidal-autoscale,perfect,19.432,0.0,0.9686,0,0,0.2,
mas,P032,3,medium,200,sinusoidal-autoscale,perfect,18.831,0.0,0.9686,0,0,0.2,
mas,P032,4,medium,200,sinusoidal-autoscale,perfect,19.005,0.0,0.9686,0,0,0.2,
mas,P033,0,medium,200,fault-HA,perfect,15.01,0.0,0.6713,0,0,0.2,
mas,P033,1,medium,200,fault-HA,perfect,15.176,0.0,0.6713,0,0,0.2,
mas,P033,2,medium,200,fault-HA,perfect,16.074,0.0,0.6713,0,0,0.2,
mas,P033,3,medium,200,fault-HA,perfect,15.07,0.0,0.6713,0,0,0.2,
mas,P033,4,medium,200,fault-HA,perfect,15.546,0.0,0.6713,0,0,0.2,
mas,P034,0,medium,200,fault-HA,perfect,13.717,0.0,0.6403,0,0,0.2,
mas,P034,1,medium,200,fault-HA,perfect,13.544,0.0,0.6403,0,0,0.2,
mas,P034,2,medium,200,fault-HA,perfect,15.719,0.0,0.6403,0,0,0.2,
mas,P034,3,medium,200,fault-HA,perfect,15.739,0.0,0.6403,0,0,0.2,
mas,P034,4,medium,200,fault-HA,perfect,15.658,0.0,0.6403,0,0,0.2,
mas,P035,0,medium,200,fault-HA,perfect,18.439,0.0,0.6554,0,0,0.2,
mas,P035,1,medium,200,fault-HA,perfect,18.002,0.0,0.6554,0,0,0.2,
mas,P035,2,medium,200,fault-HA,perfect,19.884,0.0,0.6554,0,0,0.2,
mas,P035,3,medium,200,fault-HA,perfect,17.68,0.0,0.6554,0,0,0.2,
mas,P035,4,medium,200,fault-HA,perfect,18.756,0.0,0.6554,0,0,0.2,
mas,P036,0,medium,500,fault-HA,perfect,16.919,0.0,0.6907,0,0,0.2,
mas,P036,1,medium,500,fault-HA,perfect,17.38,0.0,0.6907,0,0,0.2,
mas,P036,2,medium,500,fault-HA,perfect,16.715,0.0,0.6907,0,0,0.2,
mas,P036,3,medium,500,fault-HA,perfect,16.786,0.0,0.6907,0,0,0.2,
mas,P036,4,medium,500,fault-HA,perfect,17.186,0.0,0.6907,0,0,0.2,
mas,P037,0,medium,200,fault-HA,perfect,13.227,0.0,0.6376,0,0,0.2,
mas,P037,1,medium,200,fault-HA,perfect,13.308,0.0,0.6376,0,0,0.2,
mas,P037,2,medium,200,fault-HA,perfect,13.622,0.0,0.6376,0,0,0.2,
mas,P037,3,medium,200,fault-HA,perfect,13.201,0.0,0.6376,0,0,0.2,
mas,P037,4,medium,200,fault-HA,perfect,13.205,0.0,0.6376,0,0,0.2,
mas,P038,0,complex,500,steady,perfect,19.102,0.0,0.5012,0,0,0.2,
mas,P038,1,complex,500,steady,perfect,17.674,0.0,0.5012,0,0,0.2,
mas,P038,2,complex,500,steady,perfect,17.704,0.0,0.5012,0,0,0.2,
mas,P038,3,complex,500,steady,perfect,19.116,0.0,0.5012,0,0,0.2,
mas,P038,4,complex,500,steady,perfect,18.794,0.0,0.5012,0,0,0.2,
mas,P039,0,complex,500,steady,perfect,19.683,0.0,0.9931,0,0,0.2,
mas,P039,1,complex,500,steady,perfect,19.087,0.0,0.9931,0,0,0.2,
mas,P039,2,complex,500,steady,perfect,19.337,0.0,0.9931,0,0,0.2,
mas,P039,3,complex,500,steady,perfect,18.755,0.0,0.9931,0,0,0.2,
mas,P039,4,complex,500,steady,perfect,18.618,0.0,0.9931,0,0,0.2,
mas,P040,0,complex,500,steady,perfect,18.914,0.0,0.5309,0,0,0.2,
mas,P040,1,complex,500,steady,perfect,18.146,0.0,0.5309,0,0,0.2,
mas,P040,2,complex,500,steady,perfect,18.055,0.0,0.5309,0,0,0.2,
mas,P040,3,complex,500,steady,perfect,18.024,0.0,0.5309,0,0,0.2,
mas,P040,4,complex,500,steady,perfect,18.224,0.0,0.5309,0,0,0.2,
mas,P041,0,complex,500,steady,perfect,17.899,0.0,0.4899,0,0,0.2,
mas,P041,1,complex,500,steady,perfect,17.641,0.0,0.4899,0,0,0.2,
mas,P041,2,complex,500,steady,perfect,17.992,0.0,0.4899,0,0,0.2,
mas,P041,3,complex,500,steady,perfect,17.693,0.0,0.4899,0,0,0.2,
mas,P041,4,complex,500,steady,perfect,17.779,0.0,0.4899,0,0,0.2,
mas,P042,0,complex,500,steady,perfect,18.948,0.0,0.7497,0,0,0.2,
mas,P042,1,complex,500,steady,perfect,19.001,0.0,0.7497,0,0,0.2,
mas,P042,2,complex,500,steady,perfect,19.17,0.0,0.7497,0,0,0.2,
mas,P042,3,complex,500,steady,perfect,19.445,0.0,0.7497,0,0,0.2,
mas,P042,4,complex,500,steady,perfect,19.258,0.0,0.7497,0,0,0.2,
mas,P043,0,complex,500,steady,perfect,19.419,0.0,0.6068,0,0,0.2,
mas,P043,1,complex,500,steady,perfect,18.971,0.0,0.6068,0,0,0.2,
mas,P043,2,complex,500,steady,perfect,19.385,0.0,0.6068,0,0,0.2,
mas,P043,3,complex,500,steady,perfect,18.493,0.0,0.6068,0,0,0.2,
mas,P043,4,complex,500,steady,perfect,17.784,0.0,0.6068,0,0,0.2,
mas,P044,0,complex,200,steady,perfect,17.973,0.0,0.8544,0,0,0.2,
mas,P044,1,complex,200,steady,perfect,18.651,0.0,0.8544,0,0,0.2,
mas,P044,2,complex,200,steady,perfect,17.141,0.0,0.8544,0,0,0.2,
mas,P044,3,complex,200,steady,perfect,18.32,0.0,0.8544,0,0,0.2,
mas,P044,4,complex,200,steady,perfect,17.115,0.0,0.8544,0,0,0.2,
mas,P045,0,complex,500,steady,perfect,18.507,0.0,0.6308,0,0,0.2,
mas,P045,1,complex,500,steady,perfect,17.895,0.0,0.6308,0,0,0.2,
mas,P045,2,complex,500,steady,perfect,17.569,0.0,0.6308,0,0,0.2,
mas,P045,3,complex,500,steady,perfect,18.505,0.0,0.6308,0,0,0.2,
mas,P045,4,complex,500,steady,perfect,20.737,0.0,0.6308,0,0,0.2,
mas,P046,0,complex,500,bursty-headroom,perfect,17.444,0.0,0.3476,0,0,0.2,
mas,P046,1,complex,500,bursty-headroom,perfect,17.813,0.0,0.3476,0,0,0.2,
mas,P046,2,complex,500,bursty-headroom,perfect,17.566,0.0,0.3476,0,0,0.2,
mas,P046,3,complex,500,bursty-headroom,perfect,18.402,0.0,0.3476,0,0,0.2,
mas,P046,4,complex,500,bursty-headroom,perfect,18.586,0.0,0.3476,0,0,0.2,
mas,P047,0,complex,500,bursty-headroom,perfect,15.894,0.0,0.2593,0,0,0.2,
mas,P047,1,complex,500,bursty-headroom,perfect,15.859,0.0,0.2593,0,0,0.2,
mas,P047,2,complex,500,bursty-headroom,perfect,15.921,0.0,0.2593,0,0,0.2,
mas,P047,3,complex,500,bursty-headroom,perfect,17.167,0.0,0.2593,0,0,0.2,
mas,P047,4,complex,500,bursty-headroom,perfect,15.823,0.0,0.2593,0,0,0.2,
mas,P048,0,complex,200,bursty-headroom,perfect,16.607,0.0,0.7451,0,0,0.2,
mas,P048,1,complex,200,bursty-headroom,perfect,16.134,0.0,0.7451,0,0,0.2,
mas,P048,2,complex,200,bursty-headroom,perfect,15.787,0.0,0.7451,0,0,0.2,
mas,P048,3,complex,200,bursty-headroom,perfect,16.136,0.0,0.7451,0,0,0.2,
mas,P048,4,complex,200,bursty-headroom,perfect,15.963,0.0,0.7451,0,0,0.2,
mas,P049,0,complex,500,sinusoidal-autoscale,perfect,17.587,0.0,0.3611,0,0,0.2,
mas,P049,1,complex,500,sinusoidal-autoscale,perfect,15.561,0.0,0.3611,0,0,0.2,
mas,P049,2,complex,500,sinusoidal-autoscale,perfect,17.01,0.0,0.3611,0,0,0.2,
mas,P049,3,complex,500,sinusoidal-autoscale,perfect,18.063,0.0,0.3611,0,0,0.2,
mas,P049,4,complex,500,sinusoidal-autoscale,perfect,16.248,0.0,0.3611,0,0,0.2,
mas,P050,0,complex,500,sinusoidal-autoscale,perfect,16.816,0.0,0.9921,0,0,0.2,
mas,P050,1,complex,500,sinusoidal-autoscale,perfect,17.027,0.0,0.9921,0,0,0.2,
mas,P050,2,complex,500,sinusoidal-autoscale,perfect,16.599,0.0,0.9921,0,0,0.2,
mas,P050,3,complex,500,sinusoidal-autoscale,perfect,16.699,0.0,0.9921,0,0,0.2,
mas,P050,4,complex,500,sinusoidal-autoscale,perfect,16.123,0.0,0.9921,0,0,0.2,
mas,P051,0,complex,500,fault-HA,perfect,18.583,0.0,0.7354,0,0,0.2,
mas,P051,1,complex,500,fault-HA,perfect,19.638,0.0,0.7354,0,0,0.2,
mas,P051,2,complex,500,fault-HA,perfect,19.21,0.0,0.7354,0,0,0.2,
mas,P051,3,complex,500,fault-HA,perfect,18.827,0.0,0.7354,0,0,0.2,
mas,P051,4,complex,500,fault-HA,perfect,19.304,0.0,0.7354,0,0,0.2,
mas,P052,0,complex,500,fault-HA,perfect,19.351,0.0,0.3919,0,0,0.2,
mas,P052,1,complex,500,fault-HA,perfect,18.199,0.0,0.3919,0,0,0.2,
mas,P052,2,complex,500,fault-HA,perfect,20.038,0.0,0.3919,0,0,0.2,
mas,P052,3,complex,500,fault-HA,perfect,19.078,0.0,0.3919,0,0,0.2,
mas,P052,4,complex,500,fault-HA,perfect,18.553,0.0,0.3919,0,0,0.2,
mas,P053,0,complex,500,fault-HA,perfect,18.303,0.0,0.4741,0,0,0.2,
mas,P053,1,complex,500,fault-HA,perfect,17.625,0.0,0.4741,0,0,0.2,
mas,P053,2,complex,500,fault-HA,perfect,18.049,0.0,0.4741,0,0,0.2,
mas,P053,3,complex,500,fault-HA,perfect,18.216,0.0,0.4741,0,0,0.2,
mas,P053,4,complex,500,fault-HA,perfect,18.062,0.0,0.4741,0,0,0.2,
mas,P054,0,complex,500,fault-HA,perfect,19.219,0.0,0.4169,0,0,0.2,
mas,P054,1,complex,500,fault-HA,perfect,19.173,0.0,0.4169,0,0,0.2,
mas,P054,2,complex,500,fault-HA,perfect,19.16,0.0,0.4169,0,0,0.2,
mas,P054,3,complex,500,fault-HA,perfect,18.875,0.0,0.4169,0,0,0.2,
mas,P054,4,complex,500,fault-HA,perfect,19.26,0.0,0.4169,0,0,0.2,
mas,P055,0,complex,200,fault-HA,perfect,20.068,0.0,0.6121,0,0,0.2,
mas,P055,1,complex,200,fault-HA,perfect,18.634,0.0,0.6121,0,0,0.2,
mas,P055,2,complex,200,fault-HA,perfect,20.708,0.0,0.6121,0,0,0.2,
mas,P055,3,complex,200,fault-HA,perfect,18.281,0.0,0.6121,0,0,0.2,
mas,P055,4,complex,200,fault-HA,perfect,18.547,0.0,0.6121,0,0,0.2,
mas,P056,0,simple,50,steady,perfect,16.795,0.0,0.9896,0,0,0.2,
mas,P056,1,simple,50,steady,perfect,16.569,0.0,0.9896,0,0,0.2,
mas,P056,2,simple,50,steady,perfect,17.168,0.0,0.9896,0,0,0.2,
mas,P056,3,simple,50,steady,perfect,15.456,0.0,0.9896,0,0,0.2,
mas,P056,4,simple,50,steady,perfect,13.793,0.0,0.9896,0,0,0.2,
mas,P057,0,simple,200,steady,perfect,13.696,0.0,0.9911,0,0,0.2,
mas,P057,1,simple,200,steady,perfect,13.871,0.0,0.9911,0,0,0.2,
mas,P057,2,simple,200,steady,perfect,17.95,0.0,0.9911,0,0,0.2,
mas,P057,3,simple,200,steady,perfect,13.668,0.0,0.9911,0,0,0.2,
mas,P057,4,simple,200,steady,perfect,13.667,0.0,0.9911,0,0,0.2,
mas,P058,0,medium,200,steady,perfect,13.74,0.0,0.8809,0,0,0.2,
mas,P058,1,medium,200,steady,perfect,14.039,0.0,0.8809,0,0,0.2,
mas,P058,2,medium,200,steady,perfect,13.583,0.0,0.8809,0,0,0.2,
mas,P058,3,medium,200,steady,perfect,14.198,0.0,0.8809,0,0,0.2,
mas,P058,4,medium,200,steady,perfect,14.388,0.0,0.8809,0,0,0.2,
mas,P059,0,medium,500,steady,perfect,13.084,0.0,0.9921,0,0,0.2,
mas,P059,1,medium,500,steady,perfect,16.68,0.0,0.9921,0,0,0.2,
mas,P059,2,medium,500,steady,perfect,16.982,0.0,0.9921,0,0,0.2,
mas,P059,3,medium,500,steady,perfect,13.488,0.0,0.9921,0,0,0.2,
mas,P059,4,medium,500,steady,perfect,13.484,0.0,0.9921,0,0,0.2,
mas,P060,0,complex,500,steady,perfect,18.526,0.0,0.9927,0,0,0.2,
mas,P060,1,complex,500,steady,perfect,18.869,0.0,0.9927,0,0,0.2,
mas,P060,2,complex,500,steady,perfect,19.526,0.0,0.9927,0,0,0.2,
mas,P060,3,complex,500,steady,perfect,19.091,0.0,0.9927,0,0,0.2,
mas,P060,4,complex,500,steady,perfect,18.701,0.0,0.9927,0,0,0.2,
mas,P061,0,simple,50,steady,perfect,16.727,0.0,0.9658,0,0,0.2,
mas,P061,1,simple,50,steady,perfect,17.09,0.0,0.9658,0,0,0.2,
mas,P061,2,simple,50,steady,perfect,17.089,0.0,0.9658,0,0,0.2,
mas,P061,3,simple,50,steady,perfect,16.295,0.0,0.9658,0,0,0.2,
mas,P061,4,simple,50,steady,perfect,16.735,0.0,0.9658,0,0,0.2,
mas,P062,0,medium,200,steady,perfect,17.586,0.0,0.8639,0,0,0.2,
mas,P062,1,medium,200,steady,perfect,16.003,0.0,0.8639,0,0,0.2,
mas,P062,2,medium,200,steady,perfect,17.794,0.0,0.8639,0,0,0.2,
mas,P062,3,medium,200,steady,perfect,18.026,0.0,0.8639,0,0,0.2,
mas,P062,4,medium,200,steady,perfect,17.793,0.0,0.8639,0,0,0.2,
mas,P063,0,complex,500,steady,perfect,18.78,0.0,0.5587,0,0,0.2,
mas,P063,1,complex,500,steady,perfect,19.359,0.0,0.5587,0,0,0.2,
mas,P063,2,complex,500,steady,perfect,18.782,0.0,0.5587,0,0,0.2,
mas,P063,3,complex,500,steady,perfect,19.669,0.0,0.5587,0,0,0.2,
mas,P063,4,complex,500,steady,perfect,19.486,0.0,0.5587,0,0,0.2,
mas,P064,0,simple,50,steady,perfect,13.273,0.0,0.9789,0,0,0.2,
mas,P064,1,simple,50,steady,perfect,13.35,0.0,0.9789,0,0,0.2,
mas,P064,2,simple,50,steady,perfect,13.703,0.0,0.9789,0,0,0.2,
mas,P064,3,simple,50,steady,perfect,13.26,0.0,0.9789,0,0,0.2,
mas,P064,4,simple,50,steady,perfect,13.463,0.0,0.9789,0,0,0.2,
mas,P065,0,medium,200,steady,perfect,13.253,0.0,0.9187,0,0,0.2,
mas,P065,1,medium,200,steady,perfect,13.262,0.0,0.9187,0,0,0.2,
mas,P065,2,medium,200,steady,perfect,13.896,0.0,0.9187,0,0,0.2,
mas,P065,3,medium,200,steady,perfect,13.252,0.0,0.9187,0,0,0.2,
mas,P065,4,medium,200,steady,perfect,13.333,0.0,0.9187,0,0,0.2,
mas,P066,0,simple,50,bursty-headroom,perfect,13.753,0.0,0.99,0,0,0.2,
mas,P066,1,simple,50,bursty-headroom,perfect,15.675,0.0,0.99,0,0,0.2,
mas,P066,2,simple,50,bursty-headroom,perfect,19.154,0.0,0.99,0,0,0.2,
mas,P066,3,simple,50,bursty-headroom,perfect,17.239,0.0,0.99,0,0,0.2,
mas,P066,4,simple,50,bursty-headroom,perfect,20.845,0.0,0.99,0,0,0.2,
mas,P067,0,medium,200,bursty-headroom,perfect,16.091,0.0,0.9916,0,0,0.2,
mas,P067,1,medium,200,bursty-headroom,perfect,16.054,0.0,0.9916,0,0,0.2,
mas,P067,2,medium,200,bursty-headroom,perfect,17.221,0.0,0.9916,0,0,0.2,
mas,P067,3,medium,200,bursty-headroom,perfect,16.651,0.0,0.9916,0,0,0.2,
mas,P067,4,medium,200,bursty-headroom,perfect,15.796,0.0,0.9916,0,0,0.2,
mas,P068,0,complex,500,sinusoidal-autoscale,perfect,17.163,0.0,0.9921,0,0,0.2,
mas,P068,1,complex,500,sinusoidal-autoscale,perfect,20.222,0.0,0.9921,0,0,0.2,
mas,P068,2,complex,500,sinusoidal-autoscale,perfect,19.618,0.0,0.9921,0,0,0.2,
mas,P068,3,complex,500,sinusoidal-autoscale,perfect,16.392,0.0,0.9921,0,0,0.2,
mas,P068,4,complex,500,sinusoidal-autoscale,perfect,15.736,0.0,0.9921,0,0,0.2,
mas,P069,0,simple,50,fault-HA,perfect,13.466,0.0,0.6796,0,0,0.2,
mas,P069,1,simple,50,fault-HA,perfect,13.542,0.0,0.6796,0,0,0.2,
mas,P069,2,simple,50,fault-HA,perfect,17.812,0.0,0.6796,0,0,0.2,
mas,P069,3,simple,50,fault-HA,perfect,13.581,0.0,0.6796,0,0,0.2,
mas,P069,4,simple,50,fault-HA,perfect,13.438,0.0,0.6796,0,0,0.2,
mas,P070,0,medium,200,fault-HA,perfect,15.62,0.0,0.5871,0,0,0.2,
mas,P070,1,medium,200,fault-HA,perfect,17.026,0.0,0.5871,0,0,0.2,
mas,P070,2,medium,200,fault-HA,perfect,17.66,0.0,0.5871,0,0,0.2,
mas,P070,3,medium,200,fault-HA,perfect,15.904,0.0,0.5871,0,0,0.2,
mas,P070,4,medium,200,fault-HA,perfect,13.247,0.0,0.5871,0,0,0.2,
mas,P071,0,simple,50,steady,perfect,13.655,0.0,0.9904,0,0,0.2,
mas,P071,1,simple,50,steady,perfect,13.108,0.0,0.9904,0,0,0.2,
mas,P071,2,simple,50,steady,perfect,17.051,0.0,0.9904,0,0,0.2,
mas,P071,3,simple,50,steady,perfect,13.601,0.0,0.9904,0,0,0.2,
mas,P071,4,simple,50,steady,perfect,15.635,0.0,0.9904,0,0,0.2,
mas,P072,0,simple,200,steady,perfect,15.816,0.0,0.9594,0,0,0.2,
mas,P072,1,simple,200,steady,perfect,17.535,0.0,0.9594,0,0,0.2,
mas,P072,2,simple,200,steady,perfect,16.214,0.0,0.9594,0,0,0.2,
mas,P072,3,simple,200,steady,perfect,17.378,0.0,0.9594,0,0,0.2,
mas,P072,4,simple,200,steady,perfect,15.49,0.0,0.9594,0,0,0.2,
mas,P073,0,medium,500,steady,perfect,18.995,0.0,0.8116,0,0,0.2,
mas,P073,1,medium,500,steady,perfect,19.037,0.0,0.8116,0,0,0.2,
mas,P073,2,medium,500,steady,perfect,18.471,0.0,0.8116,0,0,0.2,
mas,P073,3,medium,500,steady,perfect,18.335,0.0,0.8116,0,0,0.2,
mas,P073,4,medium,500,steady,perfect,18.564,0.0,0.8116,0,0,0.2,
mas,P074,0,medium,500,sinusoidal-autoscale,perfect,13.154,0.0,0.9921,0,0,0.2,
mas,P074,1,medium,500,sinusoidal-autoscale,perfect,14.485,0.0,0.9921,0,0,0.2,
mas,P074,2,medium,500,sinusoidal-autoscale,perfect,13.186,0.0,0.9921,0,0,0.2,
mas,P074,3,medium,500,sinusoidal-autoscale,perfect,20.066,0.0,0.9921,0,0,0.2,
mas,P074,4,medium,500,sinusoidal-autoscale,perfect,20.342,0.0,0.9921,0,0,0.2,
mas,P075,0,complex,500,fault-HA,perfect,19.455,0.0,0.7256,0,0,0.2,
mas,P075,1,complex,500,fault-HA,perfect,19.528,0.0,0.7256,0,0,0.2,
mas,P075,2,complex,500,fault-HA,perfect,21.328,0.0,0.7256,0,0,0.2,
mas,P075,3,complex,500,fault-HA,perfect,19.114,0.0,0.7256,0,0,0.2,
mas,P075,4,complex,500,fault-HA,perfect,19.027,0.0,0.7256,0,0,0.2,
mas,P076,0,simple,50,steady,perfect,14.202,0.0,0.952,0,0,0.2,
mas,P076,1,simple,50,steady,perfect,13.651,0.0,0.952,0,0,0.2,
mas,P076,2,simple,50,steady,perfect,13.982,0.0,0.952,0,0,0.2,
mas,P076,3,simple,50,steady,perfect,13.249,0.0,0.952,0,0,0.2,
mas,P076,4,simple,50,steady,perfect,13.122,0.0,0.952,0,0,0.2,
mas,P077,0,simple,200,steady,perfect,13.599,0.0,0.9895,0,0,0.2,
mas,P077,1,simple,200,steady,perfect,13.602,0.0,0.9895,0,0,0.2,
mas,P077,2,simple,200,steady,perfect,13.538,0.0,0.9895,0,0,0.2,
mas,P077,3,simple,200,steady,perfect,13.731,0.0,0.9895,0,0,0.2,
mas,P077,4,simple,200,steady,perfect,13.578,0.0,0.9895,0,0,0.2,
mas,P078,0,medium,200,steady,perfect,15.852,0.0,0.8485,0,0,0.2,
mas,P078,1,medium,200,steady,perfect,15.691,0.0,0.8485,0,0,0.2,
mas,P078,2,medium,200,steady,perfect,16.19,0.0,0.8485,0,0,0.2,
mas,P078,3,medium,200,steady,perfect,16.038,0.0,0.8485,0,0,0.2,
mas,P078,4,medium,200,steady,perfect,15.643,0.0,0.8485,0,0,0.2,
mas,P079,0,medium,500,steady,perfect,19.113,0.0,0.9921,0,0,0.2,
mas,P079,1,medium,500,steady,perfect,20.742,0.0,0.9921,0,0,0.2,
mas,P079,2,medium,500,steady,perfect,18.324,0.0,0.9921,0,0,0.2,
mas,P079,3,medium,500,steady,perfect,20.913,0.0,0.9921,0,0,0.2,
mas,P079,4,medium,500,steady,perfect,21.044,0.0,0.9921,0,0,0.2,
mas,P080,0,complex,500,fault-HA,perfect,18.396,0.0,0.7194,0,0,0.2,
mas,P080,1,complex,500,fault-HA,perfect,20.645,0.0,0.7194,0,0,0.2,
mas,P080,2,complex,500,fault-HA,perfect,19.597,0.0,0.7194,0,0,0.2,
mas,P080,3,complex,500,fault-HA,perfect,18.855,0.0,0.7194,0,0,0.2,
mas,P080,4,complex,500,fault-HA,perfect,20.037,0.0,0.7194,0,0,0.2,
mas,P081,0,simple,50,steady,perfect,13.784,0.0,0.9708,0,0,0.2,
mas,P081,1,simple,50,steady,perfect,13.444,0.0,0.9708,0,0,0.2,
mas,P081,2,simple,50,steady,perfect,18.606,0.0,0.9708,0,0,0.2,
mas,P081,3,simple,50,steady,perfect,18.565,0.0,0.9708,0,0,0.2,
mas,P081,4,simple,50,steady,perfect,16.394,0.0,0.9708,0,0,0.2,
mas,P082,0,medium,500,steady,perfect,17.768,0.0,0.8211,0,0,0.2,
mas,P082,1,medium,500,steady,perfect,17.345,0.0,0.8211,0,0,0.2,
mas,P082,2,medium,500,steady,perfect,17.144,0.0,0.8211,0,0,0.2,
mas,P082,3,medium,500,steady,perfect,17.359,0.0,0.8211,0,0,0.2,
mas,P082,4,medium,500,steady,perfect,14.91,0.0,0.8211,0,0,0.2,
mas,P083,0,complex,500,steady,perfect,18.322,0.0,0.5253,0,0,0.2,
mas,P083,1,complex,500,steady,perfect,18.291,0.0,0.5253,0,0,0.2,
mas,P083,2,complex,500,steady,perfect,18.46,0.0,0.5253,0,0,0.2,
mas,P083,3,complex,500,steady,perfect,19.956,0.0,0.5253,0,0,0.2,
mas,P083,4,complex,500,steady,perfect,18.428,0.0,0.5253,0,0,0.2,
mas,P084,0,simple,50,steady,perfect,17.601,0.0,0.9829,0,0,0.2,
mas,P084,1,simple,50,steady,perfect,13.262,0.0,0.9829,0,0,0.2,
mas,P084,2,simple,50,steady,perfect,15.887,0.0,0.9829,0,0,0.2,
mas,P084,3,simple,50,steady,perfect,15.593,0.0,0.9829,0,0,0.2,
mas,P084,4,simple,50,steady,perfect,17.341,0.0,0.9829,0,0,0.2,
mas,P085,0,medium,200,steady,perfect,17.236,0.0,0.8809,0,0,0.2,
mas,P085,1,medium,200,steady,perfect,13.245,0.0,0.8809,0,0,0.2,
mas,P085,2,medium,200,steady,perfect,17.333,0.0,0.8809,0,0,0.2,
mas,P085,3,medium,200,steady,perfect,17.492,0.0,0.8809,0,0,0.2,
mas,P085,4,medium,200,steady,perfect,15.913,0.0,0.8809,0,0,0.2,
mas,P086,0,simple,50,bursty-headroom,perfect,16.148,0.0,0.9916,0,0,0.2,
mas,P086,1,simple,50,bursty-headroom,perfect,15.529,0.0,0.9916,0,0,0.2,
mas,P086,2,simple,50,bursty-headroom,perfect,13.936,0.0,0.9916,0,0,0.2,
mas,P086,3,simple,50,bursty-headroom,perfect,13.621,0.0,0.9916,0,0,0.2,
mas,P086,4,simple,50,bursty-headroom,perfect,18.672,0.0,0.9916,0,0,0.2,
mas,P087,0,medium,500,bursty-headroom,perfect,17.282,0.0,0.9921,0,0,0.2,
mas,P087,1,medium,500,bursty-headroom,perfect,19.642,0.0,0.9921,0,0,0.2,
mas,P087,2,medium,500,bursty-headroom,perfect,19.918,0.0,0.9921,0,0,0.2,
mas,P087,3,medium,500,bursty-headroom,perfect,19.768,0.0,0.9921,0,0,0.2,
mas,P087,4,medium,500,bursty-headroom,perfect,20.23,0.0,0.9921,0,0,0.2,
mas,P088,0,complex,500,sinusoidal-autoscale,perfect,19.075,0.0,0.9921,0,0,0.2,
mas,P088,1,complex,500,sinusoidal-autoscale,perfect,19.797,0.0,0.9921,0,0,0.2,
mas,P088,2,complex,500,sinusoidal-autoscale,perfect,17.556,0.0,0.9921,0,0,0.2,
mas,P088,3,complex,500,sinusoidal-autoscale,perfect,20.331,0.0,0.9921,0,0,0.2,
mas,P088,4,complex,500,sinusoidal-autoscale,perfect,20.597,0.0,0.9921,0,0,0.2,
mas,P089,0,simple,50,fault-HA,perfect,13.432,0.0,0.6753,0,0,0.2,
mas,P089,1,simple,50,fault-HA,perfect,16.604,0.0,0.6753,0,0,0.2,
mas,P089,2,simple,50,fault-HA,perfect,16.529,0.0,0.6753,0,0,0.2,
mas,P089,3,simple,50,fault-HA,perfect,16.528,0.0,0.6753,0,0,0.2,
mas,P089,4,simple,50,fault-HA,perfect,17.896,0.0,0.6753,0,0,0.2,
mas,P090,0,medium,200,fault-HA,perfect,19.311,0.0,0.5875,0,0,0.2,
mas,P090,1,medium,200,fault-HA,perfect,20.946,0.0,0.5875,0,0,0.2,
mas,P090,2,medium,200,fault-HA,perfect,20.219,0.0,0.5875,0,0,0.2,
mas,P090,3,medium,200,fault-HA,perfect,18.866,0.0,0.5875,0,0,0.2,
mas,P090,4,medium,200,fault-HA,perfect,18.765,0.0,0.5875,0,0,0.2,
mas,P091,0,simple,200,steady,perfect,13.949,0.0,0.9912,0,0,0.2,
mas,P091,1,simple,200,steady,perfect,13.637,0.0,0.9912,0,0,0.2,
mas,P091,2,simple,200,steady,perfect,13.064,0.0,0.9912,0,0,0.2,
mas,P091,3,simple,200,steady,perfect,13.031,0.0,0.9912,0,0,0.2,
mas,P091,4,simple,200,steady,perfect,13.715,0.0,0.9912,0,0,0.2,
mas,P092,0,medium,500,steady,perfect,16.827,0.0,0.7749,0,0,0.2,
mas,P092,1,medium,500,steady,perfect,15.832,0.0,0.7749,0,0,0.2,
mas,P092,2,medium,500,steady,perfect,16.912,0.0,0.7749,0,0,0.2,
mas,P092,3,medium,500,steady,perfect,17.186,0.0,0.7749,0,0,0.2,
mas,P092,4,medium,500,steady,perfect,17.3,0.0,0.7749,0,0,0.2,
mas,P093,0,complex,500,steady,perfect,18.979,0.0,0.9931,0,0,0.2,
mas,P093,1,complex,500,steady,perfect,18.897,0.0,0.9931,0,0,0.2,
mas,P093,2,complex,500,steady,perfect,19.034,0.0,0.9931,0,0,0.2,
mas,P093,3,complex,500,steady,perfect,19.184,0.0,0.9931,0,0,0.2,
mas,P093,4,complex,500,steady,perfect,19.281,0.0,0.9931,0,0,0.2,
mas,P094,0,medium,500,sinusoidal-autoscale,perfect,13.502,0.0,0.9921,0,0,0.2,
mas,P094,1,medium,500,sinusoidal-autoscale,perfect,20.029,0.0,0.9921,0,0,0.2,
mas,P094,2,medium,500,sinusoidal-autoscale,perfect,17.93,0.0,0.9921,0,0,0.2,
mas,P094,3,medium,500,sinusoidal-autoscale,perfect,21.207,0.0,0.9921,0,0,0.2,
mas,P094,4,medium,500,sinusoidal-autoscale,perfect,16.204,0.0,0.9921,0,0,0.2,
mas,P095,0,medium,500,fault-HA,perfect,16.114,0.0,0.5537,0,0,0.2,
mas,P095,1,medium,500,fault-HA,perfect,16.282,0.0,0.5537,0,0,0.2,
mas,P095,2,medium,500,fault-HA,perfect,15.871,0.0,0.5537,0,0,0.2,
mas,P095,3,medium,500,fault-HA,perfect,15.556,0.0,0.5537,0,0,0.2,
mas,P095,4,medium,500,fault-HA,perfect,16.151,0.0,0.5537,0,0,0.2,
mas,P096,0,complex,500,fault-HA,perfect,18.584,0.0,0.3891,0,0,0.2,
mas,P096,1,complex,500,fault-HA,perfect,18.141,0.0,0.3891,0,0,0.2,
mas,P096,2,complex,500,fault-HA,perfect,18.942,0.0,0.3891,0,0,0.2,
mas,P096,3,complex,500,fault-HA,perfect,19.18,0.0,0.3891,0,0,0.2,
mas,P096,4,complex,500,fault-HA,perfect,18.614,0.0,0.3891,0,0,0.2,
mas,P097,0,medium,200,steady,perfect,19.085,0.0,0.9922,0,0,0.2,
mas,P097,1,medium,200,steady,perfect,19.053,0.0,0.9922,0,0,0.2,
mas,P097,2,medium,200,steady,perfect,19.556,0.0,0.9922,0,0,0.2,
mas,P097,3,medium,200,steady,perfect,19.932,0.0,0.9922,0,0,0.2,
mas,P097,4,medium,200,steady,perfect,18.518,0.0,0.9922,0,0,0.2,
mas,P098,0,complex,500,steady,perfect,17.791,0.0,0.7041,0,0,0.2,
mas,P098,1,complex,500,steady,perfect,19.056,0.0,0.7041,0,0,0.2,
mas,P098,2,complex,500,steady,perfect,18.806,0.0,0.7041,0,0,0.2,
mas,P098,3,complex,500,steady,perfect,19.597,0.0,0.7041,0,0,0.2,
mas,P098,4,complex,500,steady,perfect,18.329,0.0,0.7041,0,0,0.2,
mas,P099,0,complex,500,bursty-headroom,perfect,15.805,0.0,0.5991,0,0,0.2,
mas,P099,1,complex,500,bursty-headroom,perfect,15.761,0.0,0.5991,0,0,0.2,
mas,P099,2,complex,500,bursty-headroom,perfect,15.932,0.0,0.5991,0,0,0.2,
mas,P099,3,complex,500,bursty-headroom,perfect,16.857,0.0,0.5991,0,0,0.2,
mas,P099,4,complex,500,bursty-headroom,perfect,17.532,0.0,0.5991,0,0,0.2,
mas,P100,0,medium,200,fault-HA,perfect,17.398,0.0,0.6096,0,0,0.2,
mas,P100,1,medium,200,fault-HA,perfect,13.455,0.0,0.6096,0,0,0.2,
mas,P100,2,medium,200,fault-HA,perfect,13.414,0.0,0.6096,0,0,0.2,
mas,P100,3,medium,200,fault-HA,perfect,13.582,0.0,0.6096,0,0,0.2,
mas,P100,4,medium,200,fault-HA,perfect,13.26,0.0,0.6096,0,0,0.2,
mas,A001,0,simple,50,steady,ambiguous,17.028,0.0,0.9614,0,0,0.2,
mas,A001,1,simple,50,steady,ambiguous,16.113,0.0,0.9614,0,0,0.2,
mas,A001,2,simple,50,steady,ambiguous,16.688,0.0,0.9614,0,0,0.2,
mas,A001,3,simple,50,steady,ambiguous,16.045,0.0,0.9614,0,0,0.2,
mas,A001,4,simple,50,steady,ambiguous,15.472,0.0,0.9614,0,0,0.2,
mas,A002,0,simple,50,steady,ambiguous,15.619,0.0,0.981,0,0,0.2,
mas,A002,1,simple,50,steady,ambiguous,15.977,0.0,0.981,0,0,0.2,
mas,A002,2,simple,50,steady,ambiguous,15.879,0.0,0.981,0,0,0.2,
mas,A002,3,simple,50,steady,ambiguous,13.943,0.0,0.981,0,0,0.2,
mas,A002,4,simple,50,steady,ambiguous,15.802,0.0,0.981,0,0,0.2,
mas,A003,0,simple,50,steady,ambiguous,15.649,0.0,0.9916,0,0,0.2,
mas,A003,1,simple,50,steady,ambiguous,15.877,0.0,0.9916,0,0,0.2,
mas,A003,2,simple,50,steady,ambiguous,15.943,0.0,0.9916,0,0,0.2,
mas,A003,3,simple,50,steady,ambiguous,15.514,0.0,0.9916,0,0,0.2,
mas,A003,4,simple,50,steady,ambiguous,15.579,0.0,0.9916,0,0,0.2,
mas,A004,0,simple,50,steady,ambiguous,16.116,0.0,0.9555,0,0,0.2,
mas,A004,1,simple,50,steady,ambiguous,16.042,0.0,0.9555,0,0,0.2,
mas,A004,2,simple,50,steady,ambiguous,15.61,0.0,0.9555,0,0,0.2,
mas,A004,3,simple,50,steady,ambiguous,15.127,0.0,0.9555,0,0,0.2,
mas,A004,4,simple,50,steady,ambiguous,16.232,0.0,0.9555,0,0,0.2,
mas,A005,0,simple,50,steady,ambiguous,13.699,0.0,0.99,0,0,0.2,
mas,A005,1,simple,50,steady,ambiguous,13.716,0.0,0.99,0,0,0.2,
mas,A005,2,simple,50,steady,ambiguous,13.865,0.0,0.99,0,0,0.2,
mas,A005,3,simple,50,steady,ambiguous,13.688,0.0,0.99,0,0,0.2,
mas,A005,4,simple,50,steady,ambiguous,13.704,0.0,0.99,0,0,0.2,
mas,A006,0,simple,50,steady,ambiguous,16.234,0.0,0.9484,0,0,0.2,
mas,A006,1,simple,50,steady,ambiguous,17.627,0.0,0.9484,0,0,0.2,
mas,A006,2,simple,50,steady,ambiguous,15.695,0.0,0.9484,0,0,0.2,
mas,A006,3,simple,50,steady,ambiguous,15.991,0.0,0.9484,0,0,0.2,
mas,A006,4,simple,50,steady,ambiguous,16.341,0.0,0.9484,0,0,0.2,
mas,A007,0,simple,200,steady,ambiguous,13.152,0.0,0.9399,0,0,0.2,
mas,A007,1,simple,200,steady,ambiguous,15.564,0.0,0.9399,0,0,0.2,
mas,A007,2,simple,200,steady,ambiguous,15.958,0.0,0.9399,0,0,0.2,
mas,A007,3,simple,200,steady,ambiguous,16.971,0.0,0.9399,0,0,0.2,
mas,A007,4,simple,200,steady,ambiguous,15.821,0.0,0.9399,0,0,0.2,
mas,A008,0,simple,200,steady,ambiguous,17.018,0.0,0.9639,0,0,0.2,
mas,A008,1,simple,200,steady,ambiguous,15.695,0.0,0.9639,0,0,0.2,
mas,A008,2,simple,200,steady,ambiguous,16.886,0.0,0.9639,0,0,0.2,
mas,A008,3,simple,200,steady,ambiguous,15.748,0.0,0.9639,0,0,0.2,
mas,A008,4,simple,200,steady,ambiguous,16.169,0.0,0.9639,0,0,0.2,
mas,A009,0,simple,200,steady,ambiguous,15.77,0.0,0.8341,0,0,0.2,
mas,A009,1,simple,200,steady,ambiguous,15.825,0.0,0.8341,0,0,0.2,
mas,A009,2,simple,200,steady,ambiguous,15.912,0.0,0.8341,0,0,0.2,
mas,A009,3,simple,200,steady,ambiguous,15.685,0.0,0.8341,0,0,0.2,
mas,A009,4,simple,200,steady,ambiguous,15.06,0.0,0.8341,0,0,0.2,
mas,A010,0,simple,50,steady,ambiguous,14.016,0.0,0.9443,0,0,0.2,
mas,A010,1,simple,50,steady,ambiguous,16.289,0.0,0.9443,0,0,0.2,
mas,A010,2,simple,50,steady,ambiguous,16.049,0.0,0.9443,0,0,0.2,
mas,A010,3,simple,50,steady,ambiguous,13.782,0.0,0.9443,0,0,0.2,
mas,A010,4,simple,50,steady,ambiguous,16.403,0.0,0.9443,0,0,0.2,
mas,A011,0,simple,200,bursty-headroom,ambiguous,15.826,0.0,0.9399,0,0,0.2,
mas,A011,1,simple,200,bursty-headroom,ambiguous,16.078,0.0,0.9399,0,0,0.2,
mas,A011,2,simple,200,bursty-headroom,ambiguous,15.884,0.0,0.9399,0,0,0.2,
mas,A011,3,simple,200,bursty-headroom,ambiguous,15.777,0.0,0.9399,0,0,0.2,
mas,A011,4,simple,200,bursty-headroom,ambiguous,15.868,0.0,0.9399,0,0,0.2,
mas,A012,0,simple,200,bursty-headroom,ambiguous,15.767,0.0,0.8988,0,0,0.2,
mas,A012,1,simple,200,bursty-headroom,ambiguous,16.012,0.0,0.8988,0,0,0.2,
mas,A012,2,simple,200,bursty-headroom,ambiguous,15.8,0.0,0.8988,0,0,0.2,
mas,A012,3,simple,200,bursty-headroom,ambiguous,15.531,0.0,0.8988,0,0,0.2,
mas,A012,4,simple,200,bursty-headroom,ambiguous,15.9,0.0,0.8988,0,0,0.2,
mas,A013,0,simple,50,bursty-headroom,ambiguous,15.705,0.0,0.9916,0,0,0.2,
mas,A013,1,simple,50,bursty-headroom,ambiguous,15.617,0.0,0.9916,0,0,0.2,
mas,A013,2,simple,50,bursty-headroom,ambiguous,19.767,0.0,0.9916,0,0,0.2,
mas,A013,3,simple,50,bursty-headroom,ambiguous,15.456,0.0,0.9916,0,0,0.2,
mas,A013,4,simple,50,bursty-headroom,ambiguous,15.538,0.0,0.9916,0,0,0.2,
mas,A014,0,simple,50,fault-HA,ambiguous,16.397,0.0,0.6919,0,0,0.2,
mas,A014,1,simple,50,fault-HA,ambiguous,16.006,0.0,0.6919,0,0,0.2,
mas,A014,2,simple,50,fault-HA,ambiguous,15.476,0.0,0.6919,0,0,0.2,
mas,A014,3,simple,50,fault-HA,ambiguous,16.239,0.0,0.6919,0,0,0.2,
mas,A014,4,simple,50,fault-HA,ambiguous,15.408,0.0,0.6919,0,0,0.2,
mas,A015,0,simple,50,fault-HA,ambiguous,16.34,0.0,0.6716,0,0,0.2,
mas,A015,1,simple,50,fault-HA,ambiguous,15.97,0.0,0.6716,0,0,0.2,
mas,A015,2,simple,50,fault-HA,ambiguous,15.616,0.0,0.6716,0,0,0.2,
mas,A015,3,simple,50,fault-HA,ambiguous,15.579,0.0,0.6716,0,0,0.2,
mas,A015,4,simple,50,fault-HA,ambiguous,17.14,0.0,0.6716,0,0,0.2,
mas,A016,0,medium,200,steady,ambiguous,18.769,0.0,0.8544,0,0,0.2,
mas,A016,1,medium,200,steady,ambiguous,18.368,0.0,0.8544,0,0,0.2,
mas,A016,2,medium,200,steady,ambiguous,18.973,0.0,0.8544,0,0,0.2,
mas,A016,3,medium,200,steady,ambiguous,18.675,0.0,0.8544,0,0,0.2,
mas,A016,4,medium,200,steady,ambiguous,18.5,0.0,0.8544,0,0,0.2,
mas,A017,0,medium,200,steady,ambiguous,17.988,0.0,0.8988,0,0,0.2,
mas,A017,1,medium,200,steady,ambiguous,17.362,0.0,0.8988,0,0,0.2,
mas,A017,2,medium,200,steady,ambiguous,17.957,0.0,0.8988,0,0,0.2,
mas,A017,3,medium,200,steady,ambiguous,17.147,0.0,0.8988,0,0,0.2,
mas,A017,4,medium,200,steady,ambiguous,17.075,0.0,0.8988,0,0,0.2,
mas,A018,0,medium,500,steady,ambiguous,16.846,0.0,0.5223,0,0,0.2,
mas,A018,1,medium,500,steady,ambiguous,17.559,0.0,0.5223,0,0,0.2,
mas,A018,2,medium,500,steady,ambiguous,17.588,0.0,0.5223,0,0,0.2,
mas,A018,3,medium,500,steady,ambiguous,17.08,0.0,0.5223,0,0,0.2,
mas,A018,4,medium,500,steady,ambiguous,17.203,0.0,0.5223,0,0,0.2,
mas,A019,0,medium,500,steady,ambiguous,16.228,0.0,0.729,0,0,0.2,
mas,A019,1,medium,500,steady,ambiguous,17.625,0.0,0.729,0,0,0.2,
mas,A019,2,medium,500,steady,ambiguous,17.783,0.0,0.729,0,0,0.2,
mas,A019,3,medium,500,steady,ambiguous,17.42,0.0,0.729,0,0,0.2,
mas,A019,4,medium,500,steady,ambiguous,15.533,0.0,0.729,0,0,0.2,
mas,A020,0,medium,200,steady,ambiguous,18.696,0.0,0.8536,0,0,0.2,
mas,A020,1,medium,200,steady,ambiguous,19.536,0.0,0.8536,0,0,0.2,
mas,A020,2,medium,200,steady,ambiguous,18.517,0.0,0.8536,0,0,0.2,
mas,A020,3,medium,200,steady,ambiguous,18.666,0.0,0.8536,0,0,0.2,
mas,A020,4,medium,200,steady,ambiguous,18.775,0.0,0.8536,0,0,0.2,
mas,A021,0,medium,200,steady,ambiguous,15.569,0.0,0.9399,0,0,0.2,
mas,A021,1,medium,200,steady,ambiguous,15.81,0.0,0.9399,0,0,0.2,
mas,A021,2,medium,200,steady,ambiguous,15.64,0.0,0.9399,0,0,0.2,
mas,A021,3,medium,200,steady,ambiguous,15.92,0.0,0.9399,0,0,0.2,
mas,A021,4,medium,200,steady,ambiguous,15.741,0.0,0.9399,0,0,0.2,
mas,A022,0,medium,200,steady,ambiguous,15.679,0.0,0.9187,0,0,0.2,
mas,A022,1,medium,200,steady,ambiguous,15.712,0.0,0.9187,0,0,0.2,
mas,A022,2,medium,200,steady,ambiguous,17.778,0.0,0.9187,0,0,0.2,
mas,A022,3,medium,200,steady,ambiguous,16.857,0.0,0.9187,0,0,0.2,
mas,A022,4,medium,200,steady,ambiguous,18.369,0.0,0.9187,0,0,0.2,
mas,A023,0,medium,200,steady,ambiguous,16.922,0.0,0.8639,0,0,0.2,
mas,A023,1,medium,200,steady,ambiguous,16.959,0.0,0.8639,0,0,0.2,
mas,A023,2,medium,200,steady,ambiguous,16.052,0.0,0.8639,0,0,0.2,
mas,A023,3,medium,200,steady,ambiguous,15.582,0.0,0.8639,0,0,0.2,
mas,A023,4,medium,200,steady,ambiguous,14.258,0.0,0.8639,0,0,0.2,
mas,A024,0,medium,200,steady,ambiguous,14.902,0.0,0.947,0,0,0.2,
mas,A024,1,medium,200,steady,ambiguous,15.882,0.0,0.947,0,0,0.2,
mas,A024,2,medium,200,steady,ambiguous,14.829,0.0,0.947,0,0,0.2,
mas,A024,3,medium,200,steady,ambiguous,17.116,0.0,0.947,0,0,0.2,
mas,A024,4,medium,200,steady,ambiguous,15.173,0.0,0.947,0,0,0.2,
mas,A025,0,medium,500,steady,ambiguous,15.842,0.0,0.9921,0,0,0.2,
mas,A025,1,medium,500,steady,ambiguous,16.761,0.0,0.9921,0,0,0.2,
mas,A025,2,medium,500,steady,ambiguous,13.94,0.0,0.9921,0,0,0.2,
mas,A025,3,medium,500,steady,ambiguous,17.409,0.0,0.9921,0,0,0.2,
mas,A025,4,medium,500,steady,ambiguous,14.068,0.0,0.9921,0,0,0.2,
mas,A026,0,medium,500,bursty-headroom,ambiguous,18.476,0.0,0.4206,0,0,0.2,
mas,A026,1,medium,500,bursty-headroom,ambiguous,16.135,0.0,0.4206,0,0,0.2,
mas,A026,2,medium,500,bursty-headroom,ambiguous,16.088,0.0,0.4206,0,0,0.2,
mas,A026,3,medium,500,bursty-headroom,ambiguous,18.276,0.0,0.4206,0,0,0.2,
mas,A026,4,medium,500,bursty-headroom,ambiguous,18.04,0.0,0.4206,0,0,0.2,
mas,A027,0,medium,500,bursty-headroom,ambiguous,16.529,0.0,0.5499,0,0,0.2,
mas,A027,1,medium,500,bursty-headroom,ambiguous,15.879,0.0,0.5499,0,0,0.2,
mas,A027,2,medium,500,bursty-headroom,ambiguous,16.23,0.0,0.5499,0,0,0.2,
mas,A027,3,medium,500,bursty-headroom,ambiguous,15.987,0.0,0.5499,0,0,0.2,
mas,A027,4,medium,500,bursty-headroom,ambiguous,15.983,0.0,0.5499,0,0,0.2,
mas,A028,0,medium,500,bursty-headroom,ambiguous,16.109,0.0,0.4052,0,0,0.2,
mas,A028,1,medium,500,bursty-headroom,ambiguous,19.99,0.0,0.4052,0,0,0.2,
mas,A028,2,medium,500,bursty-headroom,ambiguous,16.089,0.0,0.4052,0,0,0.2,
mas,A028,3,medium,500,bursty-headroom,ambiguous,16.43,0.0,0.4052,0,0,0.2,
mas,A028,4,medium,500,bursty-headroom,ambiguous,15.665,0.0,0.4052,0,0,0.2,
mas,A029,0,medium,500,bursty-headroom,ambiguous,16.13,0.0,0.6147,0,0,0.2,
mas,A029,1,medium,500,bursty-headroom,ambiguous,17.122,0.0,0.6147,0,0,0.2,
mas,A029,2,medium,500,bursty-headroom,ambiguous,15.773,0.0,0.6147,0,0,0.2,
mas,A029,3,medium,500,bursty-headroom,ambiguous,18.007,0.0,0.6147,0,0,0.2,
mas,A029,4,medium,500,bursty-headroom,ambiguous,15.771,0.0,0.6147,0,0,0.2,
mas,A030,0,medium,200,sinusoidal-autoscale,ambiguous,15.322,0.0,0.8341,0,0,0.2,
mas,A030,1,medium,200,sinusoidal-autoscale,ambiguous,17.535,0.0,0.8341,0,0,0.2,
mas,A030,2,medium,200,sinusoidal-autoscale,ambiguous,17.354,0.0,0.8341,0,0,0.2,
mas,A030,3,medium,200,sinusoidal-autoscale,ambiguous,15.187,0.0,0.8341,0,0,0.2,
mas,A030,4,medium,200,sinusoidal-autoscale,ambiguous,17.158,0.0,0.8341,0,0,0.2,
mas,A031,0,medium,500,sinusoidal-autoscale,ambiguous,17.55,0.0,0.729,0,0,0.2,
mas,A031,1,medium,500,sinusoidal-autoscale,ambiguous,16.451,0.0,0.729,0,0,0.2,
mas,A031,2,medium,500,sinusoidal-autoscale,ambiguous,17.548,0.0,0.729,0,0,0.2,
mas,A031,3,medium,500,sinusoidal-autoscale,ambiguous,15.991,0.0,0.729,0,0,0.2,
mas,A031,4,medium,500,sinusoidal-autoscale,ambiguous,16.316,0.0,0.729,0,0,0.2,
mas,A032,0,medium,200,sinusoidal-autoscale,ambiguous,16.493,0.0,0.911,0,0,0.2,
mas,A032,1,medium,200,sinusoidal-autoscale,ambiguous,17.557,0.0,0.911,0,0,0.2,
mas,A032,2,medium,200,sinusoidal-autoscale,ambiguous,17.277,0.0,0.911,0,0,0.2,
mas,A032,3,medium,200,sinusoidal-autoscale,ambiguous,16.729,0.0,0.911,0,0,0.2,
mas,A032,4,medium,200,sinusoidal-autoscale,ambiguous,16.737,0.0,0.911,0,0,0.2,
mas,A033,0,medium,200,fault-HA,ambiguous,13.99,0.0,0.5671,0,0,0.2,
mas,A033,1,medium,200,fault-HA,ambiguous,13.889,0.0,0.5671,0,0,0.2,
mas,A033,2,medium,200,fault-HA,ambiguous,13.706,0.0,0.5671,0,0,0.2,
mas,A033,3,medium,200,fault-HA,ambiguous,13.788,0.0,0.5671,0,0,0.2,
mas,A033,4,medium,200,fault-HA,ambiguous,13.828,0.0,0.5671,0,0,0.2,
mas,A034,0,medium,200,fault-HA,ambiguous,17.565,0.0,0.6096,0,0,0.2,
mas,A034,1,medium,200,fault-HA,ambiguous,16.029,0.0,0.6096,0,0,0.2,
mas,A034,2,medium,200,fault-HA,ambiguous,15.672,0.0,0.6096,0,0,0.2,
mas,A034,3,medium,200,fault-HA,ambiguous,16.889,0.0,0.6096,0,0,0.2,
mas,A034,4,medium,200,fault-HA,ambiguous,15.993,0.0,0.6096,0,0,0.2,
mas,A035,0,medium,200,fault-HA,ambiguous,19.082,0.0,0.6713,0,0,0.2,
mas,A035,1,medium,200,fault-HA,ambiguous,19.576,0.0,0.6713,0,0,0.2,
mas,A035,2,medium,200,fault-HA,ambiguous,18.305,0.0,0.6713,0,0,0.2,
mas,A035,3,medium,200,fault-HA,ambiguous,16.6,0.0,0.6713,0,0,0.2,
mas,A035,4,medium,200,fault-HA,ambiguous,19.468,0.0,0.6713,0,0,0.2,
mas,A036,0,medium,500,fault-HA,ambiguous,15.882,0.0,0.5154,0,0,0.2,
mas,A036,1,medium,500,fault-HA,ambiguous,16.533,0.0,0.5154,0,0,0.2,
mas,A036,2,medium,500,fault-HA,ambiguous,15.8,0.0,0.5154,0,0,0.2,
mas,A036,3,medium,500,fault-HA,ambiguous,16.332,0.0,0.5154,0,0,0.2,
mas,A036,4,medium,500,fault-HA,ambiguous,16.016,0.0,0.5154,0,0,0.2,
mas,A037,0,medium,200,fault-HA,ambiguous,16.159,0.0,0.6376,0,0,0.2,
mas,A037,1,medium,200,fault-HA,ambiguous,14.334,0.0,0.6376,0,0,0.2,
mas,A037,2,medium,200,fault-HA,ambiguous,14.439,0.0,0.6376,0,0,0.2,
mas,A037,3,medium,200,fault-HA,ambiguous,14.215,0.0,0.6376,0,0,0.2,
mas,A037,4,medium,200,fault-HA,ambiguous,14.025,0.0,0.6376,0,0,0.2,
mas,A038,0,complex,500,steady,ambiguous,19.189,0.0,0.5012,0,0,0.2,
mas,A038,1,complex,500,steady,ambiguous,19.155,0.0,0.5012,0,0,0.2,
mas,A038,2,complex,500,steady,ambiguous,19.454,0.0,0.5012,0,0,0.2,
mas,A038,3,complex,500,steady,ambiguous,19.126,0.0,0.5012,0,0,0.2,
mas,A038,4,complex,500,steady,ambiguous,19.18,0.0,0.5012,0,0,0.2,
mas,A039,0,complex,500,steady,ambiguous,18.384,0.0,0.5424,0,0,0.2,
mas,A039,1,complex,500,steady,ambiguous,18.288,0.0,0.5424,0,0,0.2,
mas,A039,2,complex,500,steady,ambiguous,18.705,0.0,0.5424,0,0,0.2,
mas,A039,3,complex,500,steady,ambiguous,18.771,0.0,0.5424,0,0,0.2,
mas,A039,4,complex,500,steady,ambiguous,18.973,0.0,0.5424,0,0,0.2,
mas,A040,0,complex,500,steady,ambiguous,19.105,0.0,0.5309,0,0,0.2,
mas,A040,1,complex,500,steady,ambiguous,18.704,0.0,0.5309,0,0,0.2,
mas,A040,2,complex,500,steady,ambiguous,18.803,0.0,0.5309,0,0,0.2,
mas,A040,3,complex,500,steady,ambiguous,18.275,0.0,0.5309,0,0,0.2,
mas,A040,4,complex,500,steady,ambiguous,19.717,0.0,0.5309,0,0,0.2,
mas,A041,0,complex,500,steady,ambiguous,17.845,0.0,0.5853,0,0,0.2,
mas,A041,1,complex,500,steady,ambiguous,18.908,0.0,0.5853,0,0,0.2,
mas,A041,2,complex,500,steady,ambiguous,17.824,0.0,0.5853,0,0,0.2,
mas,A041,3,complex,500,steady,ambiguous,19.827,0.0,0.5853,0,0,0.2,
mas,A041,4,complex,500,steady,ambiguous,18.003,0.0,0.5853,0,0,0.2,
mas,A042,0,complex,500,steady,ambiguous,18.512,0.0,0.7497,0,0,0.2,
mas,A042,1,complex,500,steady,ambiguous,18.158,0.0,0.7497,0,0,0.2,
mas,A042,2,complex,500,steady,ambiguous,18.882,0.0,0.7497,0,0,0.2,
mas,A042,3,complex,500,steady,ambiguous,17.92,0.0,0.7497,0,0,0.2,
mas,A042,4,complex,500,steady,ambiguous,17.639,0.0,0.7497,0,0,0.2,
mas,A043,0,complex,500,steady,ambiguous,18.79,0.0,0.6068,0,0,0.2,
mas,A043,1,complex,500,steady,ambiguous,19.473,0.0,0.6068,0,0,0.2,
mas,A043,2,complex,500,steady,ambiguous,19.128,0.0,0.6068,0,0,0.2,
mas,A043,3,complex,500,steady,ambiguous,18.587,0.0,0.6068,0,0,0.2,
mas,A043,4,complex,500,steady,ambiguous,19.383,0.0,0.6068,0,0,0.2,
mas,A044,0,complex,200,steady,ambiguous,14.957,0.0,0.8544,0,0,0.2,
mas,A044,1,complex,200,steady,ambiguous,15.027,0.0,0.8544,0,0,0.2,
mas,A044,2,complex,200,steady,ambiguous,14.863,0.0,0.8544,0,0,0.2,
mas,A044,3,complex,200,steady,ambiguous,16.999,0.0,0.8544,0,0,0.2,
mas,A044,4,complex,200,steady,ambiguous,16.843,0.0,0.8544,0,0,0.2,
mas,A045,0,complex,500,steady,ambiguous,18.62,0.0,0.9927,0,0,0.2,
mas,A045,1,complex,500,steady,ambiguous,18.668,0.0,0.9927,0,0,0.2,
mas,A045,2,complex,500,steady,ambiguous,19.1,0.0,0.9927,0,0,0.2,
mas,A045,3,complex,500,steady,ambiguous,19.621,0.0,0.9927,0,0,0.2,
mas,A045,4,complex,500,steady,ambiguous,19.482,0.0,0.9927,0,0,0.2,
mas,A046,0,complex,500,bursty-headroom,ambiguous,17.64,0.0,0.4405,0,0,0.2,
mas,A046,1,complex,500,bursty-headroom,ambiguous,18.759,0.0,0.4405,0,0,0.2,
mas,A046,2,complex,500,bursty-headroom,ambiguous,18.483,0.0,0.4405,0,0,0.2,
mas,A046,3,complex,500,bursty-headroom,ambiguous,18.627,0.0,0.4405,0,0,0.2,
mas,A046,4,complex,500,bursty-headroom,ambiguous,18.152,0.0,0.4405,0,0,0.2,
mas,A047,0,complex,500,bursty-headroom,ambiguous,16.024,0.0,0.3655,0,0,0.2,
mas,A047,1,complex,500,bursty-headroom,ambiguous,14.297,0.0,0.3655,0,0,0.2,
mas,A047,2,complex,500,bursty-headroom,ambiguous,15.787,0.0,0.3655,0,0,0.2,
mas,A047,3,complex,500,bursty-headroom,ambiguous,13.488,0.0,0.3655,0,0,0.2,
mas,A047,4,complex,500,bursty-headroom,ambiguous,16.064,0.0,0.3655,0,0,0.2,
mas,A048,0,complex,200,bursty-headroom,ambiguous,14.15,0.0,0.8341,0,0,0.2,
mas,A048,1,complex,200,bursty-headroom,ambiguous,13.812,0.0,0.8341,0,0,0.2,
mas,A048,2,complex,200,bursty-headroom,ambiguous,13.336,0.0,0.8341,0,0,0.2,
mas,A048,3,complex,200,bursty-headroom,ambiguous,13.874,0.0,0.8341,0,0,0.2,
mas,A048,4,complex,200,bursty-headroom,ambiguous,13.4,0.0,0.8341,0,0,0.2,
mas,A049,0,complex,500,sinusoidal-autoscale,ambiguous,17.1,0.0,0.3611,0,0,0.2,
mas,A049,1,complex,500,sinusoidal-autoscale,ambiguous,17.463,0.0,0.3611,0,0,0.2,
mas,A049,2,complex,500,sinusoidal-autoscale,ambiguous,17.033,0.0,0.3611,0,0,0.2,
mas,A049,3,complex,500,sinusoidal-autoscale,ambiguous,17.762,0.0,0.3611,0,0,0.2,
mas,A049,4,complex,500,sinusoidal-autoscale,ambiguous,15.198,0.0,0.3611,0,0,0.2,
mas,A050,0,complex,500,sinusoidal-autoscale,ambiguous,16.03,0.0,0.4052,0,0,0.2,
mas,A050,1,complex,500,sinusoidal-autoscale,ambiguous,16.855,0.0,0.4052,0,0,0.2,
mas,A050,2,complex,500,sinusoidal-autoscale,ambiguous,15.776,0.0,0.4052,0,0,0.2,
mas,A050,3,complex,500,sinusoidal-autoscale,ambiguous,15.743,0.0,0.4052,0,0,0.2,
mas,A050,4,complex,500,sinusoidal-autoscale,ambiguous,16.007,0.0,0.4052,0,0,0.2,
mas,A051,0,complex,500,fault-HA,ambiguous,19.897,0.0,0.4147,0,0,0.2,
mas,A051,1,complex,500,fault-HA,ambiguous,19.954,0.0,0.4147,0,0,0.2,
mas,A051,2,complex,500,fault-HA,ambiguous,19.78,0.0,0.4147,0,0,0.2,
mas,A051,3,complex,500,fault-HA,ambiguous,18.878,0.0,0.4147,0,0,0.2,
mas,A051,4,complex,500,fault-HA,ambiguous,19.345,0.0,0.4147,0,0,0.2,
mas,A052,0,complex,500,fault-HA,ambiguous,15.115,0.0,0.4336,0,0,0.2,
mas,A052,1,complex,500,fault-HA,ambiguous,14.616,0.0,0.4336,0,0,0.2,
mas,A052,2,complex,500,fault-HA,ambiguous,16.956,0.0,0.4336,0,0,0.2,
mas,A052,3,complex,500,fault-HA,ambiguous,16.833,0.0,0.4336,0,0,0.2,
mas,A052,4,complex,500,fault-HA,ambiguous,14.847,0.0,0.4336,0,0,0.2,
mas,A053,0,complex,500,fault-HA,ambiguous,19.399,0.0,0.5004,0,0,0.2,
mas,A053,1,complex,500,fault-HA,ambiguous,19.212,0.0,0.5004,0,0,0.2,
mas,A053,2,complex,500,fault-HA,ambiguous,18.46,0.0,0.5004,0,0,0.2,
mas,A053,3,complex,500,fault-HA,ambiguous,19.289,0.0,0.5004,0,0,0.2,
mas,A053,4,complex,500,fault-HA,ambiguous,18.866,0.0,0.5004,0,0,0.2,
mas,A054,0,complex,500,fault-HA,ambiguous,16.877,0.0,0.4169,0,0,0.2,
mas,A054,1,complex,500,fault-HA,ambiguous,17.275,0.0,0.4169,0,0,0.2,
mas,A054,2,complex,500,fault-HA,ambiguous,18.119,0.0,0.4169,0,0,0.2,
mas,A054,3,complex,500,fault-HA,ambiguous,16.91,0.0,0.4169,0,0,0.2,
mas,A054,4,complex,500,fault-HA,ambiguous,17.373,0.0,0.4169,0,0,0.2,
mas,A055,0,complex,200,fault-HA,ambiguous,18.623,0.0,0.6709,0,0,0.2,
mas,A055,1,complex,200,fault-HA,ambiguous,19.587,0.0,0.6709,0,0,0.2,
mas,A055,2,complex,200,fault-HA,ambiguous,21.073,0.0,0.6709,0,0,0.2,
mas,A055,3,complex,200,fault-HA,ambiguous,19.202,0.0,0.6709,0,0,0.2,
mas,A055,4,complex,200,fault-HA,ambiguous,19.464,0.0,0.6709,0,0,0.2,
mas,A056,0,simple,50,steady,ambiguous,14.239,0.0,0.958,0,0,0.2,
mas,A056,1,simple,50,steady,ambiguous,16.064,0.0,0.958,0,0,0.2,
mas,A056,2,simple,50,steady,ambiguous,16.151,0.0,0.958,0,0,0.2,
mas,A056,3,simple,50,steady,ambiguous,15.035,0.0,0.958,0,0,0.2,
mas,A056,4,simple,50,steady,ambiguous,16.305,0.0,0.958,0,0,0.2,
mas,A057,0,simple,200,steady,ambiguous,17.393,0.0,0.9801,0,0,0.2,
mas,A057,1,simple,200,steady,ambiguous,16.243,0.0,0.9801,0,0,0.2,
mas,A057,2,simple,200,steady,ambiguous,17.666,0.0,0.9801,0,0,0.2,
mas,A057,3,simple,200,steady,ambiguous,15.592,0.0,0.9801,0,0,0.2,
mas,A057,4,simple,200,steady,ambiguous,15.833,0.0,0.9801,0,0,0.2,
mas,A058,0,medium,200,steady,ambiguous,16.095,0.0,0.8809,0,0,0.2,
mas,A058,1,medium,200,steady,ambiguous,15.978,0.0,0.8809,0,0,0.2,
mas,A058,2,medium,200,steady,ambiguous,16.246,0.0,0.8809,0,0,0.2,
mas,A058,3,medium,200,steady,ambiguous,16.223,0.0,0.8809,0,0,0.2,
mas,A058,4,medium,200,steady,ambiguous,15.64,0.0,0.8809,0,0,0.2,
mas,A059,0,medium,500,steady,ambiguous,15.822,0.0,0.7651,0,0,0.2,
mas,A059,1,medium,500,steady,ambiguous,15.617,0.0,0.7651,0,0,0.2,
mas,A059,2,medium,500,steady,ambiguous,15.951,0.0,0.7651,0,0,0.2,
mas,A059,3,medium,500,steady,ambiguous,16.854,0.0,0.7651,0,0,0.2,
mas,A059,4,medium,500,steady,ambiguous,16.348,0.0,0.7651,0,0,0.2,
mas,A060,0,complex,500,steady,ambiguous,19.746,0.0,0.6624,0,0,0.2,
mas,A060,1,complex,500,steady,ambiguous,18.306,0.0,0.6624,0,0,0.2,
mas,A060,2,complex,500,steady,ambiguous,19.118,0.0,0.6624,0,0,0.2,
mas,A060,3,complex,500,steady,ambiguous,17.192,0.0,0.6624,0,0,0.2,
mas,A060,4,complex,500,steady,ambiguous,19.173,0.0,0.6624,0,0,0.2,
mas,A061,0,simple,50,steady,ambiguous,15.677,0.0,0.9658,0,0,0.2,
mas,A061,1,simple,50,steady,ambiguous,16.752,0.0,0.9658,0,0,0.2,
mas,A061,2,simple,50,steady,ambiguous,17.905,0.0,0.9658,0,0,0.2,
mas,A061,3,simple,50,steady,ambiguous,15.34,0.0,0.9658,0,0,0.2,
mas,A061,4,simple,50,steady,ambiguous,17.612,0.0,0.9658,0,0,0.2,
mas,A062,0,medium,200,steady,ambiguous,17.581,0.0,0.8639,0,0,0.2,
mas,A062,1,medium,200,steady,ambiguous,17.253,0.0,0.8639,0,0,0.2,
mas,A062,2,medium,200,steady,ambiguous,15.634,0.0,0.8639,0,0,0.2,
mas,A062,3,medium,200,steady,ambiguous,16.213,0.0,0.8639,0,0,0.2,
mas,A062,4,medium,200,steady,ambiguous,16.801,0.0,0.8639,0,0,0.2,
mas,A063,0,complex,500,steady,ambiguous,18.752,0.0,0.5587,0,0,0.2,
mas,A063,1,complex,500,steady,ambiguous,17.864,0.0,0.5587,0,0,0.2,
mas,A063,2,complex,500,steady,ambiguous,18.178,0.0,0.5587,0,0,0.2,
mas,A063,3,complex,500,steady,ambiguous,18.977,0.0,0.5587,0,0,0.2,
mas,A063,4,complex,500,steady,ambiguous,18.673,0.0,0.5587,0,0,0.2,
mas,A064,0,simple,50,steady,ambiguous,16.422,0.0,0.9789,0,0,0.2,
mas,A064,1,simple,50,steady,ambiguous,15.517,0.0,0.9789,0,0,0.2,
mas,A064,2,simple,50,steady,ambiguous,14.018,0.0,0.9789,0,0,0.2,
mas,A064,3,simple,50,steady,ambiguous,14.362,0.0,0.9789,0,0,0.2,
mas,A064,4,simple,50,steady,ambiguous,13.945,0.0,0.9789,0,0,0.2,
mas,A065,0,medium,200,steady,ambiguous,13.411,0.0,0.9921,0,0,0.2,
mas,A065,1,medium,200,steady,ambiguous,13.304,0.0,0.9921,0,0,0.2,
mas,A065,2,medium,200,steady,ambiguous,16.355,0.0,0.9921,0,0,0.2,
mas,A065,3,medium,200,steady,ambiguous,16.105,0.0,0.9921,0,0,0.2,
mas,A065,4,medium,200,steady,ambiguous,16.075,0.0,0.9921,0,0,0.2,
mas,A066,0,simple,50,bursty-headroom,ambiguous,17.449,0.0,0.9686,0,0,0.2,
mas,A066,1,simple,50,bursty-headroom,ambiguous,15.51,0.0,0.9686,0,0,0.2,
mas,A066,2,simple,50,bursty-headroom,ambiguous,16.272,0.0,0.9686,0,0,0.2,
mas,A066,3,simple,50,bursty-headroom,ambiguous,16.165,0.0,0.9686,0,0,0.2,
mas,A066,4,simple,50,bursty-headroom,ambiguous,15.569,0.0,0.9686,0,0,0.2,
mas,A067,0,medium,200,bursty-headroom,ambiguous,16.079,0.0,0.8341,0,0,0.2,
mas,A067,1,medium,200,bursty-headroom,ambiguous,15.655,0.0,0.8341,0,0,0.2,
mas,A067,2,medium,200,bursty-headroom,ambiguous,15.556,0.0,0.8341,0,0,0.2,
mas,A067,3,medium,200,bursty-headroom,ambiguous,15.409,0.0,0.8341,0,0,0.2,
mas,A067,4,medium,200,bursty-headroom,ambiguous,16.102,0.0,0.8341,0,0,0.2,
mas,A068,0,complex,500,sinusoidal-autoscale,ambiguous,16.024,0.0,0.6147,0,0,0.2,
mas,A068,1,complex,500,sinusoidal-autoscale,ambiguous,16.66,0.0,0.6147,0,0,0.2,
mas,A068,2,complex,500,sinusoidal-autoscale,ambiguous,15.165,0.0,0.6147,0,0,0.2,
mas,A068,3,complex,500,sinusoidal-autoscale,ambiguous,17.167,0.0,0.6147,0,0,0.2,
mas,A068,4,complex,500,sinusoidal-autoscale,ambiguous,16.234,0.0,0.6147,0,0,0.2,
mas,A069,0,simple,50,fault-HA,ambiguous,20.294,0.0,0.6778,0,0,0.2,
mas,A069,1,simple,50,fault-HA,ambiguous,15.707,0.0,0.6796,0,0,0.2,
mas,A069,2,simple,50,fault-HA,ambiguous,20.999,0.0,0.6778,0,0,0.2,
mas,A069,3,simple,50,fault-HA,ambiguous,20.85,0.0,0.6778,0,0,0.2,
mas,A069,4,simple,50,fault-HA,ambiguous,19.127,0.0,0.6778,0,0,0.2,
mas,A070,0,medium,200,fault-HA,ambiguous,17.091,0.0,0.5871,0,0,0.2,
mas,A070,1,medium,200,fault-HA,ambiguous,15.958,0.0,0.5871,0,0,0.2,
mas,A070,2,medium,200,fault-HA,ambiguous,16.147,0.0,0.5871,0,0,0.2,
mas,A070,3,medium,200,fault-HA,ambiguous,15.76,0.0,0.5871,0,0,0.2,
mas,A070,4,medium,200,fault-HA,ambiguous,16.153,0.0,0.5871,0,0,0.2,
mas,A071,0,simple,50,steady,ambiguous,16.682,0.0,0.9871,0,0,0.2,
mas,A071,1,simple,50,steady,ambiguous,15.995,0.0,0.9871,0,0,0.2,
mas,A071,2,simple,50,steady,ambiguous,17.28,0.0,0.9871,0,0,0.2,
mas,A071,3,simple,50,steady,ambiguous,17.216,0.0,0.9871,0,0,0.2,
mas,A071,4,simple,50,steady,ambiguous,15.809,0.0,0.9871,0,0,0.2,
mas,A072,0,simple,200,steady,ambiguous,15.828,0.0,0.9594,0,0,0.2,
mas,A072,1,simple,200,steady,ambiguous,15.778,0.0,0.9594,0,0,0.2,
mas,A072,2,simple,200,steady,ambiguous,15.922,0.0,0.9594,0,0,0.2,
mas,A072,3,simple,200,steady,ambiguous,15.976,0.0,0.9594,0,0,0.2,
mas,A072,4,simple,200,steady,ambiguous,15.869,0.0,0.9594,0,0,0.2,
mas,A073,0,medium,500,steady,ambiguous,19.827,0.0,0.8116,0,0,0.2,
mas,A073,1,medium,500,steady,ambiguous,18.842,0.0,0.8116,0,0,0.2,
mas,A073,2,medium,500,steady,ambiguous,18.878,0.0,0.8116,0,0,0.2,
mas,A073,3,medium,500,steady,ambiguous,18.713,0.0,0.8116,0,0,0.2,
mas,A073,4,medium,500,steady,ambiguous,18.353,0.0,0.8116,0,0,0.2,
mas,A074,0,medium,500,sinusoidal-autoscale,ambiguous,16.112,0.0,0.6624,0,0,0.2,
mas,A074,1,medium,500,sinusoidal-autoscale,ambiguous,15.761,0.0,0.6624,0,0,0.2,
mas,A074,2,medium,500,sinusoidal-autoscale,ambiguous,16.644,0.0,0.6624,0,0,0.2,
mas,A074,3,medium,500,sinusoidal-autoscale,ambiguous,15.639,0.0,0.6624,0,0,0.2,
mas,A074,4,medium,500,sinusoidal-autoscale,ambiguous,15.703,0.0,0.6624,0,0,0.2,
mas,A075,0,complex,500,fault-HA,ambiguous,21.328,0.0,0.7256,0,0,0.2,
mas,A075,1,complex,500,fault-HA,ambiguous,19.453,0.0,0.7256,0,0,0.2,
mas,A075,2,complex,500,fault-HA,ambiguous,20.465,0.0,0.7256,0,0,0.2,
mas,A075,3,complex,500,fault-HA,ambiguous,18.49,0.0,0.7256,0,0,0.2,
mas,A075,4,complex,500,fault-HA,ambiguous,19.614,0.0,0.7256,0,0,0.2,
mas,A076,0,simple,50,steady,ambiguous,15.599,0.0,0.952,0,0,0.2,
mas,A076,1,simple,50,steady,ambiguous,16.325,0.0,0.952,0,0,0.2,
mas,A076,2,simple,50,steady,ambiguous,16.543,0.0,0.952,0,0,0.2,
mas,A076,3,simple,50,steady,ambiguous,15.84,0.0,0.952,0,0,0.2,
mas,A076,4,simple,50,steady,ambiguous,16.152,0.0,0.952,0,0,0.2,
mas,A077,0,simple,200,steady,ambiguous,15.893,0.0,0.9483,0,0,0.2,
mas,A077,1,simple,200,steady,ambiguous,16.03,0.0,0.9483,0,0,0.2,
mas,A077,2,simple,200,steady,ambiguous,16.589,0.0,0.9483,0,0,0.2,
mas,A077,3,simple,200,steady,ambiguous,15.934,0.0,0.9483,0,0,0.2,
mas,A077,4,simple,200,steady,ambiguous,16.237,0.0,0.9483,0,0,0.2,
mas,A078,0,medium,200,steady,ambiguous,16.548,0.0,0.8485,0,0,0.2,
mas,A078,1,medium,200,steady,ambiguous,16.078,0.0,0.8485,0,0,0.2,
mas,A078,2,medium,200,steady,ambiguous,16.078,0.0,0.8485,0,0,0.2,
mas,A078,3,medium,200,steady,ambiguous,16.018,0.0,0.8485,0,0,0.2,
mas,A078,4,medium,200,steady,ambiguous,16.33,0.0,0.8485,0,0,0.2,
mas,A079,0,medium,500,steady,ambiguous,17.49,0.0,0.7772,0,0,0.2,
mas,A079,1,medium,500,steady,ambiguous,19.457,0.0,0.7772,0,0,0.2,
mas,A079,2,medium,500,steady,ambiguous,20.167,0.0,0.7772,0,0,0.2,
mas,A079,3,medium,500,steady,ambiguous,19.452,0.0,0.7772,0,0,0.2,
mas,A079,4,medium,500,steady,ambiguous,20.032,0.0,0.7772,0,0,0.2,
mas,A080,0,complex,500,fault-HA,ambiguous,18.459,0.0,0.4422,0,0,0.2,
mas,A080,1,complex,500,fault-HA,ambiguous,19.837,0.0,0.4422,0,0,0.2,
mas,A080,2,complex,500,fault-HA,ambiguous,16.957,0.0,0.4422,0,0,0.2,
mas,A080,3,complex,500,fault-HA,ambiguous,18.455,0.0,0.4422,0,0,0.2,
mas,A080,4,complex,500,fault-HA,ambiguous,17.166,0.0,0.4422,0,0,0.2,
mas,A081,0,simple,50,steady,ambiguous,13.157,0.0,0.9708,0,0,0.2,
mas,A081,1,simple,50,steady,ambiguous,15.828,0.0,0.9708,0,0,0.2,
mas,A081,2,simple,50,steady,ambiguous,14.03,0.0,0.9708,0,0,0.2,
mas,A081,3,simple,50,steady,ambiguous,15.061,0.0,0.9708,0,0,0.2,
mas,A081,4,simple,50,steady,ambiguous,13.169,0.0,0.9708,0,0,0.2,
mas,A082,0,medium,500,steady,ambiguous,16.255,0.0,0.8211,0,0,0.2,
mas,A082,1,medium,500,steady,ambiguous,15.954,0.0,0.8211,0,0,0.2,
mas,A082,2,medium,500,steady,ambiguous,16.427,0.0,0.8211,0,0,0.2,
mas,A082,3,medium,500,steady,ambiguous,16.464,0.0,0.8211,0,0,0.2,
mas,A082,4,medium,500,steady,ambiguous,16.003,0.0,0.8211,0,0,0.2,
mas,A083,0,complex,500,steady,ambiguous,18.694,0.0,0.5253,0,0,0.2,
mas,A083,1,complex,500,steady,ambiguous,18.557,0.0,0.5253,0,0,0.2,
mas,A083,2,complex,500,steady,ambiguous,20.35,0.0,0.5253,0,0,0.2,
mas,A083,3,complex,500,steady,ambiguous,18.511,0.0,0.5253,0,0,0.2,
mas,A083,4,complex,500,steady,ambiguous,18.071,0.0,0.5253,0,0,0.2,
mas,A084,0,simple,50,steady,ambiguous,16.139,0.0,0.9829,0,0,0.2,
mas,A084,1,simple,50,steady,ambiguous,16.379,0.0,0.9829,0,0,0.2,
mas,A084,2,simple,50,steady,ambiguous,15.549,0.0,0.9829,0,0,0.2,
mas,A084,3,simple,50,steady,ambiguous,16.089,0.0,0.9829,0,0,0.2,
mas,A084,4,simple,50,steady,ambiguous,16.727,0.0,0.9829,0,0,0.2,
mas,A085,0,medium,200,steady,ambiguous,16.111,0.0,0.9916,0,0,0.2,
mas,A085,1,medium,200,steady,ambiguous,16.506,0.0,0.9916,0,0,0.2,
mas,A085,2,medium,200,steady,ambiguous,22.851,0.0,0.9916,0,0,0.2,
mas,A085,3,medium,200,steady,ambiguous,16.356,0.0,0.9916,0,0,0.2,
mas,A085,4,medium,200,steady,ambiguous,16.361,0.0,0.9916,0,0,0.2,
mas,A086,0,simple,50,bursty-headroom,ambiguous,16.236,0.0,0.9741,0,0,0.2,
mas,A086,1,simple,50,bursty-headroom,ambiguous,15.914,0.0,0.9741,0,0,0.2,
mas,A086,2,simple,50,bursty-headroom,ambiguous,16.112,0.0,0.9741,0,0,0.2,
mas,A086,3,simple,50,bursty-headroom,ambiguous,16.313,0.0,0.9741,0,0,0.2,
mas,A086,4,simple,50,bursty-headroom,ambiguous,16.133,0.0,0.9741,0,0,0.2,
mas,A087,0,medium,500,bursty-headroom,ambiguous,15.648,0.0,0.8089,0,0,0.2,
mas,A087,1,medium,500,bursty-headroom,ambiguous,16.367,0.0,0.8089,0,0,0.2,
mas,A087,2,medium,500,bursty-headroom,ambiguous,17.454,0.0,0.8089,0,0,0.2,
mas,A087,3,medium,500,bursty-headroom,ambiguous,15.635,0.0,0.8089,0,0,0.2,
mas,A087,4,medium,500,bursty-headroom,ambiguous,17.302,0.0,0.8089,0,0,0.2,
mas,A088,0,complex,500,sinusoidal-autoscale,ambiguous,17.284,0.0,0.5785,0,0,0.2,
mas,A088,1,complex,500,sinusoidal-autoscale,ambiguous,16.17,0.0,0.5785,0,0,0.2,
mas,A088,2,complex,500,sinusoidal-autoscale,ambiguous,16.698,0.0,0.5785,0,0,0.2,
mas,A088,3,complex,500,sinusoidal-autoscale,ambiguous,17.002,0.0,0.5785,0,0,0.2,
mas,A088,4,complex,500,sinusoidal-autoscale,ambiguous,16.278,0.0,0.5785,0,0,0.2,
mas,A089,0,simple,50,fault-HA,ambiguous,17.869,0.0,0.6753,0,0,0.2,
mas,A089,1,simple,50,fault-HA,ambiguous,16.036,0.0,0.6753,0,0,0.2,
mas,A089,2,simple,50,fault-HA,ambiguous,17.891,0.0,0.6753,0,0,0.2,
mas,A089,3,simple,50,fault-HA,ambiguous,16.049,0.0,0.6753,0,0,0.2,
mas,A089,4,simple,50,fault-HA,ambiguous,19.393,0.0,0.674,0,0,0.2,
mas,A090,0,medium,200,fault-HA,ambiguous,19.792,0.0,0.5875,0,0,0.2,
mas,A090,1,medium,200,fault-HA,ambiguous,19.603,0.0,0.5875,0,0,0.2,
mas,A090,2,medium,200,fault-HA,ambiguous,20.379,0.0,0.5875,0,0,0.2,
mas,A090,3,medium,200,fault-HA,ambiguous,19.608,0.0,0.5875,0,0,0.2,
mas,A090,4,medium,200,fault-HA,ambiguous,18.861,0.0,0.5875,0,0,0.2,
mas,A091,0,simple,200,steady,ambiguous,16.252,0.0,0.9856,0,0,0.2,
mas,A091,1,simple,200,steady,ambiguous,16.206,0.0,0.9856,0,0,0.2,
mas,A091,2,simple,200,steady,ambiguous,15.695,0.0,0.9856,0,0,0.2,
mas,A091,3,simple,200,steady,ambiguous,16.194,0.0,0.9856,0,0,0.2,
mas,A091,4,simple,200,steady,ambiguous,17.681,0.0,0.9856,0,0,0.2,
mas,A092,0,medium,500,steady,ambiguous,16.18,0.0,0.7749,0,0,0.2,
mas,A092,1,medium,500,steady,ambiguous,15.522,0.0,0.7749,0,0,0.2,
mas,A092,2,medium,500,steady,ambiguous,17.339,0.0,0.7749,0,0,0.2,
mas,A092,3,medium,500,steady,ambiguous,13.365,0.0,0.7749,0,0,0.2,
mas,A092,4,medium,500,steady,ambiguous,15.869,0.0,0.7749,0,0,0.2,
mas,A093,0,complex,500,steady,ambiguous,19.445,0.0,0.5545,0,0,0.2,
mas,A093,1,complex,500,steady,ambiguous,18.727,0.0,0.5545,0,0,0.2,
mas,A093,2,complex,500,steady,ambiguous,18.662,0.0,0.5545,0,0,0.2,
mas,A093,3,complex,500,steady,ambiguous,18.137,0.0,0.5545,0,0,0.2,
mas,A093,4,complex,500,steady,ambiguous,19.816,0.0,0.5545,0,0,0.2,
mas,A094,0,medium,500,sinusoidal-autoscale,ambiguous,16.135,0.0,0.6321,0,0,0.2,
mas,A094,1,medium,500,sinusoidal-autoscale,ambiguous,17.054,0.0,0.6321,0,0,0.2,
mas,A094,2,medium,500,sinusoidal-autoscale,ambiguous,16.281,0.0,0.6321,0,0,0.2,
mas,A094,3,medium,500,sinusoidal-autoscale,ambiguous,16.071,0.0,0.6321,0,0,0.2,
mas,A094,4,medium,500,sinusoidal-autoscale,ambiguous,16.335,0.0,0.6321,0,0,0.2,
mas,A095,0,medium,500,fault-HA,ambiguous,16.042,0.0,0.676,0,0,0.2,
mas,A095,1,medium,500,fault-HA,ambiguous,17.505,0.0,0.676,0,0,0.2,
mas,A095,2,medium,500,fault-HA,ambiguous,16.0,0.0,0.676,0,0,0.2,
mas,A095,3,medium,500,fault-HA,ambiguous,17.886,0.0,0.676,0,0,0.2,
mas,A095,4,medium,500,fault-HA,ambiguous,15.746,0.0,0.676,0,0,0.2,
mas,A096,0,complex,500,fault-HA,ambiguous,19.018,0.0,0.3891,0,0,0.2,
mas,A096,1,complex,500,fault-HA,ambiguous,19.594,0.0,0.3891,0,0,0.2,
mas,A096,2,complex,500,fault-HA,ambiguous,19.872,0.0,0.3891,0,0,0.2,
mas,A096,3,complex,500,fault-HA,ambiguous,19.454,0.0,0.3891,0,0,0.2,
mas,A096,4,complex,500,fault-HA,ambiguous,19.688,0.0,0.3891,0,0,0.2,
mas,A097,0,medium,200,steady,ambiguous,18.407,0.0,0.9474,0,0,0.2,
mas,A097,1,medium,200,steady,ambiguous,18.983,0.0,0.9474,0,0,0.2,
mas,A097,2,medium,200,steady,ambiguous,18.71,0.0,0.9474,0,0,0.2,
mas,A097,3,medium,200,steady,ambiguous,18.861,0.0,0.9474,0,0,0.2,
mas,A097,4,medium,200,steady,ambiguous,18.167,0.0,0.9474,0,0,0.2,
mas,A098,0,complex,500,steady,ambiguous,20.071,0.0,0.7041,0,0,0.2,
mas,A098,1,complex,500,steady,ambiguous,19.44,0.0,0.7041,0,0,0.2,
mas,A098,2,complex,500,steady,ambiguous,18.464,0.0,0.7041,0,0,0.2,
mas,A098,3,complex,500,steady,ambiguous,20.22,0.0,0.7041,0,0,0.2,
mas,A098,4,complex,500,steady,ambiguous,20.875,0.0,0.7041,0,0,0.2,
mas,A099,0,complex,500,bursty-headroom,ambiguous,15.642,0.0,0.5991,0,0,0.2,
mas,A099,1,complex,500,bursty-headroom,ambiguous,15.772,0.0,0.5991,0,0,0.2,
mas,A099,2,complex,500,bursty-headroom,ambiguous,16.019,0.0,0.5991,0,0,0.2,
mas,A099,3,complex,500,bursty-headroom,ambiguous,15.91,0.0,0.5991,0,0,0.2,
mas,A099,4,complex,500,bursty-headroom,ambiguous,15.957,0.0,0.5991,0,0,0.2,
mas,A100,0,medium,200,fault-HA,ambiguous,16.049,0.0,0.6096,0,0,0.2,
mas,A100,1,medium,200,fault-HA,ambiguous,16.284,0.0,0.6096,0,0,0.2,
mas,A100,2,medium,200,fault-HA,ambiguous,17.921,0.0,0.6096,0,0,0.2,
mas,A100,3,medium,200,fault-HA,ambiguous,18.142,0.0,0.6096,0,0,0.2,
mas,A100,4,medium,200,fault-HA,ambiguous,17.173,0.0,0.6096,0,0,0.2,
mas,I001,0,simple,50,steady,incomplete,18.468,0.0,0.9414,0,0,0.2,
mas,I001,1,simple,50,steady,incomplete,16.982,0.0,0.9414,0,0,0.2,
mas,I001,2,simple,50,steady,incomplete,17.113,0.0,0.9414,0,0,0.2,
mas,I001,3,simple,50,steady,incomplete,17.064,0.0,0.9414,0,0,0.2,
mas,I001,4,simple,50,steady,incomplete,16.592,0.0,0.9414,0,0,0.2,
mas,I002,0,simple,50,steady,incomplete,15.625,0.0,0.9535,0,0,0.2,
mas,I002,1,simple,50,steady,incomplete,13.982,0.0,0.9535,0,0,0.2,
mas,I002,2,simple,50,steady,incomplete,13.679,0.0,0.9535,0,0,0.2,
mas,I002,3,simple,50,steady,incomplete,13.925,0.0,0.9535,0,0,0.2,
mas,I002,4,simple,50,steady,incomplete,13.665,0.0,0.9535,0,0,0.2,
mas,I003,0,simple,200,steady,incomplete,18.278,0.0,0.9336,0,0,0.2,
mas,I003,1,simple,200,steady,incomplete,16.375,0.0,0.9336,0,0,0.2,
mas,I003,2,simple,200,steady,incomplete,17.151,0.0,0.9336,0,0,0.2,
mas,I003,3,simple,200,steady,incomplete,16.09,0.0,0.9336,0,0,0.2,
mas,I003,4,simple,200,steady,incomplete,18.166,0.0,0.9336,0,0,0.2,
mas,I004,0,simple,50,steady,incomplete,13.734,0.0,0.9342,0,0,0.2,
mas,I004,1,simple,50,steady,incomplete,13.718,0.0,0.9342,0,0,0.2,
mas,I004,2,simple,50,steady,incomplete,13.135,0.0,0.9342,0,0,0.2,
mas,I004,3,simple,50,steady,incomplete,14.161,0.0,0.9342,0,0,0.2,
mas,I004,4,simple,50,steady,incomplete,13.332,0.0,0.9342,0,0,0.2,
mas,I005,0,simple,50,steady,incomplete,15.306,0.0,0.9498,0,0,0.2,
mas,I005,1,simple,50,steady,incomplete,14.152,0.0,0.9498,0,0,0.2,
mas,I005,2,simple,50,steady,incomplete,16.149,0.0,0.9498,0,0,0.2,
mas,I005,3,simple,50,steady,incomplete,16.243,0.0,0.9498,0,0,0.2,
mas,I005,4,simple,50,steady,incomplete,15.671,0.0,0.9498,0,0,0.2,
mas,I006,0,medium,50,steady,incomplete,13.189,0.0,0.9534,0,0,0.2,
mas,I006,1,medium,50,steady,incomplete,13.293,0.0,0.9534,0,0,0.2,
mas,I006,2,medium,50,steady,incomplete,13.318,0.0,0.9534,0,0,0.2,
mas,I006,3,medium,50,steady,incomplete,13.375,0.0,0.9534,0,0,0.2,
mas,I006,4,medium,50,steady,incomplete,13.389,0.0,0.9534,0,0,0.2,
mas,I007,0,medium,200,steady,incomplete,13.49,0.0,0.9336,0,0,0.2,
mas,I007,1,medium,200,steady,incomplete,13.289,0.0,0.9336,0,0,0.2,
mas,I007,2,medium,200,steady,incomplete,13.22,0.0,0.9336,0,0,0.2,
mas,I007,3,medium,200,steady,incomplete,13.238,0.0,0.9336,0,0,0.2,
mas,I007,4,medium,200,steady,incomplete,13.325,0.0,0.9336,0,0,0.2,
mas,I008,0,medium,500,steady,incomplete,17.679,0.0,0.8752,0,0,0.2,
mas,I008,1,medium,500,steady,incomplete,16.266,0.0,0.8752,0,0,0.2,
mas,I008,2,medium,500,steady,incomplete,17.361,0.0,0.8752,0,0,0.2,
mas,I008,3,medium,500,steady,incomplete,18.193,0.0,0.8752,0,0,0.2,
mas,I008,4,medium,500,steady,incomplete,17.653,0.0,0.8752,0,0,0.2,
mas,I009,0,medium,200,steady,incomplete,18.628,0.0,0.9279,0,0,0.2,
mas,I009,1,medium,200,steady,incomplete,18.868,0.0,0.9279,0,0,0.2,
mas,I009,2,medium,200,steady,incomplete,18.251,0.0,0.9279,0,0,0.2,
mas,I009,3,medium,200,steady,incomplete,19.04,0.0,0.9279,0,0,0.2,
mas,I009,4,medium,200,steady,incomplete,19.301,0.0,0.9279,0,0,0.2,
mas,I010,0,medium,500,steady,incomplete,16.337,0.0,0.8593,0,0,0.2,
mas,I010,1,medium,500,steady,incomplete,17.346,0.0,0.8593,0,0,0.2,
mas,I010,2,medium,500,steady,incomplete,16.986,0.0,0.8593,0,0,0.2,
mas,I010,3,medium,500,steady,incomplete,15.751,0.0,0.8593,0,0,0.2,
mas,I010,4,medium,500,steady,incomplete,13.086,0.0,0.8593,0,0,0.2,
mas,I011,0,simple,50,fault-HA,incomplete,13.491,0.0,0.7059,0,0,0.2,
mas,I011,1,simple,50,fault-HA,incomplete,13.29,0.0,0.7059,0,0,0.2,
mas,I011,2,simple,50,fault-HA,incomplete,13.339,0.0,0.7059,0,0,0.2,
mas,I011,3,simple,50,fault-HA,incomplete,13.382,0.0,0.7059,0,0,0.2,
mas,I011,4,simple,50,fault-HA,incomplete,13.66,0.0,0.7059,0,0,0.2,
mas,I012,0,simple,50,fault-HA,incomplete,17.991,0.0,0.6974,0,0,0.2,
mas,I012,1,simple,50,fault-HA,incomplete,17.882,0.0,0.6974,0,0,0.2,
mas,I012,2,simple,50,fault-HA,incomplete,18.199,0.0,0.6974,0,0,0.2,
mas,I012,3,simple,50,fault-HA,incomplete,18.016,0.0,0.6974,0,0,0.2,
mas,I012,4,simple,50,fault-HA,incomplete,17.507,0.0,0.6974,0,0,0.2,
mas,I013,0,medium,200,fault-HA,incomplete,16.859,0.0,0.6736,0,0,0.2,
mas,I013,1,medium,200,fault-HA,incomplete,17.036,0.0,0.6736,0,0,0.2,
mas,I013,2,medium,200,fault-HA,incomplete,16.185,0.0,0.6736,0,0,0.2,
mas,I013,3,medium,200,fault-HA,incomplete,16.844,0.0,0.6736,0,0,0.2,
mas,I013,4,medium,200,fault-HA,incomplete,17.271,0.0,0.6736,0,0,0.2,
mas,I014,0,medium,200,fault-HA,incomplete,19.288,0.0,0.663,0,0,0.2,
mas,I014,1,medium,200,fault-HA,incomplete,19.5,0.0,0.663,0,0,0.2,
mas,I014,2,medium,200,fault-HA,incomplete,19.121,0.0,0.663,0,0,0.2,
mas,I014,3,medium,200,fault-HA,incomplete,16.687,0.0,0.6627,0,0,0.2,
mas,I014,4,medium,200,fault-HA,incomplete,17.165,0.0,0.6627,0,0,0.2,
mas,I015,0,medium,500,fault-HA,incomplete,17.0,0.0,0.6703,0,0,0.2,
mas,I015,1,medium,500,fault-HA,incomplete,17.914,0.0,0.6703,0,0,0.2,
mas,I015,2,medium,500,fault-HA,incomplete,18.852,0.0,0.6703,0,0,0.2,
mas,I015,3,medium,500,fault-HA,incomplete,17.804,0.0,0.6703,0,0,0.2,
mas,I015,4,medium,500,fault-HA,incomplete,21.102,0.0,0.6703,0,0,0.2,
mas,I016,0,simple,50,bursty-headroom,incomplete,15.433,0.0,0.9535,0,0,0.2,
mas,I016,1,simple,50,bursty-headroom,incomplete,13.099,0.0,0.9535,0,0,0.2,
mas,I016,2,simple,50,bursty-headroom,incomplete,13.252,0.0,0.9535,0,0,0.2,
mas,I016,3,simple,50,bursty-headroom,incomplete,13.219,0.0,0.9535,0,0,0.2,
mas,I016,4,simple,50,bursty-headroom,incomplete,15.395,0.0,0.9535,0,0,0.2,
mas,I017,0,medium,200,bursty-headroom,incomplete,15.527,0.0,0.8954,0,0,0.2,
mas,I017,1,medium,200,bursty-headroom,incomplete,15.886,0.0,0.8954,0,0,0.2,
mas,I017,2,medium,200,bursty-headroom,incomplete,15.956,0.0,0.8954,0,0,0.2,
mas,I017,3,medium,200,bursty-headroom,incomplete,17.212,0.0,0.8954,0,0,0.2,
mas,I017,4,medium,200,bursty-headroom,incomplete,16.071,0.0,0.8954,0,0,0.2,
mas,I018,0,complex,500,bursty-headroom,incomplete,15.996,0.0,0.8193,0,0,0.2,
mas,I018,1,complex,500,bursty-headroom,incomplete,15.783,0.0,0.8193,0,0,0.2,
mas,I018,2,complex,500,bursty-headroom,incomplete,15.404,0.0,0.8193,0,0,0.2,
mas,I018,3,complex,500,bursty-headroom,incomplete,15.802,0.0,0.8193,0,0,0.2,
mas,I018,4,complex,500,bursty-headroom,incomplete,15.458,0.0,0.8193,0,0,0.2,
mas,I019,0,medium,200,sinusoidal-autoscale,incomplete,21.541,0.0,0.8954,0,0,0.2,
mas,I019,1,medium,200,sinusoidal-autoscale,incomplete,19.804,0.0,0.8954,0,0,0.2,
mas,I019,2,medium,200,sinusoidal-autoscale,incomplete,21.263,0.0,0.8954,0,0,0.2,
mas,I019,3,medium,200,sinusoidal-autoscale,incomplete,21.467,0.0,0.8954,0,0,0.2,
mas,I019,4,medium,200,sinusoidal-autoscale,incomplete,19.843,0.0,0.8954,0,0,0.2,
mas,I020,0,complex,500,sinusoidal-autoscale,incomplete,18.611,0.0,0.8414,0,0,0.2,
mas,I020,1,complex,500,sinusoidal-autoscale,incomplete,18.042,0.0,0.8414,0,0,0.2,
mas,I020,2,complex,500,sinusoidal-autoscale,incomplete,18.075,0.0,0.8414,0,0,0.2,
mas,I020,3,complex,500,sinusoidal-autoscale,incomplete,20.639,0.0,0.8414,0,0,0.2,
mas,I020,4,complex,500,sinusoidal-autoscale,incomplete,20.5,0.0,0.8414,0,0,0.2,
mas,I021,0,complex,500,steady,incomplete,18.864,0.0,0.795,0,0,0.2,
mas,I021,1,complex,500,steady,incomplete,19.226,0.0,0.795,0,0,0.2,
mas,I021,2,complex,500,steady,incomplete,18.583,0.0,0.795,0,0,0.2,
mas,I021,3,complex,500,steady,incomplete,19.57,0.0,0.795,0,0,0.2,
mas,I021,4,complex,500,steady,incomplete,18.811,0.0,0.795,0,0,0.2,
mas,I022,0,medium,200,steady,incomplete,13.813,0.0,0.9181,0,0,0.2,
mas,I022,1,medium,200,steady,incomplete,13.761,0.0,0.9181,0,0,0.2,
mas,I022,2,medium,200,steady,incomplete,13.292,0.0,0.9181,0,0,0.2,
mas,I022,3,medium,200,steady,incomplete,13.575,0.0,0.9181,0,0,0.2,
mas,I022,4,medium,200,steady,incomplete,14.107,0.0,0.9181,0,0,0.2,
mas,I023,0,medium,200,steady,incomplete,15.381,0.0,0.8954,0,0,0.2,
mas,I023,1,medium,200,steady,incomplete,17.444,0.0,0.8954,0,0,0.2,
mas,I023,2,medium,200,steady,incomplete,17.243,0.0,0.8954,0,0,0.2,
mas,I023,3,medium,200,steady,incomplete,16.812,0.0,0.8954,0,0,0.2,
mas,I023,4,medium,200,steady,incomplete,17.231,0.0,0.8954,0,0,0.2,
mas,I024,0,complex,500,steady,incomplete,18.287,0.0,0.8764,0,0,0.2,
mas,I024,1,complex,500,steady,incomplete,18.463,0.0,0.8764,0,0,0.2,
mas,I024,2,complex,500,steady,incomplete,18.912,0.0,0.8764,0,0,0.2,
mas,I024,3,complex,500,steady,incomplete,17.019,0.0,0.8764,0,0,0.2,
mas,I024,4,complex,500,steady,incomplete,18.104,0.0,0.8764,0,0,0.2,
mas,I025,0,medium,200,steady,incomplete,17.11,0.0,0.906,0,0,0.2,
mas,I025,1,medium,200,steady,incomplete,13.949,0.0,0.906,0,0,0.2,
mas,I025,2,medium,200,steady,incomplete,15.964,0.0,0.906,0,0,0.2,
mas,I025,3,medium,200,steady,incomplete,13.707,0.0,0.906,0,0,0.2,
mas,I025,4,medium,200,steady,incomplete,16.727,0.0,0.906,0,0,0.2,
mas,I026,0,medium,200,fault-HA,incomplete,17.596,0.0,0.6839,0,0,0.2,
mas,I026,1,medium,200,fault-HA,incomplete,16.847,0.0,0.6839,0,0,0.2,
mas,I026,2,medium,200,fault-HA,incomplete,13.292,0.0,0.6839,0,0,0.2,
mas,I026,3,medium,200,fault-HA,incomplete,13.289,0.0,0.6839,0,0,0.2,
mas,I026,4,medium,200,fault-HA,incomplete,13.457,0.0,0.6839,0,0,0.2,
mas,I027,0,complex,500,fault-HA,incomplete,17.624,0.0,0.6314,0,0,0.2,
mas,I027,1,complex,500,fault-HA,incomplete,16.729,0.0,0.6314,0,0,0.2,
mas,I027,2,complex,500,fault-HA,incomplete,17.354,0.0,0.6314,0,0,0.2,
mas,I027,3,complex,500,fault-HA,incomplete,18.045,0.0,0.6314,0,0,0.2,
mas,I027,4,complex,500,fault-HA,incomplete,16.046,0.0,0.6314,0,0,0.2,
mas,I028,0,medium,200,fault-HA,incomplete,13.567,0.0,0.6627,0,0,0.2,
mas,I028,1,medium,200,fault-HA,incomplete,13.376,0.0,0.6627,0,0,0.2,
mas,I028,2,medium,200,fault-HA,incomplete,13.292,0.0,0.6627,0,0,0.2,
mas,I028,3,medium,200,fault-HA,incomplete,13.285,0.0,0.6627,0,0,0.2,
mas,I028,4,medium,200,fault-HA,incomplete,13.226,0.0,0.6627,0,0,0.2,
mas,I029,0,complex,500,fault-HA,incomplete,13.332,0.0,0.6584,0,0,0.2,
mas,I029,1,complex,500,fault-HA,incomplete,13.208,0.0,0.6584,0,0,0.2,
mas,I029,2,complex,500,fault-HA,incomplete,13.274,0.0,0.6584,0,0,0.2,
mas,I029,3,complex,500,fault-HA,incomplete,13.264,0.0,0.6584,0,0,0.2,
mas,I029,4,complex,500,fault-HA,incomplete,13.155,0.0,0.6584,0,0,0.2,
mas,I030,0,complex,500,steady,incomplete,18.594,0.0,0.7929,0,0,0.2,
mas,I030,1,complex,500,steady,incomplete,18.314,0.0,0.7929,0,0,0.2,
mas,I030,2,complex,500,steady,incomplete,18.014,0.0,0.7929,0,0,0.2,
mas,I030,3,complex,500,steady,incomplete,17.816,0.0,0.7929,0,0,0.2,
mas,I030,4,complex,500,steady,incomplete,17.915,0.0,0.7929,0,0,0.2,
mas,I031,0,simple,50,bursty-headroom,incomplete,13.698,0.0,0.9414,0,0,0.2,
mas,I031,1,simple,50,bursty-headroom,incomplete,13.011,0.0,0.9414,0,0,0.2,
mas,I031,2,simple,50,bursty-headroom,incomplete,13.002,0.0,0.9414,0,0,0.2,
mas,I031,3,simple,50,bursty-headroom,incomplete,13.013,0.0,0.9414,0,0,0.2,
mas,I031,4,simple,50,bursty-headroom,incomplete,13.638,0.0,0.9414,0,0,0.2,
mas,I032,0,medium,200,bursty-headroom,incomplete,16.845,0.0,0.9181,0,0,0.2,
mas,I032,1,medium,200,bursty-headroom,incomplete,13.084,0.0,0.9181,0,0,0.2,
mas,I032,2,medium,200,bursty-headroom,incomplete,13.697,0.0,0.9181,0,0,0.2,
mas,I032,3,medium,200,bursty-headroom,incomplete,14.013,0.0,0.9181,0,0,0.2,
mas,I032,4,medium,200,bursty-headroom,incomplete,17.755,0.0,0.9181,0,0,0.2,
mas,I033,0,medium,200,steady,incomplete,13.201,0.0,0.9181,0,0,0.2,
mas,I033,1,medium,200,steady,incomplete,13.179,0.0,0.9181,0,0,0.2,
mas,I033,2,medium,200,steady,incomplete,13.426,0.0,0.9181,0,0,0.2,
mas,I033,3,medium,200,steady,incomplete,13.113,0.0,0.9181,0,0,0.2,
mas,I033,4,medium,200,steady,incomplete,13.34,0.0,0.9181,0,0,0.2,
mas,I034,0,medium,500,steady,incomplete,16.13,0.0,0.8476,0,0,0.2,
mas,I034,1,medium,500,steady,incomplete,13.17,0.0,0.8476,0,0,0.2,
mas,I034,2,medium,500,steady,incomplete,17.044,0.0,0.8476,0,0,0.2,
mas,I034,3,medium,500,steady,incomplete,15.467,0.0,0.8476,0,0,0.2,
mas,I034,4,medium,500,steady,incomplete,13.519,0.0,0.8476,0,0,0.2,
mas,I035,0,medium,500,steady,incomplete,18.217,0.0,0.8764,0,0,0.2,
mas,I035,1,medium,500,steady,incomplete,19.026,0.0,0.8764,0,0,0.2,
mas,I035,2,medium,500,steady,incomplete,19.165,0.0,0.8764,0,0,0.2,
mas,I035,3,medium,500,steady,incomplete,18.853,0.0,0.8764,0,0,0.2,
mas,I035,4,medium,500,steady,incomplete,18.95,0.0,0.8764,0,0,0.2,
mas,I036,0,medium,500,sinusoidal-autoscale,incomplete,17.587,0.0,0.8867,0,0,0.2,
mas,I036,1,medium,500,sinusoidal-autoscale,incomplete,17.722,0.0,0.8867,0,0,0.2,
mas,I036,2,medium,500,sinusoidal-autoscale,incomplete,17.687,0.0,0.8867,0,0,0.2,
mas,I036,3,medium,500,sinusoidal-autoscale,incomplete,16.303,0.0,0.8867,0,0,0.2,
mas,I036,4,medium,500,sinusoidal-autoscale,incomplete,15.668,0.0,0.8867,0,0,0.2,
mas,I037,0,complex,500,sinusoidal-autoscale,incomplete,21.269,0.0,0.8414,0,0,0.2,
mas,I037,1,complex,500,sinusoidal-autoscale,incomplete,20.974,0.0,0.8414,0,0,0.2,
mas,I037,2,complex,500,sinusoidal-autoscale,incomplete,19.461,0.0,0.8414,0,0,0.2,
mas,I037,3,complex,500,sinusoidal-autoscale,incomplete,19.06,0.0,0.8414,0,0,0.2,
mas,I037,4,complex,500,sinusoidal-autoscale,incomplete,19.591,0.0,0.8414,0,0,0.2,
mas,I038,0,medium,200,fault-HA,incomplete,17.964,0.0,0.6656,0,0,0.2,
mas,I038,1,medium,200,fault-HA,incomplete,17.533,0.0,0.6656,0,0,0.2,
mas,I038,2,medium,200,fault-HA,incomplete,18.418,0.0,0.6656,0,0,0.2,
mas,I038,3,medium,200,fault-HA,incomplete,18.5,0.0,0.6656,0,0,0.2,
mas,I038,4,medium,200,fault-HA,incomplete,17.826,0.0,0.6656,0,0,0.2,
mas,I039,0,complex,500,fault-HA,incomplete,17.9,0.0,0.622,0,0,0.2,
mas,I039,1,complex,500,fault-HA,incomplete,15.463,0.0,0.622,0,0,0.2,
mas,I039,2,complex,500,fault-HA,incomplete,15.843,0.0,0.622,0,0,0.2,
mas,I039,3,complex,500,fault-HA,incomplete,16.264,0.0,0.622,0,0,0.2,
mas,I039,4,complex,500,fault-HA,incomplete,15.936,0.0,0.622,0,0,0.2,
mas,I040,0,complex,500,fault-HA,incomplete,13.824,0.0,0.6346,0,0,0.2,
mas,I040,1,complex,500,fault-HA,incomplete,14.415,0.0,0.6346,0,0,0.2,
mas,I040,2,complex,500,fault-HA,incomplete,14.423,0.0,0.6346,0,0,0.2,
mas,I040,3,complex,500,fault-HA,incomplete,13.804,0.0,0.6346,0,0,0.2,
mas,I040,4,complex,500,fault-HA,incomplete,14.291,0.0,0.6346,0,0,0.2,
mas,I041,0,complex,500,steady,incomplete,17.891,0.0,0.8414,0,0,0.2,
mas,I041,1,complex,500,steady,incomplete,17.544,0.0,0.8414,0,0,0.2,
mas,I041,2,complex,500,steady,incomplete,17.187,0.0,0.8414,0,0,0.2,
mas,I041,3,complex,500,steady,incomplete,17.661,0.0,0.8414,0,0,0.2,
mas,I041,4,complex,500,steady,incomplete,17.745,0.0,0.8414,0,0,0.2,
mas,I042,0,complex,500,sinusoidal-autoscale,incomplete,15.984,0.0,0.7263,0,0,0.2,
mas,I042,1,complex,500,sinusoidal-autoscale,incomplete,16.988,0.0,0.7263,0,0,0.2,
mas,I042,2,complex,500,sinusoidal-autoscale,incomplete,13.689,0.0,0.7263,0,0,0.2,
mas,I042,3,complex,500,sinusoidal-autoscale,incomplete,17.715,0.0,0.7263,0,0,0.2,
mas,I042,4,complex,500,sinusoidal-autoscale,incomplete,13.36,0.0,0.7263,0,0,0.2,
mas,I043,0,complex,500,fault-HA,incomplete,19.519,0.0,0.6338,0,0,0.2,
mas,I043,1,complex,500,fault-HA,incomplete,19.245,0.0,0.6338,0,0,0.2,
mas,I043,2,complex,500,fault-HA,incomplete,18.797,0.0,0.6338,0,0,0.2,
mas,I043,3,complex,500,fault-HA,incomplete,18.975,0.0,0.6338,0,0,0.2,
mas,I043,4,complex,500,fault-HA,incomplete,18.434,0.0,0.6338,0,0,0.2,
mas,I044,0,medium,200,steady,incomplete,15.563,0.0,0.8954,0,0,0.2,
mas,I044,1,medium,200,steady,incomplete,17.171,0.0,0.8954,0,0,0.2,
mas,I044,2,medium,200,steady,incomplete,16.439,0.0,0.8954,0,0,0.2,
mas,I044,3,medium,200,steady,incomplete,17.507,0.0,0.8954,0,0,0.2,
mas,I044,4,medium,200,steady,incomplete,15.828,0.0,0.8954,0,0,0.2,
mas,I045,0,medium,200,steady,incomplete,18.037,0.0,0.9334,0,0,0.2,
mas,I045,1,medium,200,steady,incomplete,18.563,0.0,0.9334,0,0,0.2,
mas,I045,2,medium,200,steady,incomplete,13.075,0.0,0.9336,0,0,0.2,
mas,I045,3,medium,200,steady,incomplete,13.227,0.0,0.9336,0,0,0.2,
mas,I045,4,medium,200,steady,incomplete,13.252,0.0,0.9336,0,0,0.2,
mas,I046,0,medium,200,steady,incomplete,13.27,0.0,0.9181,0,0,0.2,
mas,I046,1,medium,200,steady,incomplete,13.489,0.0,0.9181,0,0,0.2,
mas,I046,2,medium,200,steady,incomplete,13.866,0.0,0.9181,0,0,0.2,
mas,I046,3,medium,200,steady,incomplete,14.216,0.0,0.9181,0,0,0.2,
mas,I046,4,medium,200,steady,incomplete,13.749,0.0,0.9181,0,0,0.2,
mas,I047,0,complex,500,fault-HA,incomplete,16.452,0.0,0.6421,0,0,0.2,
mas,I047,1,complex,500,fault-HA,incomplete,16.436,0.0,0.6421,0,0,0.2,
mas,I047,2,complex,500,fault-HA,incomplete,16.203,0.0,0.6421,0,0,0.2,
mas,I047,3,complex,500,fault-HA,incomplete,16.056,0.0,0.6421,0,0,0.2,
mas,I047,4,complex,500,fault-HA,incomplete,16.265,0.0,0.6421,0,0,0.2,
mas,I048,0,complex,500,bursty-headroom,incomplete,17.332,0.0,0.7357,0,0,0.2,
mas,I048,1,complex,500,bursty-headroom,incomplete,17.738,0.0,0.7357,0,0,0.2,
mas,I048,2,complex,500,bursty-headroom,incomplete,17.426,0.0,0.7357,0,0,0.2,
mas,I048,3,complex,500,bursty-headroom,incomplete,15.742,0.0,0.7357,0,0,0.2,
mas,I048,4,complex,500,bursty-headroom,incomplete,15.729,0.0,0.7357,0,0,0.2,
mas,I049,0,complex,500,steady,incomplete,18.974,0.0,0.8206,0,0,0.2,
mas,I049,1,complex,500,steady,incomplete,19.165,0.0,0.8206,0,0,0.2,
mas,I049,2,complex,500,steady,incomplete,17.229,0.0,0.8206,0,0,0.2,
mas,I049,3,complex,500,steady,incomplete,18.82,0.0,0.8206,0,0,0.2,
mas,I049,4,complex,500,steady,incomplete,18.833,0.0,0.8206,0,0,0.2,
mas,I050,0,complex,200,fault-HA,incomplete,14.098,0.0,0.677,0,0,0.2,
mas,I050,1,complex,200,fault-HA,incomplete,14.01,0.0,0.677,0,0,0.2,
mas,I050,2,complex,200,fault-HA,incomplete,19.242,0.0,0.6755,0,0,0.2,
mas,I050,3,complex,200,fault-HA,incomplete,13.948,0.0,0.677,0,0,0.2,
mas,I050,4,complex,200,fault-HA,incomplete,14.03,0.0,0.677,0,0,0.2,
mas,X001,0,simple,50,fault-HA,contradictory,13.544,0.0,0.6716,0,0,0.2,
mas,X001,1,simple,50,fault-HA,contradictory,13.319,0.0,0.6716,0,0,0.2,
mas,X001,2,simple,50,fault-HA,contradictory,18.471,0.0,0.6716,0,0,0.2,
mas,X001,3,simple,50,fault-HA,contradictory,13.349,0.0,0.6716,0,0,0.2,
mas,X001,4,simple,50,fault-HA,contradictory,13.202,0.0,0.6716,0,0,0.2,
mas,X002,0,simple,50,fault-HA,contradictory,17.9,0.0,0.6716,0,0,0.2,
mas,X002,1,simple,50,fault-HA,contradictory,18.78,0.0,0.6716,0,0,0.2,
mas,X002,2,simple,50,fault-HA,contradictory,17.77,0.0,0.6716,0,0,0.2,
mas,X002,3,simple,50,fault-HA,contradictory,17.846,0.0,0.6716,0,0,0.2,
mas,X002,4,simple,50,fault-HA,contradictory,17.938,0.0,0.6716,0,0,0.2,
mas,X003,0,medium,200,fault-HA,contradictory,18.709,0.0,0.6719,0,0,0.2,
mas,X003,1,medium,200,fault-HA,contradictory,18.262,0.0,0.6719,0,0,0.2,
mas,X003,2,medium,200,fault-HA,contradictory,14.138,0.0,0.6719,0,0,0.2,
mas,X003,3,medium,200,fault-HA,contradictory,18.728,0.0,0.6719,0,0,0.2,
mas,X003,4,medium,200,fault-HA,contradictory,19.018,0.0,0.6719,0,0,0.2,
mas,X004,0,medium,200,fault-HA,contradictory,16.34,0.0,0.6718,0,0,0.2,
mas,X004,1,medium,200,fault-HA,contradictory,14.177,0.0,0.6718,0,0,0.2,
mas,X004,2,medium,200,fault-HA,contradictory,13.242,0.0,0.6718,0,0,0.2,
mas,X004,3,medium,200,fault-HA,contradictory,14.127,0.0,0.6718,0,0,0.2,
mas,X004,4,medium,200,fault-HA,contradictory,13.248,0.0,0.6718,0,0,0.2,
mas,X005,0,medium,200,fault-HA,contradictory,18.036,0.0,0.6764,0,0,0.2,
mas,X005,1,medium,200,fault-HA,contradictory,13.686,0.0,0.6764,0,0,0.2,
mas,X005,2,medium,200,fault-HA,contradictory,18.675,0.0,0.6764,0,0,0.2,
mas,X005,3,medium,200,fault-HA,contradictory,14.02,0.0,0.6764,0,0,0.2,
mas,X005,4,medium,200,fault-HA,contradictory,19.412,0.0,0.6764,0,0,0.2,
mas,X006,0,medium,200,fault-HA,contradictory,13.53,0.0,0.672,0,0,0.2,
mas,X006,1,medium,200,fault-HA,contradictory,13.592,0.0,0.672,0,0,0.2,
mas,X006,2,medium,200,fault-HA,contradictory,13.789,0.0,0.672,0,0,0.2,
mas,X006,3,medium,200,fault-HA,contradictory,13.744,0.0,0.672,0,0,0.2,
mas,X006,4,medium,200,fault-HA,contradictory,13.601,0.0,0.672,0,0,0.2,
mas,X007,0,simple,50,fault-HA,contradictory,16.586,0.0,0.6717,0,0,0.2,
mas,X007,1,simple,50,fault-HA,contradictory,15.858,0.0,0.6717,0,0,0.2,
mas,X007,2,simple,50,fault-HA,contradictory,16.386,0.0,0.6717,0,0,0.2,
mas,X007,3,simple,50,fault-HA,contradictory,15.923,0.0,0.6717,0,0,0.2,
mas,X007,4,simple,50,fault-HA,contradictory,16.709,0.0,0.6717,0,0,0.2,
mas,X008,0,medium,200,fault-HA,contradictory,24.622,0.0,0.6713,0,0,0.2,
mas,X008,1,medium,200,fault-HA,contradictory,21.615,0.0,0.6713,0,0,0.2,
mas,X008,2,medium,200,fault-HA,contradictory,24.247,0.0,0.6713,0,0,0.2,
mas,X008,3,medium,200,fault-HA,contradictory,21.104,0.0,0.6713,0,0,0.2,
mas,X008,4,medium,200,fault-HA,contradictory,24.676,0.0,0.6713,0,0,0.2,
mas,X009,0,medium,500,fault-HA,contradictory,13.665,0.0,0.6961,0,0,0.2,
mas,X009,1,medium,500,fault-HA,contradictory,14.187,0.0,0.6961,0,0,0.2,
mas,X009,2,medium,500,fault-HA,contradictory,14.178,0.0,0.6961,0,0,0.2,
mas,X009,3,medium,500,fault-HA,contradictory,14.206,0.0,0.6961,0,0,0.2,
mas,X009,4,medium,500,fault-HA,contradictory,14.122,0.0,0.6961,0,0,0.2,
mas,X010,0,simple,50,fault-HA,contradictory,13.313,0.0,0.6712,0,0,0.2,
mas,X010,1,simple,50,fault-HA,contradictory,13.807,0.0,0.6712,0,0,0.2,
mas,X010,2,simple,50,fault-HA,contradictory,13.628,0.0,0.6712,0,0,0.2,
mas,X010,3,simple,50,fault-HA,contradictory,13.635,0.0,0.6712,0,0,0.2,
mas,X010,4,simple,50,fault-HA,contradictory,13.482,0.0,0.6712,0,0,0.2,
mas,X011,0,medium,200,fault-HA,contradictory,13.321,0.0,0.6717,0,0,0.2,
mas,X011,1,medium,200,fault-HA,contradictory,13.483,0.0,0.6717,0,0,0.2,
mas,X011,2,medium,200,fault-HA,contradictory,14.172,0.0,0.6717,0,0,0.2,
mas,X011,3,medium,200,fault-HA,contradictory,13.527,0.0,0.6717,0,0,0.2,
mas,X011,4,medium,200,fault-HA,contradictory,13.876,0.0,0.6717,0,0,0.2,
mas,X012,0,medium,500,fault-HA,contradictory,21.181,0.0,0.687,0,0,0.2,
mas,X012,1,medium,500,fault-HA,contradictory,24.268,0.0,0.687,0,0,0.2,
mas,X012,2,medium,500,fault-HA,contradictory,24.026,0.0,0.687,0,0,0.2,
mas,X012,3,medium,500,fault-HA,contradictory,23.155,0.0,0.687,0,0,0.2,
mas,X012,4,medium,500,fault-HA,contradictory,19.381,0.0,0.687,0,0,0.2,
mas,X013,0,medium,200,fault-HA,contradictory,13.304,0.0,0.6866,0,0,0.2,
mas,X013,1,medium,200,fault-HA,contradictory,13.986,0.0,0.6866,0,0,0.2,
mas,X013,2,medium,200,fault-HA,contradictory,13.26,0.0,0.6866,0,0,0.2,
mas,X013,3,medium,200,fault-HA,contradictory,13.239,0.0,0.6866,0,0,0.2,
mas,X013,4,medium,200,fault-HA,contradictory,13.308,0.0,0.6866,0,0,0.2,
mas,X014,0,medium,500,fault-HA,contradictory,18.498,0.0,0.6831,0,0,0.2,
mas,X014,1,medium,500,fault-HA,contradictory,19.636,0.0,0.6831,0,0,0.2,
mas,X014,2,medium,500,fault-HA,contradictory,18.187,0.0,0.6831,0,0,0.2,
mas,X014,3,medium,500,fault-HA,contradictory,13.417,0.0,0.6831,0,0,0.2,
mas,X014,4,medium,500,fault-HA,contradictory,18.491,0.0,0.6831,0,0,0.2,
mas,X015,0,simple,50,fault-HA,contradictory,13.561,0.0,0.6707,0,0,0.2,
mas,X015,1,simple,50,fault-HA,contradictory,13.29,0.0,0.6707,0,0,0.2,
mas,X015,2,simple,50,fault-HA,contradictory,13.465,0.0,0.6707,0,0,0.2,
mas,X015,3,simple,50,fault-HA,contradictory,13.467,0.0,0.6707,0,0,0.2,
mas,X015,4,simple,50,fault-HA,contradictory,13.684,0.0,0.6707,0,0,0.2,
mas,X016,0,complex,500,fault-HA,contradictory,17.28,0.0,0.6961,0,0,0.2,
mas,X016,1,complex,500,fault-HA,contradictory,17.229,0.0,0.6961,0,0,0.2,
mas,X016,2,complex,500,fault-HA,contradictory,13.213,0.0,0.6961,0,0,0.2,
mas,X016,3,complex,500,fault-HA,contradictory,13.305,0.0,0.6961,0,0,0.2,
mas,X016,4,complex,500,fault-HA,contradictory,13.373,0.0,0.6961,0,0,0.2,
mas,X017,0,medium,200,fault-HA,contradictory,25.914,0.0,0.6712,0,0,0.2,
mas,X017,1,medium,200,fault-HA,contradictory,34.921,0.0,0.6712,0,0,0.2,
mas,X017,2,medium,200,fault-HA,contradictory,26.231,0.0,0.6712,0,0,0.2,
mas,X017,3,medium,200,fault-HA,contradictory,26.63,0.0,0.6712,0,0,0.2,
mas,X017,4,medium,200,fault-HA,contradictory,26.92,0.0,0.6712,0,0,0.2,
mas,X018,0,medium,200,fault-HA,contradictory,13.811,0.0,0.6764,0,0,0.2,
mas,X018,1,medium,200,fault-HA,contradictory,13.842,0.0,0.6764,0,0,0.2,
mas,X018,2,medium,200,fault-HA,contradictory,13.802,0.0,0.6764,0,0,0.2,
mas,X018,3,medium,200,fault-HA,contradictory,13.561,0.0,0.6764,0,0,0.2,
mas,X018,4,medium,200,fault-HA,contradictory,13.256,0.0,0.6764,0,0,0.2,
mas,X019,0,simple,50,fault-HA,contradictory,13.501,0.0,0.6716,0,0,0.2,
mas,X019,1,simple,50,fault-HA,contradictory,18.082,0.0,0.6716,0,0,0.2,
mas,X019,2,simple,50,fault-HA,contradictory,13.621,0.0,0.6716,0,0,0.2,
mas,X019,3,simple,50,fault-HA,contradictory,13.506,0.0,0.6716,0,0,0.2,
mas,X019,4,simple,50,fault-HA,contradictory,17.09,0.0,0.6716,0,0,0.2,
mas,X020,0,medium,500,fault-HA,contradictory,16.758,0.0,0.6957,0,0,0.2,
mas,X020,1,medium,500,fault-HA,contradictory,16.99,0.0,0.6957,0,0,0.2,
mas,X020,2,medium,500,fault-HA,contradictory,16.176,0.0,0.6957,0,0,0.2,
mas,X020,3,medium,500,fault-HA,contradictory,15.803,0.0,0.6957,0,0,0.2,
mas,X020,4,medium,500,fault-HA,contradictory,19.425,0.0,0.6957,0,0,0.2,
mas,X021,0,simple,50,fault-HA,contradictory,13.208,0.0,0.6716,0,0,0.2,
mas,X021,1,simple,50,fault-HA,contradictory,13.346,0.0,0.6716,0,0,0.2,
mas,X021,2,simple,50,fault-HA,contradictory,13.51,0.0,0.6716,0,0,0.2,
mas,X021,3,simple,50,fault-HA,contradictory,13.79,0.0,0.6716,0,0,0.2,
mas,X021,4,simple,50,fault-HA,contradictory,13.299,0.0,0.6716,0,0,0.2,
mas,X022,0,medium,200,fault-HA,contradictory,13.815,0.0,0.6718,0,0,0.2,
mas,X022,1,medium,200,fault-HA,contradictory,13.749,0.0,0.6718,0,0,0.2,
mas,X022,2,medium,200,fault-HA,contradictory,13.808,0.0,0.6718,0,0,0.2,
mas,X022,3,medium,200,fault-HA,contradictory,13.859,0.0,0.6718,0,0,0.2,
mas,X022,4,medium,200,fault-HA,contradictory,13.613,0.0,0.6718,0,0,0.2,
mas,X023,0,complex,500,fault-HA,contradictory,13.227,0.0,0.696,0,0,0.2,
mas,X023,1,complex,500,fault-HA,contradictory,16.115,0.0,0.696,0,0,0.2,
mas,X023,2,complex,500,fault-HA,contradictory,15.671,0.0,0.696,0,0,0.2,
mas,X023,3,complex,500,fault-HA,contradictory,16.295,0.0,0.696,0,0,0.2,
mas,X023,4,complex,500,fault-HA,contradictory,13.309,0.0,0.696,0,0,0.2,
mas,X024,0,medium,200,fault-HA,contradictory,19.351,0.0,0.6711,0,0,0.2,
mas,X024,1,medium,200,fault-HA,contradictory,19.124,0.0,0.6711,0,0,0.2,
mas,X024,2,medium,200,fault-HA,contradictory,19.078,0.0,0.6711,0,0,0.2,
mas,X024,3,medium,200,fault-HA,contradictory,19.29,0.0,0.6711,0,0,0.2,
mas,X024,4,medium,200,fault-HA,contradictory,18.912,0.0,0.6711,0,0,0.2,
mas,X025,0,simple,50,fault-HA,contradictory,16.844,0.0,0.6806,0,0,0.2,
mas,X025,1,simple,50,fault-HA,contradictory,15.815,0.0,0.6806,0,0,0.2,
mas,X025,2,simple,50,fault-HA,contradictory,15.763,0.0,0.6806,0,0,0.2,
mas,X025,3,simple,50,fault-HA,contradictory,16.097,0.0,0.6806,0,0,0.2,
mas,X025,4,simple,50,fault-HA,contradictory,15.786,0.0,0.6806,0,0,0.2,
mas,X026,0,medium,200,fault-HA,contradictory,14.153,0.0,0.6726,0,0,0.2,
mas,X026,1,medium,200,fault-HA,contradictory,16.4,0.0,0.6726,0,0,0.2,
mas,X026,2,medium,200,fault-HA,contradictory,13.636,0.0,0.6726,0,0,0.2,
mas,X026,3,medium,200,fault-HA,contradictory,14.068,0.0,0.6726,0,0,0.2,
mas,X026,4,medium,200,fault-HA,contradictory,13.929,0.0,0.6726,0,0,0.2,
mas,X027,0,medium,500,fault-HA,contradictory,17.503,0.0,0.6922,0,0,0.2,
mas,X027,1,medium,500,fault-HA,contradictory,20.317,0.0,0.6922,0,0,0.2,
mas,X027,2,medium,500,fault-HA,contradictory,19.29,0.0,0.6922,0,0,0.2,
mas,X027,3,medium,500,fault-HA,contradictory,15.089,0.0,0.6922,0,0,0.2,
mas,X027,4,medium,500,fault-HA,contradictory,20.428,0.0,0.6922,0,0,0.2,
mas,X028,0,medium,200,fault-HA,contradictory,13.882,0.0,0.6714,0,0,0.2,
mas,X028,1,medium,200,fault-HA,contradictory,14.626,0.0,0.6714,0,0,0.2,
mas,X028,2,medium,200,fault-HA,contradictory,13.933,0.0,0.6714,0,0,0.2,
mas,X028,3,medium,200,fault-HA,contradictory,13.903,0.0,0.6714,0,0,0.2,
mas,X028,4,medium,200,fault-HA,contradictory,14.01,0.0,0.6714,0,0,0.2,
mas,X029,0,complex,500,fault-HA,contradictory,17.581,0.0,0.7109,0,0,0.2,
mas,X029,1,complex,500,fault-HA,contradictory,18.569,0.0,0.7109,0,0,0.2,
mas,X029,2,complex,500,fault-HA,contradictory,13.393,0.0,0.7109,0,0,0.2,
mas,X029,3,complex,500,fault-HA,contradictory,17.547,0.0,0.7109,0,0,0.2,
mas,X029,4,complex,500,fault-HA,contradictory,17.86,0.0,0.7109,0,0,0.2,
mas,X030,0,medium,200,fault-HA,contradictory,17.32,0.0,0.671,0,0,0.2,
mas,X030,1,medium,200,fault-HA,contradictory,16.887,0.0,0.671,0,0,0.2,
mas,X030,2,medium,200,fault-HA,contradictory,17.042,0.0,0.671,0,0,0.2,
mas,X030,3,medium,200,fault-HA,contradictory,17.187,0.0,0.671,0,0,0.2,
mas,X030,4,medium,200,fault-HA,contradictory,18.976,0.0,0.671,0,0,0.2,
mas,X031,0,simple,50,steady,contradictory,15.95,0.0,0.6714,0,0,0.2,
mas,X031,1,simple,50,steady,contradictory,15.881,0.0,0.6714,0,0,0.2,
mas,X031,2,simple,50,steady,contradictory,16.235,0.0,0.6714,0,0,0.2,
mas,X031,3,simple,50,steady,contradictory,15.765,0.0,0.6714,0,0,0.2,
mas,X031,4,simple,50,steady,contradictory,15.954,0.0,0.6714,0,0,0.2,
mas,X032,0,simple,50,steady,contradictory,13.808,0.0,0.6709,0,0,0.2,
mas,X032,1,simple,50,steady,contradictory,14.163,0.0,0.6709,0,0,0.2,
mas,X032,2,simple,50,steady,contradictory,14.345,0.0,0.6709,0,0,0.2,
mas,X032,3,simple,50,steady,contradictory,14.212,0.0,0.6709,0,0,0.2,
mas,X032,4,simple,50,steady,contradictory,14.33,0.0,0.6709,0,0,0.2,
mas,X033,0,simple,50,steady,contradictory,16.253,0.0,0.6714,0,0,0.2,
mas,X033,1,simple,50,steady,contradictory,16.193,0.0,0.6714,0,0,0.2,
mas,X033,2,simple,50,steady,contradictory,15.92,0.0,0.6714,0,0,0.2,
mas,X033,3,simple,50,steady,contradictory,16.064,0.0,0.6714,0,0,0.2,
mas,X033,4,simple,50,steady,contradictory,15.372,0.0,0.6714,0,0,0.2,
mas,X034,0,simple,50,steady,contradictory,16.986,0.0,0.6729,0,0,0.2,
mas,X034,1,simple,50,steady,contradictory,15.6,0.0,0.6729,0,0,0.2,
mas,X034,2,simple,50,steady,contradictory,15.774,0.0,0.6729,0,0,0.2,
mas,X034,3,simple,50,steady,contradictory,15.702,0.0,0.6729,0,0,0.2,
mas,X034,4,simple,50,steady,contradictory,15.511,0.0,0.6729,0,0,0.2,
mas,X035,0,simple,50,steady,contradictory,13.348,0.0,0.6703,0,0,0.2,
mas,X035,1,simple,50,steady,contradictory,13.247,0.0,0.6703,0,0,0.2,
mas,X035,2,simple,50,steady,contradictory,16.332,0.0,0.6703,0,0,0.2,
mas,X035,3,simple,50,steady,contradictory,14.192,0.0,0.6703,0,0,0.2,
mas,X035,4,simple,50,steady,contradictory,15.973,0.0,0.6703,0,0,0.2,
mas,X036,0,medium,200,steady,contradictory,16.018,0.0,0.6871,0,0,0.2,
mas,X036,1,medium,200,steady,contradictory,16.307,0.0,0.6871,0,0,0.2,
mas,X036,2,medium,200,steady,contradictory,17.05,0.0,0.6871,0,0,0.2,
mas,X036,3,medium,200,steady,contradictory,15.569,0.0,0.6871,0,0,0.2,
mas,X036,4,medium,200,steady,contradictory,16.062,0.0,0.6871,0,0,0.2,
mas,X037,0,complex,500,steady,contradictory,18.946,0.0,0.6361,0,0,0.2,
mas,X037,1,complex,500,steady,contradictory,18.786,0.0,0.6361,0,0,0.2,
mas,X037,2,complex,500,steady,contradictory,18.34,0.0,0.6361,0,0,0.2,
mas,X037,3,complex,500,steady,contradictory,19.023,0.0,0.6361,0,0,0.2,
mas,X037,4,complex,500,steady,contradictory,18.081,0.0,0.6361,0,0,0.2,
mas,X038,0,medium,500,steady,contradictory,18.2,0.0,0.6746,0,0,0.2,
mas,X038,1,medium,500,steady,contradictory,18.465,0.0,0.6746,0,0,0.2,
mas,X038,2,medium,500,steady,contradictory,18.26,0.0,0.6746,0,0,0.2,
mas,X038,3,medium,500,steady,contradictory,18.589,0.0,0.6746,0,0,0.2,
mas,X038,4,medium,500,steady,contradictory,18.232,0.0,0.6746,0,0,0.2,
mas,X039,0,medium,200,sinusoidal-autoscale,contradictory,17.294,0.0,0.6722,0,0,0.2,
mas,X039,1,medium,200,sinusoidal-autoscale,contradictory,15.394,0.0,0.6722,0,0,0.2,
mas,X039,2,medium,200,sinusoidal-autoscale,contradictory,15.325,0.0,0.6722,0,0,0.2,
mas,X039,3,medium,200,sinusoidal-autoscale,contradictory,14.061,0.0,0.6722,0,0,0.2,
mas,X039,4,medium,200,sinusoidal-autoscale,contradictory,15.728,0.0,0.6722,0,0,0.2,
mas,X040,0,medium,500,sinusoidal-autoscale,contradictory,20.35,0.0,0.6907,0,0,0.2,
mas,X040,1,medium,500,sinusoidal-autoscale,contradictory,15.37,0.0,0.6907,0,0,0.2,
mas,X040,2,medium,500,sinusoidal-autoscale,contradictory,16.333,0.0,0.6907,0,0,0.2,
mas,X040,3,medium,500,sinusoidal-autoscale,contradictory,13.981,0.0,0.6907,0,0,0.2,
mas,X040,4,medium,500,sinusoidal-autoscale,contradictory,15.974,0.0,0.6907,0,0,0.2,
mas,X041,0,complex,500,sinusoidal-autoscale,contradictory,18.619,0.0,0.6923,0,0,0.2,
mas,X041,1,complex,500,sinusoidal-autoscale,contradictory,19.078,0.0,0.6923,0,0,0.2,
mas,X041,2,complex,500,sinusoidal-autoscale,contradictory,19.819,0.0,0.6923,0,0,0.2,
mas,X041,3,complex,500,sinusoidal-autoscale,contradictory,19.141,0.0,0.6923,0,0,0.2,
mas,X041,4,complex,500,sinusoidal-autoscale,contradictory,19.655,0.0,0.6923,0,0,0.2,
mas,X042,0,medium,200,fault-HA,contradictory,20.388,0.0,0.6714,0,0,0.2,
mas,X042,1,medium,200,fault-HA,contradictory,20.697,0.0,0.6714,0,0,0.2,
mas,X042,2,medium,200,fault-HA,contradictory,21.581,0.0,0.6714,0,0,0.2,
mas,X042,3,medium,200,fault-HA,contradictory,21.046,0.0,0.6714,0,0,0.2,
mas,X042,4,medium,200,fault-HA,contradictory,21.333,0.0,0.6714,0,0,0.2,
mas,X043,0,medium,500,fault-HA,contradictory,36.165,0.0,0.6876,0,0,0.2,
mas,X043,1,medium,500,fault-HA,contradictory,25.371,0.0,0.6876,0,0,0.2,
mas,X043,2,medium,500,fault-HA,contradictory,29.182,0.0,0.6876,0,0,0.2,
mas,X043,3,medium,500,fault-HA,contradictory,28.353,0.0,0.6876,0,0,0.2,
mas,X043,4,medium,500,fault-HA,contradictory,25.803,0.0,0.6876,0,0,0.2,
mas,X044,0,medium,200,fault-HA,contradictory,13.64,0.0,0.6718,0,0,0.2,
mas,X044,1,medium,200,fault-HA,contradictory,14.152,0.0,0.6718,0,0,0.2,
mas,X044,2,medium,200,fault-HA,contradictory,13.685,0.0,0.6718,0,0,0.2,
mas,X044,3,medium,200,fault-HA,contradictory,13.7,0.0,0.6718,0,0,0.2,
mas,X044,4,medium,200,fault-HA,contradictory,13.791,0.0,0.6718,0,0,0.2,
mas,X045,0,complex,500,fault-HA,contradictory,13.231,0.0,0.6961,0,0,0.2,
mas,X045,1,complex,500,fault-HA,contradictory,16.066,0.0,0.6961,0,0,0.2,
mas,X045,2,complex,500,fault-HA,contradictory,17.219,0.0,0.6961,0,0,0.2,
mas,X045,3,complex,500,fault-HA,contradictory,17.001,0.0,0.6961,0,0,0.2,
mas,X045,4,complex,500,fault-HA,contradictory,17.553,0.0,0.6961,0,0,0.2,
mas,X046,0,medium,500,fault-HA,contradictory,18.242,0.0,0.681,0,0,0.2,
mas,X046,1,medium,500,fault-HA,contradictory,19.858,0.0,0.681,0,0,0.2,
mas,X046,2,medium,500,fault-HA,contradictory,19.016,0.0,0.681,0,0,0.2,
mas,X046,3,medium,500,fault-HA,contradictory,17.907,0.0,0.681,0,0,0.2,
mas,X046,4,medium,500,fault-HA,contradictory,20.996,0.0,0.681,0,0,0.2,
mas,X047,0,medium,200,fault-HA,contradictory,13.962,0.0,0.6721,0,0,0.2,
mas,X047,1,medium,200,fault-HA,contradictory,14.005,0.0,0.6721,0,0,0.2,
mas,X047,2,medium,200,fault-HA,contradictory,14.217,0.0,0.6721,0,0,0.2,
mas,X047,3,medium,200,fault-HA,contradictory,14.181,0.0,0.6721,0,0,0.2,
mas,X047,4,medium,200,fault-HA,contradictory,14.112,0.0,0.6721,0,0,0.2,
mas,X048,0,medium,200,fault-HA,contradictory,13.981,0.0,0.672,0,0,0.2,
mas,X048,1,medium,200,fault-HA,contradictory,13.95,0.0,0.672,0,0,0.2,
mas,X048,2,medium,200,fault-HA,contradictory,13.935,0.0,0.672,0,0,0.2,
mas,X048,3,medium,200,fault-HA,contradictory,13.926,0.0,0.672,0,0,0.2,
mas,X048,4,medium,200,fault-HA,contradictory,13.906,0.0,0.672,0,0,0.2,
mas,X049,0,medium,500,fault-HA,contradictory,28.67,0.0,0.6747,0,0,0.2,
mas,X049,1,medium,500,fault-HA,contradictory,29.94,0.0,0.6747,0,0,0.2,
mas,X049,2,medium,500,fault-HA,contradictory,28.717,0.0,0.6747,0,0,0.2,
mas,X049,3,medium,500,fault-HA,contradictory,28.531,0.0,0.6747,0,0,0.2,
mas,X049,4,medium,500,fault-HA,contradictory,29.133,0.0,0.6747,0,0,0.2,
mas,X050,0,medium,200,fault-HA,contradictory,18.786,0.0,0.6709,0,0,0.2,
mas,X050,1,medium,200,fault-HA,contradictory,19.81,0.0,0.6709,0,0,0.2,
mas,X050,2,medium,200,fault-HA,contradictory,20.009,0.0,0.6709,0,0,0.2,
mas,X050,3,medium,200,fault-HA,contradictory,19.625,0.0,0.6709,0,0,0.2,
mas,X050,4,medium,200,fault-HA,contradictory,18.674,0.0,0.6709,0,0,0.2,
b4r,P001,0,simple,50,steady,perfect,18.332,0.0,0.0,0,0,0.0,
b4r,P001,1,simple,50,steady,perfect,16.817,0.0,0.0,0,0,0.0,
b4r,P001,2,simple,50,steady,perfect,16.781,0.0,0.0,0,0,0.0,
b4r,P001,3,simple,50,steady,perfect,16.801,0.0,0.0,0,0,0.0,
b4r,P001,4,simple,50,steady,perfect,16.835,0.0,0.0,0,0,0.0,
b4r,P002,0,simple,50,steady,perfect,16.546,0.0,0.0,0,0,0.0,
b4r,P002,1,simple,50,steady,perfect,16.542,0.0,0.0,0,0,0.0,
b4r,P002,2,simple,50,steady,perfect,17.65,0.0,0.0,0,0,0.0,
b4r,P002,3,simple,50,steady,perfect,17.544,0.0,0.0,0,0,0.0,
b4r,P002,4,simple,50,steady,perfect,17.652,0.0,0.0,0,0,0.0,
b4r,P003,0,simple,50,steady,perfect,17.648,0.0,0.0,0,0,0.0,
b4r,P003,1,simple,50,steady,perfect,16.334,0.0,0.0,0,0,0.0,
b4r,P003,2,simple,50,steady,perfect,16.333,0.0,0.0,0,0,0.0,
b4r,P003,3,simple,50,steady,perfect,16.331,0.0,0.0,0,0,0.0,
b4r,P003,4,simple,50,steady,perfect,16.334,0.0,0.0,0,0,0.0,
b4r,P004,0,simple,50,steady,perfect,16.349,0.0,0.0,0,0,0.0,
b4r,P004,1,simple,50,steady,perfect,16.349,0.0,0.0,0,0,0.0,
b4r,P004,2,simple,50,steady,perfect,16.346,0.0,0.0,0,0,0.0,
b4r,P004,3,simple,50,steady,perfect,16.356,0.0,0.0,0,0,0.0,
b4r,P004,4,simple,50,steady,perfect,17.409,0.0,0.0,0,0,0.0,
b4r,P005,0,simple,50,steady,perfect,16.466,0.0,0.0,0,0,0.0,
b4r,P005,1,simple,50,steady,perfect,16.871,0.0,0.0,0,0,0.0,
b4r,P005,2,simple,50,steady,perfect,16.868,0.0,0.0,0,0,0.0,
b4r,P005,3,simple,50,steady,perfect,18.241,0.0,0.0,0,0,0.0,
b4r,P005,4,simple,50,steady,perfect,16.871,0.0,0.0,0,0,0.0,
b4r,P006,0,simple,50,steady,perfect,17.865,0.0,0.0,0,0,0.0,
b4r,P006,1,simple,50,steady,perfect,16.506,0.0,0.0,0,0,0.0,
b4r,P006,2,simple,50,steady,perfect,16.923,0.0,0.0,0,0,0.0,
b4r,P006,3,simple,50,steady,perfect,16.962,0.0,0.0,0,0,0.0,
b4r,P006,4,simple,50,steady,perfect,16.557,0.0,0.0,0,0,0.0,
b4r,P007,0,simple,200,steady,perfect,16.977,0.0,0.0,0,0,0.0,
b4r,P007,1,simple,200,steady,perfect,16.973,0.0,0.0,0,0,0.0,
b4r,P007,2,simple,200,steady,perfect,16.858,0.0,0.0,0,0,0.0,
b4r,P007,3,simple,200,steady,perfect,16.968,0.0,0.0,0,0,0.0,
b4r,P007,4,simple,200,steady,perfect,16.856,0.0,0.0,0,0,0.0,
b4r,P008,0,simple,200,steady,perfect,18.195,0.0,0.0,0,0,0.0,
b4r,P008,1,simple,200,steady,perfect,16.91,0.0,0.0,0,0,0.0,
b4r,P008,2,simple,200,steady,perfect,18.194,0.0,0.0,0,0,0.0,
b4r,P008,3,simple,200,steady,perfect,16.921,0.0,0.0,0,0,0.0,
b4r,P008,4,simple,200,steady,perfect,17.481,0.0,0.0,0,0,0.0,
b4r,P009,0,simple,200,steady,perfect,16.857,0.0,0.0,0,0,0.0,
b4r,P009,1,simple,200,steady,perfect,18.124,0.0,0.0,0,0,0.0,
b4r,P009,2,simple,200,steady,perfect,16.802,0.0,0.0,0,0,0.0,
b4r,P009,3,simple,200,steady,perfect,18.224,0.0,0.0,0,0,0.0,
b4r,P009,4,simple,200,steady,perfect,18.293,0.0,0.0,0,0,0.0,
b4r,P010,0,simple,50,steady,perfect,16.825,0.0,0.0,1,0,0.0,"LLM returned non-JSON output (first 200 chars): {
  ""topology_id"": ""testbed-prototype"",
  ""connectivity"": {
    ""plmn"": {""mcc"": ""001"", ""mnc"": ""01""},
    ""slices"": [{""sst"": 1, ""sd"": ""000001"", ""description"": ""eMBB default""}],
    ""dnns"": [""internet""]"
b4r,P010,1,simple,50,steady,perfect,16.854,0.0,0.0,0,0,0.0,
b4r,P010,2,simple,50,steady,perfect,16.848,0.0,0.0,0,0,0.0,
b4r,P010,3,simple,50,steady,perfect,16.758,0.0,0.0,0,0,0.0,
b4r,P010,4,simple,50,steady,perfect,16.543,0.0,0.0,0,0,0.0,
b4r,P011,0,simple,200,bursty-headroom,perfect,18.326,0.0,0.0,0,0,0.0,
b4r,P011,1,simple,200,bursty-headroom,perfect,18.312,0.0,0.0,0,0,0.0,
b4r,P011,2,simple,200,bursty-headroom,perfect,18.227,0.0,0.0,0,0,0.0,
b4r,P011,3,simple,200,bursty-headroom,perfect,16.416,0.0,0.0,0,0,0.0,
b4r,P011,4,simple,200,bursty-headroom,perfect,18.479,0.0,0.0,0,0,0.0,
b4r,P012,0,simple,200,bursty-headroom,perfect,16.475,0.0,0.0,0,0,0.0,
b4r,P012,1,simple,200,bursty-headroom,perfect,16.904,0.0,0.0,0,0,0.0,
b4r,P012,2,simple,200,bursty-headroom,perfect,16.421,0.0,0.0,0,0,0.0,
b4r,P012,3,simple,200,bursty-headroom,perfect,16.433,0.0,0.0,0,0,0.0,
b4r,P012,4,simple,200,bursty-headroom,perfect,16.564,0.0,0.0,0,0,0.0,
b4r,P013,0,simple,50,bursty-headroom,perfect,16.915,0.0,0.0,0,0,0.0,
b4r,P013,1,simple,50,bursty-headroom,perfect,17.067,0.0,0.0,0,0,0.0,
b4r,P013,2,simple,50,bursty-headroom,perfect,16.926,0.0,0.0,0,0,0.0,
b4r,P013,3,simple,50,bursty-headroom,perfect,17.067,0.0,0.0,0,0,0.0,
b4r,P013,4,simple,50,bursty-headroom,perfect,16.986,0.0,0.0,0,0,0.0,
b4r,P014,0,simple,50,fault-HA,perfect,16.892,0.0,0.0,0,0,0.0,
b4r,P014,1,simple,50,fault-HA,perfect,17.021,0.0,0.0,0,0,0.0,
b4r,P014,2,simple,50,fault-HA,perfect,16.923,0.0,0.0,1,0,0.0,"LLM returned non-JSON output (first 200 chars): {
  ""topology_id"": ""ha-5g-core"",
  ""connectivity"": {
    ""plmn"": {""mcc"": ""001"", ""mnc"": ""01""},
    ""slices"": [{""sst"": 1, ""sd"": ""000001"", ""description"": ""eMBB default""}],
    ""dnns"": [""internet""]
  },
 "
b4r,P014,3,simple,50,fault-HA,perfect,17.956,0.0,0.0,0,0,0.0,
b4r,P014,4,simple,50,fault-HA,perfect,16.969,0.0,0.0,0,0,0.0,
b4r,P015,0,simple,50,fault-HA,perfect,18.183,0.0,0.0,1,0,0.0,"LLM returned non-JSON output (first 200 chars): {
  ""topology_id"": ""fault-tolerant-5g-network"",
  ""connectivity"": {
    ""plmn"": {""mcc"": ""001"", ""mnc"": ""01""},
    ""slices"": [{""sst"": 1, ""sd"": ""000001"", ""description"": ""eMBB default""}],
    ""dnns"": [""in"
b4r,P015,1,simple,50,fault-HA,perfect,16.879,0.0,0.0,1,0,0.0,"LLM returned non-JSON output (first 200 chars): {
  ""topology_id"": ""fault-tolerant-5g-network"",
  ""connectivity"": {
    ""plmn"": {""mcc"": ""001"", ""mnc"": ""01""},
    ""slices"": [{""sst"": 1, ""sd"": ""000001"", ""description"": ""eMBB default""}],
    ""dnns"": [""in"
b4r,P015,2,simple,50,fault-HA,perfect,16.667,0.0,0.0,1,0,0.0,"LLM returned non-JSON output (first 200 chars): {
  ""topology_id"": ""fault-tolerant-5g-network"",
  ""connectivity"": {
    ""plmn"": {""mcc"": ""001"", ""mnc"": ""01""},
    ""slices"": [{""sst"": 1, ""sd"": ""000001"", ""description"": ""eMBB default""}],
    ""dnns"": [""in"
b4r,P015,3,simple,50,fault-HA,perfect,16.638,0.0,0.0,1,0,0.0,"LLM returned non-JSON output (first 200 chars): {
  ""topology_id"": ""fault-tolerant-5g-network"",
  ""connectivity"": {
    ""plmn"": {""mcc"": ""001"", ""mnc"": ""01""},
    ""slices"": [{""sst"": 1, ""sd"": ""000001"", ""description"": ""eMBB default""}],
    ""dnns"": [""in"
b4r,P015,4,simple,50,fault-HA,perfect,16.992,0.0,0.0,1,0,0.0,"LLM returned non-JSON output (first 200 chars): {
  ""topology_id"": ""fault-tolerant-5g-network"",
  ""connectivity"": {
    ""plmn"": {""mcc"": ""001"", ""mnc"": ""01""},
    ""slices"": [{""sst"": 1, ""sd"": ""000001"", ""description"": ""eMBB default""}],
    ""dnns"": [""in"
b4r,P016,0,medium,200,steady,perfect,18.008,0.0,0.0,1,0,0.0,"LLM returned non-JSON output (first 200 chars): {
  ""topology_id"": ""basic-5g-core"",
  ""connectivity"": {
    ""plmn"": {""mcc"": ""001"", ""mnc"": ""01""},
    ""slices"": [{""sst"": 1, ""sd"": ""000001"", ""description"": ""eMBB default""}, {""sst"": 2, ""sd"": ""000002"", ""d"
b4r,P016,1,medium,200,steady,perfect,17.813,0.0,0.0,1,0,0.0,
b4r,P016,2,medium,200,steady,perfect,17.978,0.0,0.0,1,0,0.0,
b4r,P016,3,medium,200,steady,perfect,17.983,0.0,0.0,1,0,0.0,
b4r,P016,4,medium,200,steady,perfect,17.974,0.0,0.0,1,0,0.0,
b4r,P017,0,medium,200,steady,perfect,16.854,0.0,0.0,0,0,0.0,
b4r,P017,1,medium,200,steady,perfect,16.838,0.0,0.0,0,0,0.0,
b4r,P017,2,medium,200,steady,perfect,16.875,0.0,0.0,0,0,0.0,
b4r,P017,3,medium,200,steady,perfect,17.606,0.0,0.0,0,0,0.0,
b4r,P017,4,medium,200,steady,perfect,18.184,0.0,0.0,0,0,0.0,
b4r,P018,0,medium,500,steady,perfect,16.957,0.0,0.0,1,0,0.0,"LLM returned non-JSON output (first 200 chars): {
  ""topology_id"": ""iot-network-2023"",
  ""connectivity"": {
    ""plmn"": {""mcc"": ""001"", ""mnc"": ""01""},
    ""slices"": [{""sst"": 3, ""sd"": ""000003"", ""description"": ""mMTC IoT""}],
    ""dnns"": [""iot-sensors""]
 "
b4r,P018,1,medium,500,steady,perfect,16.998,0.0,0.3096,0,0,0.0,
b4r,P018,2,medium,500,steady,perfect,17.008,0.0,0.3096,0,0,0.0,
b4r,P018,3,medium,500,steady,perfect,16.765,0.0,0.0,1,0,0.0,"LLM returned non-JSON output (first 200 chars): {
  ""topology_id"": ""iot-network-2023"",
  ""connectivity"": {
    ""plmn"": {""mcc"": ""001"", ""mnc"": ""01""},
    ""slices"": [{""sst"": 3, ""sd"": ""000003"", ""description"": ""mMTC IoT""}],
    ""dnns"": [""iot-sensors""]
 "
b4r,P018,4,medium,500,steady,perfect,17.297,0.0,0.3096,0,0,0.0,
b4r,P019,0,medium,500,steady,perfect,18.177,0.0,0.0,0,0,0.0,
b4r,P019,1,medium,500,steady,perfect,18.16,0.0,0.0,0,0,0.0,
b4r,P019,2,medium,500,steady,perfect,18.193,0.0,0.0,0,0,0.0,
b4r,P019,3,medium,500,steady,perfect,16.893,0.0,0.0,0,0,0.0,
b4r,P019,4,medium,500,steady,perfect,18.099,0.0,0.0,0,0,0.0,
b4r,P020,0,medium,200,steady,perfect,20.932,0.0,0.0,0,0,0.0,
b4r,P020,1,medium,200,steady,perfect,20.978,0.0,0.0,1,0,0.0,
b4r,P020,2,medium,200,steady,perfect,20.981,0.0,0.0,1,0,0.0,
b4r,P020,3,medium,200,steady,perfect,21.11,0.0,0.0,1,0,0.0,
b4r,P020,4,medium,200,steady,perfect,21.107,0.0,0.0,1,0,0.0,
b4r,P021,0,medium,200,steady,perfect,17.963,0.0,0.0,0,0,0.0,
b4r,P021,1,medium,200,steady,perfect,17.551,0.0,0.0,0,0,0.0,
b4r,P021,2,medium,200,steady,perfect,16.351,0.0,0.0,0,0,0.0,
b4r,P021,3,medium,200,steady,perfect,16.434,0.0,0.0,0,0,0.0,
b4r,P021,4,medium,200,steady,perfect,16.439,0.0,0.0,0,0,0.0,
b4r,P022,0,medium,200,steady,perfect,16.952,0.0,0.0,0,0,0.0,
b4r,P022,1,medium,200,steady,perfect,16.895,0.0,0.0,0,0,0.0,
b4r,P022,2,medium,200,steady,perfect,16.818,0.0,0.0,0,0,0.0,
b4r,P022,3,medium,200,steady,perfect,18.134,0.0,0.0,0,0,0.0,
b4r,P022,4,medium,200,steady,perfect,16.918,0.0,0.0,0,0,0.0,
b4r,P023,0,medium,200,steady,perfect,16.21,0.0,0.0,0,0,0.0,
b4r,P023,1,medium,200,steady,perfect,17.451,0.0,0.0,0,0,0.0,
b4r,P023,2,medium,200,steady,perfect,18.062,0.0,0.0,0,0,0.0,
b4r,P023,3,medium,200,steady,perfect,17.451,0.0,0.0,0,0,0.0,
b4r,P023,4,medium,200,steady,perfect,16.309,0.0,0.0,0,0,0.0,
b4r,P024,0,medium,200,steady,perfect,17.609,0.0,0.0,1,0,0.0,
b4r,P024,1,medium,200,steady,perfect,17.613,0.0,0.0,1,0,0.0,
b4r,P024,2,medium,200,steady,perfect,18.669,0.0,0.0,1,0,0.0,
b4r,P024,3,medium,200,steady,perfect,17.607,0.0,0.0,1,0,0.0,
b4r,P024,4,medium,200,steady,perfect,17.61,0.0,0.0,1,0,0.0,
b4r,P025,0,medium,500,steady,perfect,16.804,0.0,0.0,0,0,0.0,
b4r,P025,1,medium,500,steady,perfect,18.137,0.0,0.0,0,0,0.0,
b4r,P025,2,medium,500,steady,perfect,16.842,0.0,0.0,0,0,0.0,
b4r,P025,3,medium,500,steady,perfect,16.802,0.0,0.0,0,0,0.0,
b4r,P025,4,medium,500,steady,perfect,16.235,0.0,0.0,0,0,0.0,
b4r,P026,0,medium,500,bursty-headroom,perfect,17.046,0.0,0.0,0,0,0.0,
b4r,P026,1,medium,500,bursty-headroom,perfect,16.998,0.0,0.0,0,0,0.0,
b4r,P026,2,medium,500,bursty-headroom,perfect,17.05,0.0,0.0,0,0,0.0,
b4r,P026,3,medium,500,bursty-headroom,perfect,17.039,0.0,0.0,0,0,0.0,
b4r,P026,4,medium,500,bursty-headroom,perfect,17.046,0.0,0.0,0,0,0.0,
b4r,P027,0,medium,500,bursty-headroom,perfect,18.143,0.0,0.0836,0,0,0.0,
b4r,P027,1,medium,500,bursty-headroom,perfect,18.062,0.0,0.0836,0,0,0.0,
b4r,P027,2,medium,500,bursty-headroom,perfect,18.148,0.0,0.0836,0,0,0.0,
b4r,P027,3,medium,500,bursty-headroom,perfect,16.763,0.0,0.0,0,0,0.0,
b4r,P027,4,medium,500,bursty-headroom,perfect,18.141,0.0,0.0836,0,0,0.0,
b4r,P028,0,medium,500,bursty-headroom,perfect,17.567,0.0,0.2874,0,0,0.0,
b4r,P028,1,medium,500,bursty-headroom,perfect,18.126,0.0,0.2517,0,0,0.0,
b4r,P028,2,medium,500,bursty-headroom,perfect,18.127,0.0,0.2517,0,0,0.0,
b4r,P028,3,medium,500,bursty-headroom,perfect,16.403,0.0,0.3256,0,0,0.0,
b4r,P028,4,medium,500,bursty-headroom,perfect,18.128,0.0,0.2517,0,0,0.0,
b4r,P029,0,medium,500,bursty-headroom,perfect,17.073,0.0,0.0,0,0,0.0,
b4r,P029,1,medium,500,bursty-headroom,perfect,18.127,0.0,0.0,0,0,0.0,
b4r,P029,2,medium,500,bursty-headroom,perfect,17.011,0.0,0.0,0,0,0.0,
b4r,P029,3,medium,500,bursty-headroom,perfect,18.098,0.0,0.0,0,0,0.0,
b4r,P029,4,medium,500,bursty-headroom,perfect,17.927,0.0,0.0,0,0,0.0,
b4r,P030,0,medium,200,sinusoidal-autoscale,perfect,16.895,0.0,0.0,1,0,0.0,
b4r,P030,1,medium,200,sinusoidal-autoscale,perfect,18.133,0.0,0.0,1,0,0.0,
b4r,P030,2,medium,200,sinusoidal-autoscale,perfect,16.95,0.0,0.0,1,0,0.0,
b4r,P030,3,medium,200,sinusoidal-autoscale,perfect,16.902,0.0,0.0,1,0,0.0,
b4r,P030,4,medium,200,sinusoidal-autoscale,perfect,16.903,0.0,0.0,1,0,0.0,
b4r,P031,0,medium,500,sinusoidal-autoscale,perfect,17.182,0.0,0.0,1,0,0.0,"LLM returned non-JSON output (first 200 chars): {
  ""topology_id"": ""campus-5g-network"",
  ""connectivity"": {
    ""plmn"": {""mcc"": ""001"", ""mnc"": ""01""},
    ""slices"": [{""sst"": 1, ""sd"": ""000001"", ""description"": ""eMBB default""}],
    ""dnns"": [""internet""]"
b4r,P031,1,medium,500,sinusoidal-autoscale,perfect,17.675,0.0,0.0,1,0,0.0,"LLM returned non-JSON output (first 200 chars): {
  ""topology_id"": ""campus-5g-network"",
  ""connectivity"": {
    ""plmn"": {""mcc"": ""001"", ""mnc"": ""01""},
    ""slices"": [{""sst"": 1, ""sd"": ""000001"", ""description"": ""eMBB default""}],
    ""dnns"": [""internet""]"
b4r,P031,2,medium,500,sinusoidal-autoscale,perfect,16.715,0.0,0.0,1,0,0.0,"LLM returned non-JSON output (first 200 chars): {
  ""topology_id"": ""campus-5g-network"",
  ""connectivity"": {
    ""plmn"": {""mcc"": ""001"", ""mnc"": ""01""},
    ""slices"": [{""sst"": 1, ""sd"": ""000001"", ""description"": ""eMBB default""}],
    ""dnns"": [""internet""]"
b4r,P031,3,medium,500,sinusoidal-autoscale,perfect,16.816,0.0,0.0,1,0,0.0,
b4r,P031,4,medium,500,sinusoidal-autoscale,perfect,17.053,0.0,0.0,1,0,0.0,"LLM returned non-JSON output (first 200 chars): {
  ""topology_id"": ""campus-5g-network"",
  ""connectivity"": {
    ""plmn"": {""mcc"": ""001"", ""mnc"": ""01""},
    ""slices"": [{""sst"": 1, ""sd"": ""000001"", ""description"": ""eMBB default""}],
    ""dnns"": [""internet""]"
b4r,P032,0,medium,200,sinusoidal-autoscale,perfect,17.074,0.0,0.0,1,0,0.0,
b4r,P032,1,medium,200,sinusoidal-autoscale,perfect,19.207,0.0,0.0,1,0,0.0,
b4r,P032,2,medium,200,sinusoidal-autoscale,perfect,19.154,0.0,0.0,1,0,0.0,
b4r,P032,3,medium,200,sinusoidal-autoscale,perfect,19.211,0.0,0.0,1,0,0.0,"LLM returned non-JSON output (first 200 chars): {
  ""topology_id"": ""factory-5g-core"",
  ""connectivity"": {
    ""plmn"": {""mcc"": ""001"", ""mnc"": ""01""},
    ""slices"": [{""sst"": 1, ""sd"": ""000001"", ""description"": ""eMBB factory""}, {""sst"": 2, ""sd"": ""000002"", "
b4r,P032,4,medium,200,sinusoidal-autoscale,perfect,17.068,0.0,0.0,1,0,0.0,
b4r,P033,0,medium,200,fault-HA,perfect,16.798,0.0,0.0,1,0,0.0,"LLM returned non-JSON output (first 200 chars): {
  ""topology_id"": ""ha-5g-core-urlcc"",
  ""connectivity"": {
    ""plmn"": {""mcc"": ""001"", ""mnc"": ""01""},
    ""slices"": [{""sst"": 2, ""sd"": ""000002"", ""description"": ""URLLC for mission-critical services""}],
  "
b4r,P033,1,medium,200,fault-HA,perfect,17.226,0.0,0.0,1,0,0.0,"LLM returned non-JSON output (first 200 chars): {
  ""topology_id"": ""ha-5g-core-urlcc"",
  ""connectivity"": {
    ""plmn"": {""mcc"": ""001"", ""mnc"": ""01""},
    ""slices"": [{""sst"": 2, ""sd"": ""000002"", ""description"": ""URLLC for mission-critical services""}],
  "
b4r,P033,2,medium,200,fault-HA,perfect,17.02,0.0,0.0,1,0,0.0,"LLM returned non-JSON output (first 200 chars): {
  ""topology_id"": ""ha-5g-core-urlcc"",
  ""connectivity"": {
    ""plmn"": {""mcc"": ""001"", ""mnc"": ""01""},
    ""slices"": [{""sst"": 2, ""sd"": ""000002"", ""description"": ""URLLC for mission-critical services""}],
  "
b4r,P033,3,medium,200,fault-HA,perfect,18.056,0.0,0.0,1,0,0.0,"LLM returned non-JSON output (first 200 chars): {
  ""topology_id"": ""ha-5g-core-urlcc"",
  ""connectivity"": {
    ""plmn"": {""mcc"": ""001"", ""mnc"": ""01""},
    ""slices"": [{""sst"": 2, ""sd"": ""000002"", ""description"": ""URLLC for mission-critical services""}],
  "
b4r,P033,4,medium,200,fault-HA,perfect,18.046,0.0,0.0,1,0,0.0,"LLM returned non-JSON output (first 200 chars): {
  ""topology_id"": ""ha-5g-core-urlcc"",
  ""connectivity"": {
    ""plmn"": {""mcc"": ""001"", ""mnc"": ""01""},
    ""slices"": [{""sst"": 2, ""sd"": ""000002"", ""description"": ""URLLC for mission-critical services""}],
  "
b4r,P034,0,medium,200,fault-HA,perfect,17.382,0.0,0.0,0,0,0.0,
b4r,P034,1,medium,200,fault-HA,perfect,16.988,0.0,0.0,0,0,0.0,
b4r,P034,2,medium,200,fault-HA,perfect,17.039,0.0,0.0,0,0,0.0,
b4r,P034,3,medium,200,fault-HA,perfect,16.826,0.0,0.0,0,0,0.0,
b4r,P034,4,medium,200,fault-HA,perfect,16.988,0.0,0.0,0,0,0.0,
b4r,P035,0,medium,200,fault-HA,perfect,23.237,0.0,0.0726,0,0,0.0,
b4r,P035,1,medium,200,fault-HA,perfect,19.957,0.0,0.0,0,0,0.0,
b4r,P035,2,medium,200,fault-HA,perfect,20.027,0.0,0.0,0,0,0.0,
b4r,P035,3,medium,200,fault-HA,perfect,25.236,0.0,0.0643,0,0,0.0,
b4r,P035,4,medium,200,fault-HA,perfect,22.815,0.0,0.0,0,0,0.0,
b4r,P036,0,medium,500,fault-HA,perfect,16.842,0.0,0.2705,0,0,0.0,
b4r,P036,1,medium,500,fault-HA,perfect,17.945,0.0,0.4214,0,0,0.0,
b4r,P036,2,medium,500,fault-HA,perfect,16.804,0.0,0.4214,0,0,0.0,
b4r,P036,3,medium,500,fault-HA,perfect,16.838,0.0,0.2705,0,0,0.0,
b4r,P036,4,medium,500,fault-HA,perfect,17.957,0.0,0.4214,0,0,0.0,
b4r,P037,0,medium,200,fault-HA,perfect,17.111,0.0,0.0631,0,0,0.0,
b4r,P037,1,medium,200,fault-HA,perfect,16.481,0.0,0.0,0,0,0.0,
b4r,P037,2,medium,200,fault-HA,perfect,16.858,0.0,0.0,0,0,0.0,
b4r,P037,3,medium,200,fault-HA,perfect,16.864,0.0,0.0,0,0,0.0,
b4r,P037,4,medium,200,fault-HA,perfect,17.008,0.0,0.0,0,0,0.0,
b4r,P038,0,complex,500,steady,perfect,19.499,0.0,0.3836,1,0,0.0,
b4r,P038,1,complex,500,steady,perfect,18.733,0.0,0.3301,1,0,0.0,
b4r,P038,2,complex,500,steady,perfect,18.733,0.0,0.3301,1,0,0.0,
b4r,P038,3,complex,500,steady,perfect,18.736,0.0,0.3301,1,0,0.0,
b4r,P038,4,complex,500,steady,perfect,19.503,0.0,0.3301,1,0,0.0,
b4r,P039,0,complex,500,steady,perfect,18.735,0.0,0.3861,1,0,0.0,
b4r,P039,1,complex,500,steady,perfect,18.738,0.0,0.3861,1,0,0.0,
b4r,P039,2,complex,500,steady,perfect,21.522,0.0,0.2907,1,0,0.0,
b4r,P039,3,complex,500,steady,perfect,19.019,0.0,0.3861,1,0,0.0,
b4r,P039,4,complex,500,steady,perfect,18.736,0.0,0.3861,1,0,0.0,
b4r,P040,0,complex,500,steady,perfect,18.474,0.0,0.3818,1,0,0.0,
b4r,P040,1,complex,500,steady,perfect,18.092,0.0,0.3818,1,0,0.0,
b4r,P040,2,complex,500,steady,perfect,19.695,0.0,0.3818,1,0,0.0,
b4r,P040,3,complex,500,steady,perfect,18.081,0.0,0.3818,1,0,0.0,
b4r,P040,4,complex,500,steady,perfect,19.683,0.0,0.3818,1,0,0.0,
b4r,P041,0,complex,500,steady,perfect,22.196,0.0,0.0,0,0,0.0,
b4r,P041,1,complex,500,steady,perfect,22.174,0.0,0.0,0,0,0.0,
b4r,P041,2,complex,500,steady,perfect,17.554,0.0,0.2379,1,0,0.0,
b4r,P041,3,complex,500,steady,perfect,19.841,0.0,0.0,1,0,0.0,"LLM returned non-JSON output (first 200 chars): {
  ""topology_id"": ""university-research-network"",
  ""connectivity"": {
    ""plmn"": {""mcc"": ""001"", ""mnc"": ""01""},
    ""slices"": [
      {""sst"": 1, ""sd"": ""000001"", ""description"": ""eMBB for student devices"
b4r,P041,4,complex,500,steady,perfect,19.995,0.0,0.0,0,0,0.0,
b4r,P042,0,complex,500,steady,perfect,19.503,0.0,0.0,1,0,0.0,"LLM returned non-JSON output (first 200 chars): {
  ""topology_id"": ""digital-mine-5g"",
  ""connectivity"": {
    ""plmn"": {""mcc"": ""001"", ""mnc"": ""01""},
    ""slices"": [
      {""sst"": 1, ""sd"": ""000001"", ""description"": ""eMBB cameras""},
      {""sst"": 2, ""sd"
b4r,P042,1,complex,500,steady,perfect,19.658,0.0,0.0,1,0,0.0,
b4r,P042,2,complex,500,steady,perfect,23.145,0.0,0.0,1,0,0.0,"LLM returned non-JSON output (first 200 chars): {
  ""topology_id"": ""digital-mine-5g"",
  ""connectivity"": {
    ""plmn"": {""mcc"": ""001"", ""mnc"": ""01""},
    ""slices"": [
      {""sst"": 1, ""sd"": ""000001"", ""description"": ""eMBB cameras""},
      {""sst"": 2, ""sd"
b4r,P042,3,complex,500,steady,perfect,23.318,0.0,0.0,0,0,0.0,
b4r,P042,4,complex,500,steady,perfect,26.172,0.0,0.0107,0,0,0.0,
b4r,P043,0,complex,500,steady,perfect,18.996,0.0,0.2931,1,0,0.0,
b4r,P043,1,complex,500,steady,perfect,24.364,0.1111,0.0,0,0,0.0,
b4r,P043,2,complex,500,steady,perfect,27.819,0.2,0.0,0,0,0.0,
b4r,P043,3,complex,500,steady,perfect,21.522,0.0,0.2093,1,0,0.0,
b4r,P043,4,complex,500,steady,perfect,18.28,0.0,0.2931,1,0,0.0,
b4r,P044,0,complex,200,steady,perfect,17.829,0.0,0.0,1,0,0.0,
b4r,P044,1,complex,200,steady,perfect,23.159,0.1111,0.0,0,0,0.0,
b4r,P044,2,complex,200,steady,perfect,25.39,0.0,0.0,0,0,0.0,
b4r,P044,3,complex,200,steady,perfect,19.567,0.0,0.0,1,0,0.0,
b4r,P044,4,complex,200,steady,perfect,21.14,0.0,0.0,0,0,0.0,
b4r,P045,0,complex,500,steady,perfect,18.283,0.0,0.133,1,0,0.0,
b4r,P045,1,complex,500,steady,perfect,22.822,0.1111,0.0,1,0,0.0,
b4r,P045,2,complex,500,steady,perfect,19.446,0.0,0.0353,0,0,0.0,
b4r,P045,3,complex,500,steady,perfect,18.158,0.0,0.133,1,0,0.0,
b4r,P045,4,complex,500,steady,perfect,19.61,0.0,0.0,1,0,0.0,
b4r,P046,0,complex,500,bursty-headroom,perfect,23.694,0.0,0.0,1,0,0.0,"LLM returned non-JSON output (first 200 chars): {
  ""topology_id"": ""olympic-stadium-5g"",
  ""connectivity"": {
    ""plmn"": {""mcc"": ""460"", ""mnc"": ""95""},
    ""slices"": [
      {""sst"": 1, ""sd"": ""000001"", ""description"": ""eMBB for spectators""},
      {""ss"
b4r,P046,1,complex,500,bursty-headroom,perfect,22.103,0.0,0.0,1,0,0.0,"LLM returned non-JSON output (first 200 chars): {
  ""topology_id"": ""olympic-stadium-5g"",
  ""connectivity"": {
    ""plmn"": {""mcc"": ""460"", ""mnc"": ""92""},
    ""slices"": [
      {""sst"": 1, ""sd"": ""000001"", ""description"": ""eMBB for spectators""},
      {""ss"
b4r,P046,2,complex,500,bursty-headroom,perfect,19.866,0.0,0.0,0,0,0.0,
b4r,P046,3,complex,500,bursty-headroom,perfect,23.352,0.0,0.0,1,0,0.0,"LLM returned non-JSON output (first 200 chars): {
  ""topology_id"": ""olympic-stadium-5g"",
  ""connectivity"": {
    ""plmn"": {""mcc"": ""460"", ""mnc"": ""92""},
    ""slices"": [
      {""sst"": 1, ""sd"": ""000001"", ""description"": ""eMBB for spectators""},
      {""ss"
b4r,P046,4,complex,500,bursty-headroom,perfect,24.619,0.1111,0.0359,0,0,0.0,
b4r,P047,0,complex,500,bursty-headroom,perfect,18.081,0.0,0.3484,0,0,0.0,
b4r,P047,1,complex,500,bursty-headroom,perfect,18.369,0.0,0.3127,0,0,0.0,
b4r,P047,2,complex,500,bursty-headroom,perfect,18.153,0.0,0.3127,0,0,0.0,
b4r,P047,3,complex,500,bursty-headroom,perfect,16.436,0.0,0.2984,0,0,0.0,
b4r,P047,4,complex,500,bursty-headroom,perfect,18.076,0.0,0.3127,0,0,0.0,
b4r,P048,0,complex,200,bursty-headroom,perfect,16.852,0.0,0.0,0,0,0.0,
b4r,P048,1,complex,200,bursty-headroom,perfect,18.047,0.0,0.0,0,0,0.0,
b4r,P048,2,complex,200,bursty-headroom,perfect,16.873,0.0,0.0,0,0,0.0,
b4r,P048,3,complex,200,bursty-headroom,perfect,18.189,0.0,0.0,0,0,0.0,
b4r,P048,4,complex,200,bursty-headroom,perfect,18.131,0.0,0.0,0,0,0.0,
b4r,P049,0,complex,500,sinusoidal-autoscale,perfect,18.139,0.0,0.3127,1,0,0.0,
b4r,P049,1,complex,500,sinusoidal-autoscale,perfect,18.139,0.0,0.3127,1,0,0.0,
b4r,P049,2,complex,500,sinusoidal-autoscale,perfect,18.14,0.0,0.3127,1,0,0.0,
b4r,P049,3,complex,500,sinusoidal-autoscale,perfect,18.136,0.0,0.3127,1,0,0.0,
b4r,P049,4,complex,500,sinusoidal-autoscale,perfect,18.138,0.0,0.3127,1,0,0.0,
b4r,P050,0,complex,500,sinusoidal-autoscale,perfect,17.678,0.0,0.0,1,0,0.0,"LLM returned non-JSON output (first 200 chars): {
  ""topology_id"": ""pop-telecom-basic"",
  ""connectivity"": {
    ""plmn"": {""mcc"": ""001"", ""mnc"": ""01""},
    ""slices"": [{""sst"": 1, ""sd"": ""000001"", ""description"": ""eMBB default""}],
    ""dnns"": [""internet""]"
b4r,P050,1,complex,500,sinusoidal-autoscale,perfect,16.982,0.0,0.0,1,0,0.0,"LLM returned non-JSON output (first 200 chars): {
  ""topology_id"": ""pop-telecom-basic"",
  ""connectivity"": {
    ""plmn"": {""mcc"": ""001"", ""mnc"": ""01""},
    ""slices"": [{""sst"": 1, ""sd"": ""000001"", ""description"": ""eMBB default""}],
    ""dnns"": [""internet""]"
b4r,P050,2,complex,500,sinusoidal-autoscale,perfect,17.703,0.0,0.0,1,0,0.0,"LLM returned non-JSON output (first 200 chars): {
  ""topology_id"": ""pop-telecom-1"",
  ""connectivity"": {
    ""plmn"": {""mcc"": ""001"", ""mnc"": ""01""},
    ""slices"": [{""sst"": 1, ""sd"": ""000001"", ""description"": ""eMBB default""}],
    ""dnns"": [""internet""]
  }"
b4r,P050,3,complex,500,sinusoidal-autoscale,perfect,18.262,0.0,0.0,1,0,0.0,"LLM returned non-JSON output (first 200 chars): {
  ""topology_id"": ""pop-telecom-1"",
  ""connectivity"": {
    ""plmn"": {""mcc"": ""001"", ""mnc"": ""01""},
    ""slices"": [{""sst"": 1, ""sd"": ""000001"", ""description"": ""eMBB default""}],
    ""dnns"": [""internet""]
  }"
b4r,P050,4,complex,500,sinusoidal-autoscale,perfect,17.969,0.0,0.0,1,0,0.0,"LLM returned non-JSON output (first 200 chars): {
  ""topology_id"": ""pop-telecom-1"",
  ""connectivity"": {
    ""plmn"": {""mcc"": ""001"", ""mnc"": ""01""},
    ""slices"": [{""sst"": 1, ""sd"": ""000001"", ""description"": ""eMBB default""}],
    ""dnns"": [""internet""]
  }"
b4r,P051,0,complex,500,fault-HA,perfect,27.941,0.0,0.0,1,0,0.0,"LLM returned non-JSON output (first 200 chars): {
  ""topology_id"": ""carrier-grade-ha-5g-core"",
  ""connectivity"": {
    ""plmn"": {""mcc"": ""001"", ""mnc"": ""01""},
    ""slices"": [
      {""sst"": 1, ""sd"": ""000001"", ""description"": ""eMBB default""},
      {""sst"
b4r,P051,1,complex,500,fault-HA,perfect,19.294,0.0,0.4721,1,0,0.0,
b4r,P051,2,complex,500,fault-HA,perfect,25.445,0.1111,0.1619,0,0,0.0,
b4r,P051,3,complex,500,fault-HA,perfect,25.404,0.1111,0.1619,0,0,0.0,
b4r,P051,4,complex,500,fault-HA,perfect,18.511,0.0,0.4721,1,0,0.0,
b4r,P052,0,complex,500,fault-HA,perfect,23.064,0.1111,0.3026,0,0,0.0,
b4r,P052,1,complex,500,fault-HA,perfect,22.863,0.1111,0.0194,0,0,0.0,
b4r,P052,2,complex,500,fault-HA,perfect,26.525,0.2,0.2777,0,0,0.0,
b4r,P052,3,complex,500,fault-HA,perfect,24.282,0.1111,0.2867,0,0,0.0,
b4r,P052,4,complex,500,fault-HA,perfect,24.314,0.1111,0.3026,0,0,0.0,
b4r,P053,0,complex,500,fault-HA,perfect,23.028,0.0,0.3457,0,0,0.0,
b4r,P053,1,complex,500,fault-HA,perfect,22.68,0.0,0.0,1,0,0.0,"LLM returned non-JSON output (first 200 chars): {
  ""topology_id"": ""nuclear-facility-5g-core"",
  ""connectivity"": {
    ""plmn"": {""mcc"": ""001"", ""mnc"": ""01""},
    ""slices"": [
      {""sst"": 1, ""sd"": ""000001"", ""description"": ""eMBB cameras""},
      {""sst"
b4r,P053,2,complex,500,fault-HA,perfect,23.126,0.0,0.3659,0,0,0.0,
b4r,P053,3,complex,500,fault-HA,perfect,23.157,0.1111,0.3662,0,0,0.0,
b4r,P053,4,complex,500,fault-HA,perfect,24.692,0.1111,0.1757,0,0,0.0,
b4r,P054,0,complex,500,fault-HA,perfect,22.081,0.0,0.2804,0,0,0.0,
b4r,P054,1,complex,500,fault-HA,perfect,19.524,0.0,0.5168,1,0,0.0,
b4r,P054,2,complex,500,fault-HA,perfect,19.146,0.0,0.5168,1,0,0.0,
b4r,P054,3,complex,500,fault-HA,perfect,25.91,0.1111,0.2804,0,0,0.0,
b4r,P054,4,complex,500,fault-HA,perfect,22.154,0.0,0.2804,0,0,0.0,
b4r,P055,0,complex,200,fault-HA,perfect,21.159,0.0,0.1126,0,0,0.0,
b4r,P055,1,complex,200,fault-HA,perfect,21.954,0.1111,0.121,0,0,0.0,
b4r,P055,2,complex,200,fault-HA,perfect,23.128,0.0,0.1377,0,0,0.0,
b4r,P055,3,complex,200,fault-HA,perfect,23.126,0.0,0.1377,0,0,0.0,
b4r,P055,4,complex,200,fault-HA,perfect,23.17,0.1111,0.1021,0,0,0.0,
b4r,P056,0,simple,50,steady,perfect,16.837,0.0,0.0,0,0,0.0,
b4r,P056,1,simple,50,steady,perfect,18.148,0.0,0.0,0,0,0.0,
b4r,P056,2,simple,50,steady,perfect,17.071,0.0,0.0,0,0,0.0,
b4r,P056,3,simple,50,steady,perfect,16.861,0.0,0.0,0,0,0.0,
b4r,P056,4,simple,50,steady,perfect,16.866,0.0,0.0,0,0,0.0,
b4r,P057,0,simple,200,steady,perfect,16.354,0.0,0.0,0,0,0.0,
b4r,P057,1,simple,200,steady,perfect,16.295,0.0,0.0,0,0,0.0,
b4r,P057,2,simple,200,steady,perfect,16.631,0.0,0.0,0,0,0.0,
b4r,P057,3,simple,200,steady,perfect,16.504,0.0,0.0,0,0,0.0,
b4r,P057,4,simple,200,steady,perfect,16.378,0.0,0.0,0,0,0.0,
b4r,P058,0,medium,200,steady,perfect,16.838,0.0,0.0,0,0,0.0,
b4r,P058,1,medium,200,steady,perfect,16.841,0.0,0.0,0,0,0.0,
b4r,P058,2,medium,200,steady,perfect,16.84,0.0,0.0,0,0,0.0,
b4r,P058,3,medium,200,steady,perfect,16.835,0.0,0.0,0,0,0.0,
b4r,P058,4,medium,200,steady,perfect,16.859,0.0,0.0,0,0,0.0,
b4r,P059,0,medium,500,steady,perfect,17.089,0.0,0.0,0,0,0.0,
b4r,P059,1,medium,500,steady,perfect,17.085,0.0,0.0,0,0,0.0,
b4r,P059,2,medium,500,steady,perfect,16.839,0.0,0.0,0,0,0.0,
b4r,P059,3,medium,500,steady,perfect,17.085,0.0,0.0,0,0,0.0,
b4r,P059,4,medium,500,steady,perfect,17.03,0.0,0.0164,0,0,0.0,
b4r,P060,0,complex,500,steady,perfect,21.309,0.0,0.0,1,0,0.0,
b4r,P060,1,complex,500,steady,perfect,20.328,0.0,0.0,1,0,0.0,
b4r,P060,2,complex,500,steady,perfect,20.125,0.0,0.0,1,0,0.0,
b4r,P060,3,complex,500,steady,perfect,20.127,0.0,0.0,1,0,0.0,
b4r,P060,4,complex,500,steady,perfect,27.413,0.0,0.0,0,0,0.0,
b4r,P061,0,simple,50,steady,perfect,16.36,0.0,0.0,0,0,0.0,
b4r,P061,1,simple,50,steady,perfect,18.426,0.0,0.2764,0,0,0.0,
b4r,P061,2,simple,50,steady,perfect,18.582,0.0,0.2764,0,0,0.0,
b4r,P061,3,simple,50,steady,perfect,18.506,0.0,0.2764,0,0,0.0,
b4r,P061,4,simple,50,steady,perfect,16.683,0.0,0.0,0,0,0.0,
b4r,P062,0,medium,200,steady,perfect,18.292,0.0,0.0,0,0,0.0,
b4r,P062,1,medium,200,steady,perfect,16.897,0.0,0.0,0,0,0.0,
b4r,P062,2,medium,200,steady,perfect,18.081,0.0,0.0,0,0,0.0,
b4r,P062,3,medium,200,steady,perfect,17.029,0.0,0.0,0,0,0.0,
b4r,P062,4,medium,200,steady,perfect,18.08,0.0,0.0,0,0,0.0,
b4r,P063,0,complex,500,steady,perfect,17.656,0.0,0.3852,1,0,0.0,
b4r,P063,1,complex,500,steady,perfect,17.732,0.0,0.3852,1,0,0.0,
b4r,P063,2,complex,500,steady,perfect,17.511,0.0,0.3852,1,0,0.0,
b4r,P063,3,complex,500,steady,perfect,17.761,0.0,0.4261,1,0,0.0,
b4r,P063,4,complex,500,steady,perfect,17.511,0.0,0.3852,1,0,0.0,
b4r,P064,0,simple,50,steady,perfect,16.906,0.0,0.0,0,0,0.0,
b4r,P064,1,simple,50,steady,perfect,16.915,0.0,0.0,0,0,0.0,
b4r,P064,2,simple,50,steady,perfect,16.284,0.0,0.0,0,0,0.0,
b4r,P064,3,simple,50,steady,perfect,16.524,0.0,0.0,0,0,0.0,
b4r,P064,4,simple,50,steady,perfect,16.518,0.0,0.0,0,0,0.0,
b4r,P065,0,medium,200,steady,perfect,18.348,0.0,0.0,0,0,0.0,
b4r,P065,1,medium,200,steady,perfect,16.734,0.0,0.0,0,0,0.0,
b4r,P065,2,medium,200,steady,perfect,16.426,0.0,0.0,0,0,0.0,
b4r,P065,3,medium,200,steady,perfect,16.738,0.0,0.0,0,0,0.0,
b4r,P065,4,medium,200,steady,perfect,17.937,0.0,0.0,0,0,0.0,
b4r,P066,0,simple,50,bursty-headroom,perfect,16.346,0.0,0.0,0,0,0.0,
b4r,P066,1,simple,50,bursty-headroom,perfect,16.858,0.0,0.0,0,0,0.0,
b4r,P066,2,simple,50,bursty-headroom,perfect,16.855,0.0,0.0,0,0,0.0,
b4r,P066,3,simple,50,bursty-headroom,perfect,16.892,0.0,0.0,0,0,0.0,
b4r,P066,4,simple,50,bursty-headroom,perfect,16.777,0.0,0.0,0,0,0.0,
b4r,P067,0,medium,200,bursty-headroom,perfect,16.837,0.0,0.0,0,0,0.0,
b4r,P067,1,medium,200,bursty-headroom,perfect,16.837,0.0,0.0,0,0,0.0,
b4r,P067,2,medium,200,bursty-headroom,perfect,18.23,0.0,0.0,0,0,0.0,
b4r,P067,3,medium,200,bursty-headroom,perfect,16.84,0.0,0.0,0,0,0.0,
b4r,P067,4,medium,200,bursty-headroom,perfect,16.837,0.0,0.0,0,0,0.0,
b4r,P068,0,complex,500,sinusoidal-autoscale,perfect,16.879,0.0,0.1829,1,0,0.0,
b4r,P068,1,complex,500,sinusoidal-autoscale,perfect,17.965,0.0,0.1352,1,0,0.0,
b4r,P068,2,complex,500,sinusoidal-autoscale,perfect,16.975,0.0,0.0,1,0,0.0,
b4r,P068,3,complex,500,sinusoidal-autoscale,perfect,16.845,0.0,0.0,1,0,0.0,
b4r,P068,4,complex,500,sinusoidal-autoscale,perfect,16.907,0.0,0.0,1,0,0.0,
b4r,P069,0,simple,50,fault-HA,perfect,16.494,0.0,0.0,1,0,0.0,"LLM returned non-JSON output (first 200 chars): {
  ""topology_id"": ""ha-urlcc-5g-core"",
  ""connectivity"": {
    ""plmn"": {""mcc"": ""001"", ""mnc"": ""01""},
    ""slices"": [{""sst"": 2, ""sd"": ""000002"", ""description"": ""URLLC for HA devices""}],
    ""dnns"": [""int"
b4r,P069,1,simple,50,fault-HA,perfect,17.318,0.0,0.0,1,0,0.0,"LLM returned non-JSON output (first 200 chars): {
  ""topology_id"": ""ha-urlcc-5g-core"",
  ""connectivity"": {
    ""plmn"": {""mcc"": ""001"", ""mnc"": ""01""},
    ""slices"": [{""sst"": 2, ""sd"": ""000002"", ""description"": ""URLLC for HA devices""}],
    ""dnns"": [""int"
b4r,P069,2,simple,50,fault-HA,perfect,16.964,0.0,0.0,1,0,0.0,"LLM returned non-JSON output (first 200 chars): {
  ""topology_id"": ""ha-urlcc-5g-core"",
  ""connectivity"": {
    ""plmn"": {""mcc"": ""001"", ""mnc"": ""01""},
    ""slices"": [{""sst"": 2, ""sd"": ""000002"", ""description"": ""URLLC for HA devices""}],
    ""dnns"": [""int"
b4r,P069,3,simple,50,fault-HA,perfect,17.72,0.0,0.0,1,0,0.0,"LLM returned non-JSON output (first 200 chars): {
  ""topology_id"": ""ha-urlcc-5g-core"",
  ""connectivity"": {
    ""plmn"": {""mcc"": ""001"", ""mnc"": ""01""},
    ""slices"": [{""sst"": 2, ""sd"": ""000002"", ""description"": ""URLLC for HA devices""}],
    ""dnns"": [""int"
b4r,P069,4,simple,50,fault-HA,perfect,17.024,0.0,0.0,1,0,0.0,"LLM returned non-JSON output (first 200 chars): {
  ""topology_id"": ""ha-urlcc-5g-core"",
  ""connectivity"": {
    ""plmn"": {""mcc"": ""001"", ""mnc"": ""01""},
    ""slices"": [{""sst"": 2, ""sd"": ""000002"", ""description"": ""URLLC for HA devices""}],
    ""dnns"": [""int"
b4r,P070,0,medium,200,fault-HA,perfect,17.937,0.0,0.2493,0,0,0.0,
b4r,P070,1,medium,200,fault-HA,perfect,17.714,0.0,0.2493,0,0,0.0,
b4r,P070,2,medium,200,fault-HA,perfect,18.258,0.0,0.2493,0,0,0.0,
b4r,P070,3,medium,200,fault-HA,perfect,16.844,0.0,0.2493,0,0,0.0,
b4r,P070,4,medium,200,fault-HA,perfect,16.754,0.0,0.0,0,0,0.0,
b4r,P071,0,simple,50,steady,perfect,16.345,0.0,0.0,0,0,0.0,
b4r,P071,1,simple,50,steady,perfect,16.497,0.0,0.0,0,0,0.0,
b4r,P071,2,simple,50,steady,perfect,16.497,0.0,0.0,0,0,0.0,
b4r,P071,3,simple,50,steady,perfect,16.501,0.0,0.0,0,0,0.0,
b4r,P071,4,simple,50,steady,perfect,16.339,0.0,0.0,0,0,0.0,
b4r,P072,0,simple,200,steady,perfect,16.795,0.0,0.0,0,0,0.0,
b4r,P072,1,simple,200,steady,perfect,18.176,0.0,0.0,0,0,0.0,
b4r,P072,2,simple,200,steady,perfect,16.768,0.0,0.0,0,0,0.0,
b4r,P072,3,simple,200,steady,perfect,16.797,0.0,0.0,0,0,0.0,
b4r,P072,4,simple,200,steady,perfect,16.905,0.0,0.0,0,0,0.0,
b4r,P073,0,medium,500,steady,perfect,22.83,0.0,0.0,0,0,0.0,
b4r,P073,1,medium,500,steady,perfect,25.351,0.0,0.0,0,0,0.0,
b4r,P073,2,medium,500,steady,perfect,20.961,0.0,0.2642,0,0,0.0,
b4r,P073,3,medium,500,steady,perfect,17.571,0.0,0.0,1,0,0.0,
b4r,P073,4,medium,500,steady,perfect,20.191,0.0,0.2642,0,0,0.0,
b4r,P074,0,medium,500,sinusoidal-autoscale,perfect,18.14,0.0,0.0,1,0,0.0,
b4r,P074,1,medium,500,sinusoidal-autoscale,perfect,18.213,0.0,0.1421,1,0,0.0,
b4r,P074,2,medium,500,sinusoidal-autoscale,perfect,17.929,0.0,0.0,1,0,0.0,
b4r,P074,3,medium,500,sinusoidal-autoscale,perfect,16.895,0.0,0.0,1,0,0.0,"LLM returned non-JSON output (first 200 chars): {
  ""topology_id"": ""basic-5g-core-autoscale"",
  ""connectivity"": {
    ""plmn"": {""mcc"": ""001"", ""mnc"": ""01""},
    ""slices"": [{""sst"": 1, ""sd"": ""000001"", ""description"": ""eMBB default""}],
    ""dnns"": [""inte"
b4r,P074,4,medium,500,sinusoidal-autoscale,perfect,16.955,0.0,0.0,1,0,0.0,
b4r,P075,0,complex,500,fault-HA,perfect,19.307,0.0,0.507,1,0,0.0,
b4r,P075,1,complex,500,fault-HA,perfect,23.777,0.0,0.0,1,0,0.0,"LLM returned non-JSON output (first 200 chars): {
  ""topology_id"": ""5G-HA-Tri-Slice"",
  ""connectivity"": {
    ""plmn"": {""mcc"": ""001"", ""mnc"": ""01""},
    ""slices"": [
      {""sst"": 1, ""sd"": ""000001"", ""description"": ""eMBB default""},
      {""sst"": 2, ""sd"
b4r,P075,2,complex,500,fault-HA,perfect,19.299,0.0,0.507,1,0,0.0,
b4r,P075,3,complex,500,fault-HA,perfect,19.492,0.0,0.507,1,0,0.0,
b4r,P075,4,complex,500,fault-HA,perfect,19.304,0.0,0.507,1,0,0.0,
b4r,P076,0,simple,50,steady,perfect,16.324,0.0,0.0,0,0,0.0,
b4r,P076,1,simple,50,steady,perfect,16.319,0.0,0.0,0,0,0.0,
b4r,P076,2,simple,50,steady,perfect,16.749,0.0,0.0,0,0,0.0,
b4r,P076,3,simple,50,steady,perfect,16.864,0.0,0.0,0,0,0.0,
b4r,P076,4,simple,50,steady,perfect,16.752,0.0,0.0,0,0,0.0,
b4r,P077,0,simple,200,steady,perfect,18.252,0.0,0.0,0,0,0.0,
b4r,P077,1,simple,200,steady,perfect,16.715,0.0,0.0,0,0,0.0,
b4r,P077,2,simple,200,steady,perfect,16.944,0.0,0.0,0,0,0.0,
b4r,P077,3,simple,200,steady,perfect,16.802,0.0,0.0,0,0,0.0,
b4r,P077,4,simple,200,steady,perfect,17.115,0.0,0.0,0,0,0.0,
b4r,P078,0,medium,200,steady,perfect,17.368,0.0,0.0,0,0,0.0,
b4r,P078,1,medium,200,steady,perfect,17.308,0.0,0.0,0,0,0.0,
b4r,P078,2,medium,200,steady,perfect,17.614,0.0,0.0,0,0,0.0,
b4r,P078,3,medium,200,steady,perfect,18.143,0.0,0.0,0,0,0.0,
b4r,P078,4,medium,200,steady,perfect,17.144,0.0,0.0,0,0,0.0,
b4r,P079,0,medium,500,steady,perfect,19.718,0.0,0.0,1,0,0.0,
b4r,P079,1,medium,500,steady,perfect,19.563,0.0,0.0,0,0,0.0,
b4r,P079,2,medium,500,steady,perfect,25.768,0.0,0.0,0,0,0.0,
b4r,P079,3,medium,500,steady,perfect,20.178,0.0,0.0,1,0,0.0,
b4r,P079,4,medium,500,steady,perfect,20.779,0.0,0.0,1,0,0.0,
b4r,P080,0,complex,500,fault-HA,perfect,20.048,0.0,0.473,1,0,0.0,
b4r,P080,1,complex,500,fault-HA,perfect,24.91,0.0,0.4864,0,0,0.0,
b4r,P080,2,complex,500,fault-HA,perfect,29.729,0.0,0.4563,0,0,0.0,
b4r,P080,3,complex,500,fault-HA,perfect,17.484,0.0,0.4887,1,0,0.0,
b4r,P080,4,complex,500,fault-HA,perfect,27.149,0.0,0.4352,0,0,0.0,
b4r,P081,0,simple,50,steady,perfect,17.006,0.0,0.0,0,0,0.0,
b4r,P081,1,simple,50,steady,perfect,16.848,0.0,0.0,0,0,0.0,
b4r,P081,2,simple,50,steady,perfect,16.964,0.0,0.0,0,0,0.0,
b4r,P081,3,simple,50,steady,perfect,16.88,0.0,0.0,0,0,0.0,
b4r,P081,4,simple,50,steady,perfect,18.185,0.0,0.0,0,0,0.0,
b4r,P082,0,medium,500,steady,perfect,17.073,0.0,0.0,0,0,0.0,
b4r,P082,1,medium,500,steady,perfect,16.996,0.0,0.0,0,0,0.0,
b4r,P082,2,medium,500,steady,perfect,16.925,0.0,0.0,0,0,0.0,
b4r,P082,3,medium,500,steady,perfect,16.811,0.0,0.0,0,0,0.0,
b4r,P082,4,medium,500,steady,perfect,18.358,0.0,0.0,0,0,0.0,
b4r,P083,0,complex,500,steady,perfect,17.502,0.0,0.3966,1,0,0.0,
b4r,P083,1,complex,500,steady,perfect,17.519,0.0,0.0,1,0,0.0,"LLM returned non-JSON output (first 200 chars): {
  ""topology_id"": ""iot-sensors-5g-core"",
  ""connectivity"": {
    ""plmn"": {""mcc"": ""001"", ""mnc"": ""01""},
    ""slices"": [{""sst"": 1, ""sd"": ""000001"", ""description"": ""eMBB default""}, {""sst"": 3, ""sd"": ""00000"
b4r,P083,2,complex,500,steady,perfect,20.953,0.0,0.0973,1,0,0.0,
b4r,P083,3,complex,500,steady,perfect,17.47,0.0,0.3966,1,0,0.0,
b4r,P083,4,complex,500,steady,perfect,17.507,0.0,0.3966,1,0,0.0,
b4r,P084,0,simple,50,steady,perfect,18.266,0.0,0.0,0,0,0.0,
b4r,P084,1,simple,50,steady,perfect,16.88,0.0,0.0,0,0,0.0,
b4r,P084,2,simple,50,steady,perfect,16.832,0.0,0.0,0,0,0.0,
b4r,P084,3,simple,50,steady,perfect,17.906,0.0,0.0,0,0,0.0,
b4r,P084,4,simple,50,steady,perfect,18.267,0.0,0.0,0,0,0.0,
b4r,P085,0,medium,200,steady,perfect,18.342,0.0,0.0,0,0,0.0,
b4r,P085,1,medium,200,steady,perfect,16.297,0.0,0.0,0,0,0.0,
b4r,P085,2,medium,200,steady,perfect,16.511,0.0,0.0,0,0,0.0,
b4r,P085,3,medium,200,steady,perfect,16.844,0.0,0.0,0,0,0.0,
b4r,P085,4,medium,200,steady,perfect,16.3,0.0,0.0,0,0,0.0,
b4r,P086,0,simple,50,bursty-headroom,perfect,16.342,0.0,0.0,0,0,0.0,
b4r,P086,1,simple,50,bursty-headroom,perfect,16.848,0.0,0.0,0,0,0.0,
b4r,P086,2,simple,50,bursty-headroom,perfect,16.881,0.0,0.0,0,0,0.0,
b4r,P086,3,simple,50,bursty-headroom,perfect,16.923,0.0,0.0,0,0,0.0,
b4r,P086,4,simple,50,bursty-headroom,perfect,16.469,0.0,0.0,0,0,0.0,
b4r,P087,0,medium,500,bursty-headroom,perfect,16.843,0.0,0.0,0,0,0.0,
b4r,P087,1,medium,500,bursty-headroom,perfect,16.817,0.0,0.0,0,0,0.0,
b4r,P087,2,medium,500,bursty-headroom,perfect,16.824,0.0,0.0,0,0,0.0,
b4r,P087,3,medium,500,bursty-headroom,perfect,18.115,0.0,0.0,0,0,0.0,
b4r,P087,4,medium,500,bursty-headroom,perfect,16.835,0.0,0.0,0,0,0.0,
b4r,P088,0,complex,500,sinusoidal-autoscale,perfect,17.042,0.0,0.0047,1,0,0.0,
b4r,P088,1,complex,500,sinusoidal-autoscale,perfect,17.046,0.0,0.0047,1,0,0.0,
b4r,P088,2,complex,500,sinusoidal-autoscale,perfect,16.819,0.0,0.0,1,0,0.0,
b4r,P088,3,complex,500,sinusoidal-autoscale,perfect,16.883,0.0,0.0,1,0,0.0,
b4r,P088,4,complex,500,sinusoidal-autoscale,perfect,16.89,0.0,0.0,1,0,0.0,
b4r,P089,0,simple,50,fault-HA,perfect,16.866,0.0,0.0,0,0,0.0,
b4r,P089,1,simple,50,fault-HA,perfect,16.865,0.0,0.0,0,0,0.0,
b4r,P089,2,simple,50,fault-HA,perfect,16.977,0.0,0.0,1,0,0.0,"LLM returned non-JSON output (first 200 chars): {
  ""topology_id"": ""5G-HA-URLLC"",
  ""connectivity"": {
    ""plmn"": {""mcc"": ""001"", ""mnc"": ""01""},
    ""slices"": [{""sst"": 2, ""sd"": ""000002"", ""description"": ""High Availability URLLC""}],
    ""dnns"": [""inter"
b4r,P089,3,simple,50,fault-HA,perfect,16.863,0.0,0.0,0,0,0.0,
b4r,P089,4,simple,50,fault-HA,perfect,16.794,0.0,0.0,0,0,0.0,
b4r,P090,0,medium,200,fault-HA,perfect,17.996,0.0,0.0249,1,0,0.0,
b4r,P090,1,medium,200,fault-HA,perfect,23.042,0.0,0.4134,0,0,0.0,
b4r,P090,2,medium,200,fault-HA,perfect,17.754,0.0,0.267,1,0,0.0,
b4r,P090,3,medium,200,fault-HA,perfect,20.133,0.0,0.1859,0,0,0.0,
b4r,P090,4,medium,200,fault-HA,perfect,20.223,0.0,0.4197,0,0,0.0,
b4r,P091,0,simple,200,steady,perfect,16.839,0.0,0.0,0,0,0.0,
b4r,P091,1,simple,200,steady,perfect,16.712,0.0,0.0,0,0,0.0,
b4r,P091,2,simple,200,steady,perfect,16.29,0.0,0.0,0,0,0.0,
b4r,P091,3,simple,200,steady,perfect,17.918,0.0,0.0,0,0,0.0,
b4r,P091,4,simple,200,steady,perfect,16.841,0.0,0.0,0,0,0.0,
b4r,P092,0,medium,500,steady,perfect,17.002,0.0,0.0,0,0,0.0,
b4r,P092,1,medium,500,steady,perfect,16.835,0.0,0.0,0,0,0.0,
b4r,P092,2,medium,500,steady,perfect,16.5,0.0,0.0016,0,0,0.0,
b4r,P092,3,medium,500,steady,perfect,16.839,0.0,0.0,0,0,0.0,
b4r,P092,4,medium,500,steady,perfect,16.846,0.0,0.0,0,0,0.0,
b4r,P093,0,complex,500,steady,perfect,18.245,0.0,0.3624,1,0,0.0,
b4r,P093,1,complex,500,steady,perfect,19.541,0.0,0.3624,1,0,0.0,
b4r,P093,2,complex,500,steady,perfect,23.326,0.0,0.0,1,0,0.0,"LLM returned non-JSON output (first 200 chars): {
  ""topology_id"": ""5G-Core-Tri-Slice"",
  ""connectivity"": {
    ""plmn"": {""mcc"": ""001"", ""mnc"": ""01""},
    ""slices"": [
      {""sst"": 1, ""sd"": ""000001"", ""description"": ""eMBB default""},
      {""sst"": 2, """
b4r,P093,3,complex,500,steady,perfect,18.5,0.0,0.3624,1,0,0.0,
b4r,P093,4,complex,500,steady,perfect,23.258,0.0,0.0,1,0,0.0,"LLM returned non-JSON output (first 200 chars): {
  ""topology_id"": ""5G-Core-Tri-Slice"",
  ""connectivity"": {
    ""plmn"": {""mcc"": ""001"", ""mnc"": ""01""},
    ""slices"": [
      {""sst"": 1, ""sd"": ""000001"", ""description"": ""eMBB default""},
      {""sst"": 2, """
b4r,P094,0,medium,500,sinusoidal-autoscale,perfect,17.053,0.0,0.0,1,0,0.0,"LLM returned non-JSON output (first 200 chars): {
  ""topology_id"": ""5G-Deploy-1800UE"",
  ""connectivity"": {
    ""plmn"": {""mcc"": ""001"", ""mnc"": ""01""},
    ""slices"": [{""sst"": 1, ""sd"": ""000001"", ""description"": ""eMBB default""}],
    ""dnns"": [""internet""]
"
b4r,P094,1,medium,500,sinusoidal-autoscale,perfect,17.225,0.0,0.0,1,0,0.0,"LLM returned non-JSON output (first 200 chars): {
  ""topology_id"": ""5G-Deploy-1800UE"",
  ""connectivity"": {
    ""plmn"": {""mcc"": ""001"", ""mnc"": ""01""},
    ""slices"": [{""sst"": 1, ""sd"": ""000001"", ""description"": ""eMBB default""}],
    ""dnns"": [""internet""]
"
b4r,P094,2,medium,500,sinusoidal-autoscale,perfect,16.812,0.0,0.0,1,0,0.0,
b4r,P094,3,medium,500,sinusoidal-autoscale,perfect,17.188,0.0,0.0,1,0,0.0,"LLM returned non-JSON output (first 200 chars): {
  ""topology_id"": ""5G-Deploy-1800-Subscribers"",
  ""connectivity"": {
    ""plmn"": {""mcc"": ""001"", ""mnc"": ""01""},
    ""slices"": [{""sst"": 1, ""sd"": ""000001"", ""description"": ""eMBB default""}],
    ""dnns"": [""i"
b4r,P094,4,medium,500,sinusoidal-autoscale,perfect,17.93,0.0,0.0,1,0,0.0,
b4r,P095,0,medium,500,fault-HA,perfect,16.886,0.0,0.3072,0,0,0.0,
b4r,P095,1,medium,500,fault-HA,perfect,16.884,0.0,0.3072,0,0,0.0,
b4r,P095,2,medium,500,fault-HA,perfect,16.82,0.0,0.3271,0,0,0.0,
b4r,P095,3,medium,500,fault-HA,perfect,16.893,0.0,0.3072,0,0,0.0,
b4r,P095,4,medium,500,fault-HA,perfect,16.921,0.0,0.3072,0,0,0.0,
b4r,P096,0,complex,500,fault-HA,perfect,17.562,0.0,0.4894,1,0,0.0,
b4r,P096,1,complex,500,fault-HA,perfect,17.49,0.0,0.4894,1,0,0.0,
b4r,P096,2,complex,500,fault-HA,perfect,17.601,0.0,0.4894,1,0,0.0,
b4r,P096,3,complex,500,fault-HA,perfect,17.742,0.0,0.4859,1,0,0.0,
b4r,P096,4,complex,500,fault-HA,perfect,17.69,0.0,0.0,1,0,0.0,"LLM returned non-JSON output (first 200 chars): {
  ""topology_id"": ""smart-building-5g"",
  ""connectivity"": {
    ""plmn"": {""mcc"": ""001"", ""mnc"": ""01""},
    ""slices"": [{""sst"": 1, ""sd"": ""000001"", ""description"": ""eMBB default""}, {""sst"": 3, ""sd"": ""000002"""
b4r,P097,0,medium,200,steady,perfect,23.162,0.0,0.2755,0,0,0.0,
b4r,P097,1,medium,200,steady,perfect,28.082,0.0,0.0,0,0,0.0,
b4r,P097,2,medium,200,steady,perfect,23.175,0.0,0.2755,0,0,0.0,
b4r,P097,3,medium,200,steady,perfect,21.271,0.0,0.0,1,0,0.0,
b4r,P097,4,medium,200,steady,perfect,23.29,0.0,0.0,1,0,0.0,
b4r,P098,0,complex,500,steady,perfect,18.582,0.0,0.0,1,0,0.0,
b4r,P098,1,complex,500,steady,perfect,18.852,0.0,0.1211,1,0,0.0,
b4r,P098,2,complex,500,steady,perfect,21.106,0.0,0.0589,1,0,0.0,
b4r,P098,3,complex,500,steady,perfect,21.112,0.0,0.0589,1,0,0.0,
b4r,P098,4,complex,500,steady,perfect,21.116,0.0,0.0589,1,0,0.0,
b4r,P099,0,complex,500,bursty-headroom,perfect,16.86,0.0,0.0,0,0,0.0,
b4r,P099,1,complex,500,bursty-headroom,perfect,17.025,0.0,0.0,0,0,0.0,
b4r,P099,2,complex,500,bursty-headroom,perfect,18.191,0.0,0.0,0,0,0.0,
b4r,P099,3,complex,500,bursty-headroom,perfect,18.152,0.0,0.0,0,0,0.0,
b4r,P099,4,complex,500,bursty-headroom,perfect,17.062,0.0,0.0,0,0,0.0,
b4r,P100,0,medium,200,fault-HA,perfect,17.272,0.0,0.0,1,0,0.0,"LLM returned non-JSON output (first 200 chars): {
  ""topology_id"": ""5G-HA-URLLC-Safety"",
  ""connectivity"": {
    ""plmn"": {""mcc"": ""001"", ""mnc"": ""01""},
    ""slices"": [{""sst"": 2, ""sd"": ""000002"", ""description"": ""High Availability URLLC Safety""}],
    """
b4r,P100,1,medium,200,fault-HA,perfect,17.084,0.0,0.0,1,0,0.0,"LLM returned non-JSON output (first 200 chars): {
  ""topology_id"": ""5G-HA-URLLC-Safety"",
  ""connectivity"": {
    ""plmn"": {""mcc"": ""001"", ""mnc"": ""01""},
    ""slices"": [{""sst"": 2, ""sd"": ""000002"", ""description"": ""HA URLLC Safety""}],
    ""dnns"": [""intern"
b4r,P100,2,medium,200,fault-HA,perfect,16.912,0.0,0.0,1,0,0.0,"LLM returned non-JSON output (first 200 chars): {
  ""topology_id"": ""5G-HA-URLLC-Safety"",
  ""connectivity"": {
    ""plmn"": {""mcc"": ""001"", ""mnc"": ""01""},
    ""slices"": [{""sst"": 2, ""sd"": ""000002"", ""description"": ""High Availability URLLC for Safety Devic"
b4r,P100,3,medium,200,fault-HA,perfect,17.008,0.0,0.0,1,0,0.0,"LLM returned non-JSON output (first 200 chars): {
  ""topology_id"": ""5G-HA-URLLC-Safety"",
  ""connectivity"": {
    ""plmn"": {""mcc"": ""001"", ""mnc"": ""01""},
    ""slices"": [{""sst"": 2, ""sd"": ""000002"", ""description"": ""HA URLLC Safety""}],
    ""dnns"": [""intern"
b4r,P100,4,medium,200,fault-HA,perfect,17.063,0.0,0.0,1,0,0.0,"LLM returned non-JSON output (first 200 chars): {
  ""topology_id"": ""5G-HA-URLLC-Safety"",
  ""connectivity"": {
    ""plmn"": {""mcc"": ""001"", ""mnc"": ""01""},
    ""slices"": [{""sst"": 2, ""sd"": ""000002"", ""description"": ""High Availability URLLC Safety""}],
    """
b4r,A001,0,simple,50,steady,ambiguous,17.668,0.0,0.0,0,0,0.0,
b4r,A001,1,simple,50,steady,ambiguous,17.674,0.0,0.0,0,0,0.0,
b4r,A001,2,simple,50,steady,ambiguous,16.553,0.0,0.0,0,0,0.0,
b4r,A001,3,simple,50,steady,ambiguous,16.946,0.0,0.0,0,0,0.0,
b4r,A001,4,simple,50,steady,ambiguous,17.667,0.0,0.0,0,0,0.0,
b4r,A002,0,simple,50,steady,ambiguous,17.743,0.0,0.0,0,0,0.0,
b4r,A002,1,simple,50,steady,ambiguous,18.192,0.0,0.0,0,0,0.0,
b4r,A002,2,simple,50,steady,ambiguous,16.942,0.0,0.0,0,0,0.0,
b4r,A002,3,simple,50,steady,ambiguous,18.206,0.0,0.0,0,0,0.0,
b4r,A002,4,simple,50,steady,ambiguous,17.1,0.0,0.0,0,0,0.0,
b4r,A003,0,simple,50,steady,ambiguous,18.289,0.0,0.0,0,0,0.0,
b4r,A003,1,simple,50,steady,ambiguous,17.063,0.0,0.0,0,0,0.0,
b4r,A003,2,simple,50,steady,ambiguous,17.237,0.0,0.0,0,0,0.0,
b4r,A003,3,simple,50,steady,ambiguous,16.501,0.0,0.0,0,0,0.0,
b4r,A003,4,simple,50,steady,ambiguous,16.873,0.0,0.0,0,0,0.0,
b4r,A004,0,simple,50,steady,ambiguous,18.419,0.0,0.0,0,0,0.0,
b4r,A004,1,simple,50,steady,ambiguous,16.755,0.0,0.0,1,0,0.0,"LLM returned non-JSON output (first 200 chars): {
  ""topology_id"": ""basic-5g-core"",
  ""connectivity"": {
    ""plmn"": {""mcc"": ""001"", ""mnc"": ""01""},
    ""slices"": [{""sst"": 1, ""sd"": ""000001"", ""description"": ""eMBB default""}],
    ""dnns"": [""internet""]
  }"
b4r,A004,2,simple,50,steady,ambiguous,16.974,0.0,0.0,0,0,0.0,
b4r,A004,3,simple,50,steady,ambiguous,16.865,0.0,0.0,0,0,0.0,
b4r,A004,4,simple,50,steady,ambiguous,18.168,0.0,0.0,0,0,0.0,
b4r,A005,0,simple,50,steady,ambiguous,16.877,0.0,0.0,0,0,0.0,
b4r,A005,1,simple,50,steady,ambiguous,16.84,0.0,0.0,0,0,0.0,
b4r,A005,2,simple,50,steady,ambiguous,16.868,0.0,0.0,0,0,0.0,
b4r,A005,3,simple,50,steady,ambiguous,16.885,0.0,0.0,0,0,0.0,
b4r,A005,4,simple,50,steady,ambiguous,16.777,0.0,0.0,0,0,0.0,
b4r,A006,0,simple,50,steady,ambiguous,16.498,0.0,0.0,0,0,0.0,
b4r,A006,1,simple,50,steady,ambiguous,16.495,0.0,0.0,0,0,0.0,
b4r,A006,2,simple,50,steady,ambiguous,18.249,0.0,0.0,0,0,0.0,
b4r,A006,3,simple,50,steady,ambiguous,16.774,0.0,0.0,0,0,0.0,
b4r,A006,4,simple,50,steady,ambiguous,16.854,0.0,0.0,0,0,0.0,
b4r,A007,0,simple,200,steady,ambiguous,17.949,0.0,0.0,0,0,0.0,
b4r,A007,1,simple,200,steady,ambiguous,16.875,0.0,0.0,0,0,0.0,
b4r,A007,2,simple,200,steady,ambiguous,17.665,0.0,0.0,0,0,0.0,
b4r,A007,3,simple,200,steady,ambiguous,18.202,0.0,0.0,0,0,0.0,
b4r,A007,4,simple,200,steady,ambiguous,17.629,0.0,0.0,0,0,0.0,
b4r,A008,0,simple,200,steady,ambiguous,16.414,0.0,0.0,0,0,0.0,
b4r,A008,1,simple,200,steady,ambiguous,18.298,0.0,0.0,0,0,0.0,
b4r,A008,2,simple,200,steady,ambiguous,18.263,0.0,0.0,0,0,0.0,
b4r,A008,3,simple,200,steady,ambiguous,16.957,0.0,0.0,0,0,0.0,
b4r,A008,4,simple,200,steady,ambiguous,18.302,0.0,0.0,0,0,0.0,
b4r,A009,0,simple,200,steady,ambiguous,16.711,0.0,0.0,0,0,0.0,
b4r,A009,1,simple,200,steady,ambiguous,16.715,0.0,0.0,0,0,0.0,
b4r,A009,2,simple,200,steady,ambiguous,16.72,0.0,0.0,0,0,0.0,
b4r,A009,3,simple,200,steady,ambiguous,16.712,0.0,0.0,0,0,0.0,
b4r,A009,4,simple,200,steady,ambiguous,16.705,0.0,0.0,0,0,0.0,
b4r,A010,0,simple,50,steady,ambiguous,16.836,0.0,0.0,0,0,0.0,
b4r,A010,1,simple,50,steady,ambiguous,16.702,0.0,0.0,0,0,0.0,
b4r,A010,2,simple,50,steady,ambiguous,16.818,0.0,0.0,0,0,0.0,
b4r,A010,3,simple,50,steady,ambiguous,16.825,0.0,0.0,0,0,0.0,
b4r,A010,4,simple,50,steady,ambiguous,16.787,0.0,0.0,0,0,0.0,
b4r,A011,0,simple,200,bursty-headroom,ambiguous,17.531,0.0,0.0,0,0,0.0,
b4r,A011,1,simple,200,bursty-headroom,ambiguous,16.851,0.0,0.0,0,0,0.0,
b4r,A011,2,simple,200,bursty-headroom,ambiguous,18.08,0.0,0.0,1,0,0.0,"LLM returned non-JSON output (first 200 chars): {
  ""topology_id"": ""broadband-slice-5g-core"",
  ""connectivity"": {
    ""plmn"": {""mcc"": ""001"", ""mnc"": ""01""},
    ""slices"": [{""sst"": 1, ""sd"": ""000001"", ""description"": ""Broadband slice for gadgets""}],
   "
b4r,A011,3,simple,200,bursty-headroom,ambiguous,18.131,0.0,0.0,1,0,0.0,"LLM returned non-JSON output (first 200 chars): {
  ""topology_id"": ""broadband-slice-5g-core"",
  ""connectivity"": {
    ""plmn"": {""mcc"": ""001"", ""mnc"": ""01""},
    ""slices"": [{""sst"": 1, ""sd"": ""000001"", ""description"": ""Broadband slice for gadgets""}],
   "
b4r,A011,4,simple,200,bursty-headroom,ambiguous,17.672,0.0,0.0,0,0,0.0,
b4r,A012,0,simple,200,bursty-headroom,ambiguous,17.182,0.0,0.0,0,0,0.0,
b4r,A012,1,simple,200,bursty-headroom,ambiguous,18.217,0.0,0.0,0,0,0.0,
b4r,A012,2,simple,200,bursty-headroom,ambiguous,17.252,0.0,0.0,0,0,0.0,
b4r,A012,3,simple,200,bursty-headroom,ambiguous,16.875,0.0,0.0,0,0,0.0,
b4r,A012,4,simple,200,bursty-headroom,ambiguous,18.089,0.0,0.0,0,0,0.0,
b4r,A013,0,simple,50,bursty-headroom,ambiguous,17.074,0.0,0.0,0,0,0.0,
b4r,A013,1,simple,50,bursty-headroom,ambiguous,18.301,0.0,0.0,0,0,0.0,
b4r,A013,2,simple,50,bursty-headroom,ambiguous,16.959,0.0,0.0,0,0,0.0,
b4r,A013,3,simple,50,bursty-headroom,ambiguous,16.96,0.0,0.0,0,0,0.0,
b4r,A013,4,simple,50,bursty-headroom,ambiguous,16.79,0.0,0.0,0,0,0.0,
b4r,A014,0,simple,50,fault-HA,ambiguous,16.899,0.0,0.0,1,0,0.0,"LLM returned non-JSON output (first 200 chars): {
  ""topology_id"": ""basic-5g-core"",
  ""connectivity"": {
    ""plmn"": {""mcc"": ""001"", ""mnc"": ""01""},
    ""slices"": [{""sst"": 1, ""sd"": ""000001"", ""description"": ""eMBB default""}],
    ""dnns"": [""internet""]
  }"
b4r,A014,1,simple,50,fault-HA,ambiguous,17.205,0.0,0.0,1,0,0.0,"LLM returned non-JSON output (first 200 chars): {
  ""topology_id"": ""basic-5g-core"",
  ""connectivity"": {
    ""plmn"": {""mcc"": ""001"", ""mnc"": ""01""},
    ""slices"": [{""sst"": 1, ""sd"": ""000001"", ""description"": ""eMBB default""}],
    ""dnns"": [""internet""]
  }"
b4r,A014,2,simple,50,fault-HA,ambiguous,16.933,0.0,0.0,1,0,0.0,"LLM returned non-JSON output (first 200 chars): {
  ""topology_id"": ""basic-5g-core"",
  ""connectivity"": {
    ""plmn"": {""mcc"": ""001"", ""mnc"": ""01""},
    ""slices"": [{""sst"": 1, ""sd"": ""000001"", ""description"": ""eMBB default""}],
    ""dnns"": [""internet""]
  }"
b4r,A014,3,simple,50,fault-HA,ambiguous,17.073,0.0,0.0,1,0,0.0,"LLM returned non-JSON output (first 200 chars): {
  ""topology_id"": ""basic-5g-core"",
  ""connectivity"": {
    ""plmn"": {""mcc"": ""001"", ""mnc"": ""01""},
    ""slices"": [{""sst"": 1, ""sd"": ""000001"", ""description"": ""eMBB default""}],
    ""dnns"": [""internet""]
  }"
b4r,A014,4,simple,50,fault-HA,ambiguous,16.911,0.0,0.0,1,0,0.0,"LLM returned non-JSON output (first 200 chars): {
  ""topology_id"": ""basic-5g-core"",
  ""connectivity"": {
    ""plmn"": {""mcc"": ""001"", ""mnc"": ""01""},
    ""slices"": [{""sst"": 1, ""sd"": ""000001"", ""description"": ""eMBB default""}],
    ""dnns"": [""internet""]
  }"
b4r,A015,0,simple,50,fault-HA,ambiguous,17.924,0.0,0.0,0,0,0.0,
b4r,A015,1,simple,50,fault-HA,ambiguous,16.862,0.0,0.0,0,0,0.0,
b4r,A015,2,simple,50,fault-HA,ambiguous,16.888,0.0,0.0,0,0,0.0,
b4r,A015,3,simple,50,fault-HA,ambiguous,16.843,0.0,0.0,0,0,0.0,
b4r,A015,4,simple,50,fault-HA,ambiguous,16.968,0.0,0.0,1,0,0.0,"LLM returned non-JSON output (first 200 chars): {
  ""topology_id"": ""5G-Core-Broadband-Deployment"",
  ""connectivity"": {
    ""plmn"": {""mcc"": ""001"", ""mnc"": ""01""},
    ""slices"": [{""sst"": 1, ""sd"": ""000001"", ""description"": ""eMBB broadband""}],
    ""dnns"":"
b4r,A016,0,medium,200,steady,ambiguous,19.582,0.0,0.0,1,0,0.0,
b4r,A016,1,medium,200,steady,ambiguous,20.094,0.0,0.0,1,0,0.0,
b4r,A016,2,medium,200,steady,ambiguous,20.887,0.0,0.0,1,0,0.0,
b4r,A016,3,medium,200,steady,ambiguous,17.936,0.0,0.0,1,0,0.0,
b4r,A016,4,medium,200,steady,ambiguous,19.641,0.0,0.0,0,0,0.0,
b4r,A017,0,medium,200,steady,ambiguous,16.761,0.0,0.0,0,0,0.0,
b4r,A017,1,medium,200,steady,ambiguous,16.849,0.0,0.0,0,0,0.0,
b4r,A017,2,medium,200,steady,ambiguous,16.721,0.0,0.0,0,0,0.0,
b4r,A017,3,medium,200,steady,ambiguous,18.325,0.0,0.0,0,0,0.0,
b4r,A017,4,medium,200,steady,ambiguous,16.847,0.0,0.0,0,0,0.0,
b4r,A018,0,medium,500,steady,ambiguous,17.844,0.0,0.0,0,0,0.0,
b4r,A018,1,medium,500,steady,ambiguous,17.017,0.0,0.0,0,0,0.0,
b4r,A018,2,medium,500,steady,ambiguous,18.211,0.0,0.3096,0,0,0.0,
b4r,A018,3,medium,500,steady,ambiguous,16.716,0.0,0.0,0,0,0.0,
b4r,A018,4,medium,500,steady,ambiguous,18.179,0.0,0.0,0,0,0.0,
b4r,A019,0,medium,500,steady,ambiguous,16.893,0.0,0.0,0,0,0.0,
b4r,A019,1,medium,500,steady,ambiguous,18.164,0.0,0.0,0,0,0.0,
b4r,A019,2,medium,500,steady,ambiguous,18.148,0.0,0.0,0,0,0.0,
b4r,A019,3,medium,500,steady,ambiguous,16.797,0.0,0.0,1,0,0.0,"LLM returned non-JSON output (first 200 chars): {
  ""topology_id"": ""5G-Core-High-Bandwidth"",
  ""connectivity"": {
    ""plmn"": {""mcc"": ""001"", ""mnc"": ""01""},
    ""slices"": [{""sst"": 1, ""sd"": ""000001"", ""description"": ""eMBB high bandwidth""}],
    ""dnns"": "
b4r,A019,4,medium,500,steady,ambiguous,17.134,0.0,0.0,0,0,0.0,
b4r,A020,0,medium,200,steady,ambiguous,17.686,0.0,0.0,1,0,0.0,
b4r,A020,1,medium,200,steady,ambiguous,20.918,0.0,0.0,1,0,0.0,
b4r,A020,2,medium,200,steady,ambiguous,27.147,0.0,0.0,0,0,0.0,
b4r,A020,3,medium,200,steady,ambiguous,20.663,0.0,0.0,1,0,0.0,
b4r,A020,4,medium,200,steady,ambiguous,18.157,0.0,0.0,1,0,0.0,
b4r,A021,0,medium,200,steady,ambiguous,16.353,0.0,0.0,0,0,0.0,
b4r,A021,1,medium,200,steady,ambiguous,16.496,0.0,0.0,0,0,0.0,
b4r,A021,2,medium,200,steady,ambiguous,16.83,0.0,0.0,0,0,0.0,
b4r,A021,3,medium,200,steady,ambiguous,18.18,0.0,0.0,0,0,0.0,
b4r,A021,4,medium,200,steady,ambiguous,16.494,0.0,0.0,0,0,0.0,
b4r,A022,0,medium,200,steady,ambiguous,17.124,0.0,0.0,0,0,0.0,
b4r,A022,1,medium,200,steady,ambiguous,18.224,0.0,0.0,0,0,0.0,
b4r,A022,2,medium,200,steady,ambiguous,17.407,0.0,0.0,0,0,0.0,
b4r,A022,3,medium,200,steady,ambiguous,16.262,0.0,0.0,0,0,0.0,
b4r,A022,4,medium,200,steady,ambiguous,16.986,0.0,0.0,0,0,0.0,
b4r,A023,0,medium,200,steady,ambiguous,18.263,0.0,0.0,0,0,0.0,
b4r,A023,1,medium,200,steady,ambiguous,18.344,0.0,0.0,0,0,0.0,
b4r,A023,2,medium,200,steady,ambiguous,18.179,0.0,0.0,0,0,0.0,
b4r,A023,3,medium,200,steady,ambiguous,18.202,0.0,0.0,1,0,0.0,"LLM returned non-JSON output (first 200 chars): {
  ""topology_id"": ""mission-critical-5g-core"",
  ""connectivity"": {
    ""plmn"": {""mcc"": ""001"", ""mnc"": ""01""},
    ""slices"": [{""sst"": 2, ""sd"": ""000002"", ""description"": ""Mission-Critical URLLC""}],
    ""dn"
b4r,A023,4,medium,200,steady,ambiguous,18.3,0.0,0.0,0,0,0.0,
b4r,A024,0,medium,200,steady,ambiguous,19.495,0.0,0.0,1,0,0.0,
b4r,A024,1,medium,200,steady,ambiguous,17.521,0.0,0.0,1,0,0.0,
b4r,A024,2,medium,200,steady,ambiguous,20.109,0.0,0.0,1,0,0.0,
b4r,A024,3,medium,200,steady,ambiguous,17.666,0.0,0.0,1,0,0.0,
b4r,A024,4,medium,200,steady,ambiguous,20.696,0.0,0.0,1,0,0.0,
b4r,A025,0,medium,500,steady,ambiguous,16.769,0.0,0.0,0,0,0.0,
b4r,A025,1,medium,500,steady,ambiguous,18.141,0.0,0.0,0,0,0.0,
b4r,A025,2,medium,500,steady,ambiguous,18.295,0.0,0.0,0,0,0.0,
b4r,A025,3,medium,500,steady,ambiguous,18.064,0.0,0.0,0,0,0.0,
b4r,A025,4,medium,500,steady,ambiguous,16.883,0.0,0.0,0,0,0.0,
b4r,A026,0,medium,500,bursty-headroom,ambiguous,16.921,0.0,0.0,0,0,0.0,
b4r,A026,1,medium,500,bursty-headroom,ambiguous,16.926,0.0,0.0,0,0,0.0,
b4r,A026,2,medium,500,bursty-headroom,ambiguous,28.61,0.0,0.0,0,0,0.0,
b4r,A026,3,medium,500,bursty-headroom,ambiguous,16.917,0.0,0.0,0,0,0.0,
b4r,A026,4,medium,500,bursty-headroom,ambiguous,28.603,0.0,0.0,0,0,0.0,
b4r,A027,0,medium,500,bursty-headroom,ambiguous,16.735,0.0,0.0836,0,0,0.0,
b4r,A027,1,medium,500,bursty-headroom,ambiguous,16.436,0.0,0.0,0,0,0.0,
b4r,A027,2,medium,500,bursty-headroom,ambiguous,16.745,0.0,0.0,0,0,0.0,
b4r,A027,3,medium,500,bursty-headroom,ambiguous,16.988,0.0,0.0,0,0,0.0,
b4r,A027,4,medium,500,bursty-headroom,ambiguous,16.924,0.0,0.0,0,0,0.0,
b4r,A028,0,medium,500,bursty-headroom,ambiguous,16.912,0.0,0.2428,0,0,0.0,
b4r,A028,1,medium,500,bursty-headroom,ambiguous,17.401,0.0,0.3166,0,0,0.0,
b4r,A028,2,medium,500,bursty-headroom,ambiguous,16.938,0.0,0.0,1,0,0.0,"LLM returned non-JSON output (first 200 chars): {
  ""topology_id"": ""5G-Core-EMBB-Fabric"",
  ""connectivity"": {
    ""plmn"": {""mcc"": ""001"", ""mnc"": ""01""},
    ""slices"": [{""sst"": 1, ""sd"": ""000001"", ""description"": ""eMBB fabric""}],
    ""dnns"": [""internet"""
b4r,A028,3,medium,500,bursty-headroom,ambiguous,17.066,0.0,0.2428,0,0,0.0,
b4r,A028,4,medium,500,bursty-headroom,ambiguous,17.36,0.0,0.2428,0,0,0.0,
b4r,A029,0,medium,500,bursty-headroom,ambiguous,17.928,0.0,0.0,0,0,0.0,
b4r,A029,1,medium,500,bursty-headroom,ambiguous,16.958,0.0,0.0,0,0,0.0,
b4r,A029,2,medium,500,bursty-headroom,ambiguous,16.942,0.0,0.0,0,0,0.0,
b4r,A029,3,medium,500,bursty-headroom,ambiguous,16.658,0.0,0.0,1,0,0.0,"LLM returned non-JSON output (first 200 chars): {
  ""topology_id"": ""5G-Core-High-Bandwidth"",
  ""connectivity"": {
    ""plmn"": {""mcc"": ""001"", ""mnc"": ""01""},
    ""slices"": [{""sst"": 1, ""sd"": ""000001"", ""description"": ""eMBB high bandwidth""}],
    ""dnns"": "
b4r,A029,4,medium,500,bursty-headroom,ambiguous,16.835,0.0,0.0,0,0,0.0,
b4r,A030,0,medium,200,sinusoidal-autoscale,ambiguous,16.788,0.0,0.0,1,0,0.0,
b4r,A030,1,medium,200,sinusoidal-autoscale,ambiguous,17.046,0.0,0.0,1,0,0.0,
b4r,A030,2,medium,200,sinusoidal-autoscale,ambiguous,17.038,0.0,0.0,1,0,0.0,
b4r,A030,3,medium,200,sinusoidal-autoscale,ambiguous,18.123,0.0,0.0,1,0,0.0,
b4r,A030,4,medium,200,sinusoidal-autoscale,ambiguous,16.865,0.0,0.0,1,0,0.0,
b4r,A031,0,medium,500,sinusoidal-autoscale,ambiguous,18.197,0.0,0.049,1,0,0.0,
b4r,A031,1,medium,500,sinusoidal-autoscale,ambiguous,18.192,0.0,0.049,1,0,0.0,
b4r,A031,2,medium,500,sinusoidal-autoscale,ambiguous,16.792,0.0,0.0,1,0,0.0,
b4r,A031,3,medium,500,sinusoidal-autoscale,ambiguous,18.186,0.0,0.0,1,0,0.0,
b4r,A031,4,medium,500,sinusoidal-autoscale,ambiguous,17.822,0.0,0.0,1,0,0.0,"LLM returned non-JSON output (first 200 chars): {
  ""topology_id"": ""broadband-slice-5g-core"",
  ""connectivity"": {
    ""plmn"": {""mcc"": ""001"", ""mnc"": ""01""},
    ""slices"": [{""sst"": 1, ""sd"": ""000001"", ""description"": ""Broadband slice for gadgets""}],
   "
b4r,A032,0,medium,200,sinusoidal-autoscale,ambiguous,25.223,0.0,0.0,1,0,0.0,
b4r,A032,1,medium,200,sinusoidal-autoscale,ambiguous,20.813,0.0,0.0,1,0,0.0,
b4r,A032,2,medium,200,sinusoidal-autoscale,ambiguous,25.43,0.0,0.0,1,0,0.0,
b4r,A032,3,medium,200,sinusoidal-autoscale,ambiguous,19.272,0.0,0.0,1,0,0.0,
b4r,A032,4,medium,200,sinusoidal-autoscale,ambiguous,19.686,0.0,0.0,1,0,0.0,
b4r,A033,0,medium,200,fault-HA,ambiguous,16.346,0.0,0.0,0,0,0.0,
b4r,A033,1,medium,200,fault-HA,ambiguous,16.476,0.0,0.0,0,0,0.0,
b4r,A033,2,medium,200,fault-HA,ambiguous,17.894,0.0,0.0,0,0,0.0,
b4r,A033,3,medium,200,fault-HA,ambiguous,17.978,0.0,0.0,0,0,0.0,
b4r,A033,4,medium,200,fault-HA,ambiguous,17.935,0.0,0.0,0,0,0.0,
b4r,A034,0,medium,200,fault-HA,ambiguous,17.096,0.0,0.0,1,0,0.0,"LLM returned non-JSON output (first 200 chars): {
  ""topology_id"": ""5g-core-300-nodes"",
  ""connectivity"": {
    ""plmn"": {""mcc"": ""001"", ""mnc"": ""01""},
    ""slices"": [{""sst"": 3, ""sd"": ""000001"", ""description"": ""mMTC default""}],
    ""dnns"": [""internet""]"
b4r,A034,1,medium,200,fault-HA,ambiguous,17.092,0.0,0.0,1,0,0.0,"LLM returned non-JSON output (first 200 chars): {
  ""topology_id"": ""5g-core-300-nodes"",
  ""connectivity"": {
    ""plmn"": {""mcc"": ""001"", ""mnc"": ""01""},
    ""slices"": [{""sst"": 3, ""sd"": ""000001"", ""description"": ""mMTC default""}],
    ""dnns"": [""internet""]"
b4r,A034,2,medium,200,fault-HA,ambiguous,17.299,0.0,0.0,1,0,0.0,"LLM returned non-JSON output (first 200 chars): {
  ""topology_id"": ""5G-Core-For-Wireless-Nodes"",
  ""connectivity"": {
    ""plmn"": {""mcc"": ""001"", ""mnc"": ""01""},
    ""slices"": [{""sst"": 3, ""sd"": ""000001"", ""description"": ""mMTC for wireless nodes""}],
    "
b4r,A034,3,medium,200,fault-HA,ambiguous,17.081,0.0,0.0,1,0,0.0,"LLM returned non-JSON output (first 200 chars): {
  ""topology_id"": ""5g-core-300-nodes"",
  ""connectivity"": {
    ""plmn"": {""mcc"": ""001"", ""mnc"": ""01""},
    ""slices"": [{""sst"": 3, ""sd"": ""000001"", ""description"": ""mMTC default""}],
    ""dnns"": [""internet""]"
b4r,A034,4,medium,200,fault-HA,ambiguous,18.267,0.0,0.0,1,0,0.0,"LLM returned non-JSON output (first 200 chars): {
  ""topology_id"": ""5g-core-300-nodes"",
  ""connectivity"": {
    ""plmn"": {""mcc"": ""001"", ""mnc"": ""01""},
    ""slices"": [{""sst"": 3, ""sd"": ""000001"", ""description"": ""mMTC default""}],
    ""dnns"": [""internet""]"
b4r,A035,0,medium,200,fault-HA,ambiguous,19.65,0.0,0.0696,1,0,0.0,
b4r,A035,1,medium,200,fault-HA,ambiguous,22.882,0.0,0.1041,0,0,0.0,
b4r,A035,2,medium,200,fault-HA,ambiguous,20.711,0.0,0.1836,1,0,0.0,
b4r,A035,3,medium,200,fault-HA,ambiguous,19.844,0.0,0.0696,1,0,0.0,
b4r,A035,4,medium,200,fault-HA,ambiguous,35.759,0.0,0.0,0,0,0.0,
b4r,A036,0,medium,500,fault-HA,ambiguous,16.735,0.0,0.0,1,0,0.0,"LLM returned non-JSON output (first 200 chars): {
  ""topology_id"": ""5g-core-broadband"",
  ""connectivity"": {
    ""plmn"": {""mcc"": ""001"", ""mnc"": ""01""},
    ""slices"": [{""sst"": 1, ""sd"": ""000001"", ""description"": ""Broadband slice for high throughput""}],
 "
b4r,A036,1,medium,500,fault-HA,ambiguous,16.807,0.0,0.4214,0,0,0.0,
b4r,A036,2,medium,500,fault-HA,ambiguous,17.855,0.0,0.0007,0,0,0.0,
b4r,A036,3,medium,500,fault-HA,ambiguous,17.882,0.0,0.4055,0,0,0.0,
b4r,A036,4,medium,500,fault-HA,ambiguous,16.821,0.0,0.4214,0,0,0.0,
b4r,A037,0,medium,200,fault-HA,ambiguous,17.043,0.0,0.0,0,0,0.0,
b4r,A037,1,medium,200,fault-HA,ambiguous,18.36,0.0,0.0,0,0,0.0,
b4r,A037,2,medium,200,fault-HA,ambiguous,18.221,0.0,0.0,0,0,0.0,
b4r,A037,3,medium,200,fault-HA,ambiguous,18.34,0.0,0.0631,0,0,0.0,
b4r,A037,4,medium,200,fault-HA,ambiguous,17.17,0.0,0.0,0,0,0.0,
b4r,A038,0,complex,500,steady,ambiguous,19.313,0.0,0.3301,1,0,0.0,
b4r,A038,1,complex,500,steady,ambiguous,19.263,0.0,0.3301,1,0,0.0,
b4r,A038,2,complex,500,steady,ambiguous,19.702,0.0,0.3301,1,0,0.0,
b4r,A038,3,complex,500,steady,ambiguous,19.214,0.0,0.3301,1,0,0.0,
b4r,A038,4,complex,500,steady,ambiguous,19.457,0.0,0.3301,1,0,0.0,
b4r,A039,0,complex,500,steady,ambiguous,19.418,0.0,0.3861,1,0,0.0,
b4r,A039,1,complex,500,steady,ambiguous,19.686,0.0,0.3861,1,0,0.0,
b4r,A039,2,complex,500,steady,ambiguous,21.552,0.0,0.2907,1,0,0.0,
b4r,A039,3,complex,500,steady,ambiguous,19.355,0.0,0.3861,1,0,0.0,
b4r,A039,4,complex,500,steady,ambiguous,19.349,0.0,0.4396,1,0,0.0,
b4r,A040,0,complex,500,steady,ambiguous,19.391,0.0,0.3818,1,0,0.0,
b4r,A040,1,complex,500,steady,ambiguous,18.357,0.0,0.3818,1,0,0.0,
b4r,A040,2,complex,500,steady,ambiguous,25.214,0.0,0.2713,0,0,0.0,
b4r,A040,3,complex,500,steady,ambiguous,26.01,0.0,0.0,1,0,0.0,"LLM returned non-JSON output (first 200 chars): {
  ""topology_id"": ""5G-Core-7000UE"",
  ""connectivity"": {
    ""plmn"": {""mcc"": ""001"", ""mnc"": ""01""},
    ""slices"": [
      {""sst"": 1, ""sd"": ""000001"", ""description"": ""eMBB broadband carrier""},
      {""sst"
b4r,A040,4,complex,500,steady,ambiguous,20.406,0.0,0.0,0,0,0.0,
b4r,A041,0,complex,500,steady,ambiguous,21.684,0.0,0.127,0,0,0.0,
b4r,A041,1,complex,500,steady,ambiguous,20.751,0.0,0.0,1,0,0.0,
b4r,A041,2,complex,500,steady,ambiguous,23.209,0.0,0.0,0,0,0.0,
b4r,A041,3,complex,500,steady,ambiguous,23.193,0.0,0.0,0,0,0.0,
b4r,A041,4,complex,500,steady,ambiguous,21.858,0.0,0.0,0,0,0.0,
b4r,A042,0,complex,500,steady,ambiguous,18.348,0.0,0.0,1,0,0.0,
b4r,A042,1,complex,500,steady,ambiguous,18.556,0.0,0.0,1,0,0.0,
b4r,A042,2,complex,500,steady,ambiguous,24.007,0.0,0.0,0,0,0.0,
b4r,A042,3,complex,500,steady,ambiguous,21.455,0.0,0.0,1,0,0.0,
b4r,A042,4,complex,500,steady,ambiguous,23.996,0.0,0.0,0,0,0.0,
b4r,A043,0,complex,500,steady,ambiguous,19.722,0.0,0.2931,1,0,0.0,
b4r,A043,1,complex,500,steady,ambiguous,19.684,0.0,0.2931,1,0,0.0,
b4r,A043,2,complex,500,steady,ambiguous,21.587,0.0,0.2093,1,0,0.0,
b4r,A043,3,complex,500,steady,ambiguous,19.328,0.0,0.2931,1,0,0.0,
b4r,A043,4,complex,500,steady,ambiguous,19.3,0.0,0.2931,1,0,0.0,
b4r,A044,0,complex,200,steady,ambiguous,17.918,0.0,0.0,1,0,0.0,
b4r,A044,1,complex,200,steady,ambiguous,17.864,0.0,0.0,1,0,0.0,
b4r,A044,2,complex,200,steady,ambiguous,17.988,0.0,0.0,1,0,0.0,
b4r,A044,3,complex,200,steady,ambiguous,20.916,0.0,0.0,1,0,0.0,
b4r,A044,4,complex,200,steady,ambiguous,21.273,0.0,0.0,1,0,0.0,
b4r,A045,0,complex,500,steady,ambiguous,20.214,0.125,0.0,1,0,0.0,
b4r,A045,1,complex,500,steady,ambiguous,20.367,0.0,0.1804,1,0,0.0,
b4r,A045,2,complex,500,steady,ambiguous,20.273,0.0,0.0693,1,0,0.0,
b4r,A045,3,complex,500,steady,ambiguous,19.996,0.0,0.0693,1,0,0.0,
b4r,A045,4,complex,500,steady,ambiguous,18.017,0.0,0.133,1,0,0.0,
b4r,A046,0,complex,500,bursty-headroom,ambiguous,23.395,0.1111,0.0135,0,0,0.0,
b4r,A046,1,complex,500,bursty-headroom,ambiguous,21.38,0.0,0.0135,0,0,0.0,
b4r,A046,2,complex,500,bursty-headroom,ambiguous,23.276,0.0,0.0,0,0,0.0,
b4r,A046,3,complex,500,bursty-headroom,ambiguous,20.724,0.0,0.2042,1,0,0.0,
b4r,A046,4,complex,500,bursty-headroom,ambiguous,21.42,0.0,0.0291,0,0,0.0,
b4r,A047,0,complex,500,bursty-headroom,ambiguous,16.71,0.0,0.2895,0,0,0.0,
b4r,A047,1,complex,500,bursty-headroom,ambiguous,16.897,0.0,0.2984,0,0,0.0,
b4r,A047,2,complex,500,bursty-headroom,ambiguous,20.406,0.125,0.3127,0,0,0.0,
b4r,A047,3,complex,500,bursty-headroom,ambiguous,16.899,0.0,0.2984,0,0,0.0,
b4r,A047,4,complex,500,bursty-headroom,ambiguous,16.922,0.0,0.2895,0,0,0.0,
b4r,A048,0,complex,200,bursty-headroom,ambiguous,17.749,0.0,0.0,1,0,0.0,"LLM returned non-JSON output (first 200 chars): {
  ""topology_id"": ""mission-critical-5g-core"",
  ""connectivity"": {
    ""plmn"": {""mcc"": ""001"", ""mnc"": ""01""},
    ""slices"": [{""sst"": 2, ""sd"": ""000002"", ""description"": ""Mission-Critical URLLC""}],
    ""dn"
b4r,A048,1,complex,200,bursty-headroom,ambiguous,16.759,0.0,0.0,0,0,0.0,
b4r,A048,2,complex,200,bursty-headroom,ambiguous,16.747,0.0,0.0,0,0,0.0,
b4r,A048,3,complex,200,bursty-headroom,ambiguous,17.879,0.0,0.0,0,0,0.0,
b4r,A048,4,complex,200,bursty-headroom,ambiguous,16.747,0.0,0.0,0,0,0.0,
b4r,A049,0,complex,500,sinusoidal-autoscale,ambiguous,18.074,0.0,0.0,1,0,0.0,"LLM returned non-JSON output (first 200 chars): {
  ""topology_id"": ""5g-core-elasticity"",
  ""connectivity"": {
    ""plmn"": {""mcc"": ""001"", ""mnc"": ""01""},
    ""slices"": [{""sst"": 3, ""sd"": ""000001"", ""description"": ""mMTC default""}],
    ""dnns"": [""internet"""
b4r,A049,1,complex,500,sinusoidal-autoscale,ambiguous,17.07,0.0,0.0,1,0,0.0,"LLM returned non-JSON output (first 200 chars): {
  ""topology_id"": ""unique-id-12345"",
  ""connectivity"": {
    ""plmn"": {""mcc"": ""001"", ""mnc"": ""01""},
    ""slices"": [{""sst"": 3, ""sd"": ""000001"", ""description"": ""mMTC default""}],
    ""dnns"": [""internet""]
 "
b4r,A049,2,complex,500,sinusoidal-autoscale,ambiguous,18.068,0.0,0.0,1,0,0.0,"LLM returned non-JSON output (first 200 chars): {
  ""topology_id"": ""basic-5g-core"",
  ""connectivity"": {
    ""plmn"": {""mcc"": ""001"", ""mnc"": ""01""},
    ""slices"": [{""sst"": 3, ""sd"": ""000001"", ""description"": ""mMTC default""}],
    ""dnns"": [""internet""]
  }"
b4r,A049,3,complex,500,sinusoidal-autoscale,ambiguous,16.935,0.0,0.0,1,0,0.0,"LLM returned non-JSON output (first 200 chars): {
  ""topology_id"": ""unique-id-12345"",
  ""connectivity"": {
    ""plmn"": {""mcc"": ""001"", ""mnc"": ""01""},
    ""slices"": [{""sst"": 3, ""sd"": ""000001"", ""description"": ""mMTC default""}],
    ""dnns"": [""internet""]
 "
b4r,A049,4,complex,500,sinusoidal-autoscale,ambiguous,16.89,0.0,0.0,1,0,0.0,"LLM returned non-JSON output (first 200 chars): {
  ""topology_id"": ""5g-core-elasticity"",
  ""connectivity"": {
    ""plmn"": {""mcc"": ""001"", ""mnc"": ""01""},
    ""slices"": [{""sst"": 3, ""sd"": ""000001"", ""description"": ""mMTC default""}],
    ""dnns"": [""internet"""
b4r,A050,0,complex,500,sinusoidal-autoscale,ambiguous,18.166,0.0,0.3568,1,0,0.0,
b4r,A050,1,complex,500,sinusoidal-autoscale,ambiguous,17.136,0.0,0.0,1,0,0.0,"LLM returned non-JSON output (first 200 chars): {
  ""topology_id"": ""broadband-5g-core"",
  ""connectivity"": {
    ""plmn"": {""mcc"": ""001"", ""mnc"": ""01""},
    ""slices"": [{""sst"": 1, ""sd"": ""000001"", ""description"": ""eMBB broadband""}],
    ""dnns"": [""internet"
b4r,A050,2,complex,500,sinusoidal-autoscale,ambiguous,18.163,0.0,0.3568,1,0,0.0,
b4r,A050,3,complex,500,sinusoidal-autoscale,ambiguous,18.113,0.0,0.0,1,0,0.0,"LLM returned non-JSON output (first 200 chars): {
  ""topology_id"": ""broadband-5g-core"",
  ""connectivity"": {
    ""plmn"": {""mcc"": ""001"", ""mnc"": ""01""},
    ""slices"": [{""sst"": 1, ""sd"": ""000001"", ""description"": ""eMBB broadband""}],
    ""dnns"": [""internet"
b4r,A050,4,complex,500,sinusoidal-autoscale,ambiguous,18.204,0.0,0.3256,1,0,0.0,
b4r,A051,0,complex,500,fault-HA,ambiguous,18.24,0.0,0.4721,1,0,0.0,
b4r,A051,1,complex,500,fault-HA,ambiguous,21.401,0.0,0.4584,1,0,0.0,
b4r,A051,2,complex,500,fault-HA,ambiguous,18.227,0.0,0.4721,1,0,0.0,
b4r,A051,3,complex,500,fault-HA,ambiguous,18.273,0.0,0.4721,1,0,0.0,
b4r,A051,4,complex,500,fault-HA,ambiguous,19.32,0.0,0.4721,1,0,0.0,
b4r,A052,0,complex,500,fault-HA,ambiguous,23.209,0.0,0.3934,0,0,0.0,
b4r,A052,1,complex,500,fault-HA,ambiguous,23.19,0.0,0.3934,0,0,0.0,
b4r,A052,2,complex,500,fault-HA,ambiguous,23.088,0.1111,0.2384,0,0,0.0,
b4r,A052,3,complex,500,fault-HA,ambiguous,19.996,0.0,0.3676,0,0,0.0,
b4r,A052,4,complex,500,fault-HA,ambiguous,19.765,0.0,0.2384,0,0,0.0,
b4r,A053,0,complex,500,fault-HA,ambiguous,18.223,0.0,0.4691,1,0,0.0,
b4r,A053,1,complex,500,fault-HA,ambiguous,21.007,0.0,0.4393,0,0,0.0,
b4r,A053,2,complex,500,fault-HA,ambiguous,25.166,0.0,0.1966,0,0,0.0,
b4r,A053,3,complex,500,fault-HA,ambiguous,20.94,0.0,0.4393,0,0,0.0,
b4r,A053,4,complex,500,fault-HA,ambiguous,20.219,0.0,0.4393,0,0,0.0,
b4r,A054,0,complex,500,fault-HA,ambiguous,19.276,0.0,0.0,1,0,0.0,"LLM returned non-JSON output (first 200 chars): {
  ""topology_id"": ""5G-Core-3700UE-HighBandwidth"",
  ""connectivity"": {
    ""plmn"": {""mcc"": ""001"", ""mnc"": ""01""},
    ""slices"": [
      {""sst"": 1, ""sd"": ""000001"", ""description"": ""eMBB default""},
      {"
b4r,A054,1,complex,500,fault-HA,ambiguous,18.371,0.0,0.5168,1,0,0.0,
b4r,A054,2,complex,500,fault-HA,ambiguous,18.381,0.0,0.5168,1,0,0.0,
b4r,A054,3,complex,500,fault-HA,ambiguous,18.411,0.0,0.5168,1,0,0.0,
b4r,A054,4,complex,500,fault-HA,ambiguous,18.377,0.0,0.5168,1,0,0.0,
b4r,A055,0,complex,200,fault-HA,ambiguous,23.237,0.0,0.0662,0,0,0.0,
b4r,A055,1,complex,200,fault-HA,ambiguous,27.19,0.0,0.0053,0,0,0.0,
b4r,A055,2,complex,200,fault-HA,ambiguous,23.298,0.0,0.0662,0,0,0.0,
b4r,A055,3,complex,200,fault-HA,ambiguous,22.877,0.0,0.1856,0,0,0.0,
b4r,A055,4,complex,200,fault-HA,ambiguous,23.004,0.1111,0.1562,1,0,0.0,
b4r,A056,0,simple,50,steady,ambiguous,16.496,0.0,0.0,0,0,0.0,
b4r,A056,1,simple,50,steady,ambiguous,16.69,0.0,0.0,0,0,0.0,
b4r,A056,2,simple,50,steady,ambiguous,16.695,0.0,0.0,0,0,0.0,
b4r,A056,3,simple,50,steady,ambiguous,16.854,0.0,0.0,0,0,0.0,
b4r,A056,4,simple,50,steady,ambiguous,16.332,0.0,0.0,0,0,0.0,
b4r,A057,0,simple,200,steady,ambiguous,16.872,0.0,0.0,0,0,0.0,
b4r,A057,1,simple,200,steady,ambiguous,17.306,0.0,0.0,0,0,0.0,
b4r,A057,2,simple,200,steady,ambiguous,16.865,0.0,0.0,0,0,0.0,
b4r,A057,3,simple,200,steady,ambiguous,16.901,0.0,0.0,0,0,0.0,
b4r,A057,4,simple,200,steady,ambiguous,16.846,0.0,0.0,0,0,0.0,
b4r,A058,0,medium,200,steady,ambiguous,16.486,0.0,0.0,0,0,0.0,
b4r,A058,1,medium,200,steady,ambiguous,16.764,0.0,0.0,0,0,0.0,
b4r,A058,2,medium,200,steady,ambiguous,16.419,0.0,0.0,0,0,0.0,
b4r,A058,3,medium,200,steady,ambiguous,16.826,0.0,0.0,0,0,0.0,
b4r,A058,4,medium,200,steady,ambiguous,17.067,0.0,0.0,0,0,0.0,
b4r,A059,0,medium,500,steady,ambiguous,17.978,0.0,0.0,0,0,0.0,
b4r,A059,1,medium,500,steady,ambiguous,17.901,0.0,0.0,0,0,0.0,
b4r,A059,2,medium,500,steady,ambiguous,18.011,0.0,0.0,0,0,0.0,
b4r,A059,3,medium,500,steady,ambiguous,17.969,0.0,0.0,0,0,0.0,
b4r,A059,4,medium,500,steady,ambiguous,16.728,0.0,0.0,0,0,0.0,
b4r,A060,0,complex,500,steady,ambiguous,20.818,0.0,0.0,1,0,0.0,
b4r,A060,1,complex,500,steady,ambiguous,17.123,0.0,0.0,1,0,0.0,
b4r,A060,2,complex,500,steady,ambiguous,19.477,0.0,0.0,1,0,0.0,
b4r,A060,3,complex,500,steady,ambiguous,27.199,0.0,0.0,0,0,0.0,
b4r,A060,4,complex,500,steady,ambiguous,22.627,0.0,0.0,1,0,0.0,
b4r,A061,0,simple,50,steady,ambiguous,17.768,0.0,0.0,0,0,0.0,
b4r,A061,1,simple,50,steady,ambiguous,16.904,0.0,0.0,0,0,0.0,
b4r,A061,2,simple,50,steady,ambiguous,16.893,0.0,0.0,0,0,0.0,
b4r,A061,3,simple,50,steady,ambiguous,16.535,0.0,0.0,0,0,0.0,
b4r,A061,4,simple,50,steady,ambiguous,16.89,0.0,0.0,0,0,0.0,
b4r,A062,0,medium,200,steady,ambiguous,18.415,0.0,0.0,0,0,0.0,
b4r,A062,1,medium,200,steady,ambiguous,17.215,0.0,0.0,1,0,0.0,"LLM returned non-JSON output (first 200 chars): {
  ""topology_id"": ""massive-iot-fabric"",
  ""connectivity"": {
    ""plmn"": {""mcc"": ""001"", ""mnc"": ""01""},
    ""slices"": [{""sst"": 3, ""sd"": ""000001"", ""description"": ""Massive IoT Fabric""}],
    ""dnns"": [""iot"
b4r,A062,2,medium,200,steady,ambiguous,16.959,0.0,0.0,0,0,0.0,
b4r,A062,3,medium,200,steady,ambiguous,17.656,0.0,0.0,0,0,0.0,
b4r,A062,4,medium,200,steady,ambiguous,17.7,0.0,0.0,0,0,0.0,
b4r,A063,0,complex,500,steady,ambiguous,19.36,0.0,0.0,0,0,0.0,
b4r,A063,1,complex,500,steady,ambiguous,20.601,0.0,0.2899,1,0,0.0,
b4r,A063,2,complex,500,steady,ambiguous,19.509,0.0,0.0,0,0,0.0,
b4r,A063,3,complex,500,steady,ambiguous,17.732,0.0,0.0,1,0,0.0,
b4r,A063,4,complex,500,steady,ambiguous,18.859,0.0,0.4261,1,0,0.0,
b4r,A064,0,simple,50,steady,ambiguous,16.788,0.0,0.0,0,0,0.0,
b4r,A064,1,simple,50,steady,ambiguous,16.822,0.0,0.0,0,0,0.0,
b4r,A064,2,simple,50,steady,ambiguous,16.831,0.0,0.0,0,0,0.0,
b4r,A064,3,simple,50,steady,ambiguous,16.787,0.0,0.0,0,0,0.0,
b4r,A064,4,simple,50,steady,ambiguous,16.7,0.0,0.0,0,0,0.0,
b4r,A065,0,medium,200,steady,ambiguous,17.385,0.0,0.0,0,0,0.0,
b4r,A065,1,medium,200,steady,ambiguous,17.964,0.0,0.0,0,0,0.0,
b4r,A065,2,medium,200,steady,ambiguous,16.963,0.0,0.0,0,0,0.0,
b4r,A065,3,medium,200,steady,ambiguous,16.887,0.0,0.0,0,0,0.0,
b4r,A065,4,medium,200,steady,ambiguous,16.903,0.0,0.0,0,0,0.0,
b4r,A066,0,simple,50,bursty-headroom,ambiguous,16.941,0.0,0.0,0,0,0.0,
b4r,A066,1,simple,50,bursty-headroom,ambiguous,16.881,0.0,0.0,0,0,0.0,
b4r,A066,2,simple,50,bursty-headroom,ambiguous,16.931,0.0,0.0,0,0,0.0,
b4r,A066,3,simple,50,bursty-headroom,ambiguous,16.935,0.0,0.0,0,0,0.0,
b4r,A066,4,simple,50,bursty-headroom,ambiguous,18.003,0.0,0.0,0,0,0.0,
b4r,A067,0,medium,200,bursty-headroom,ambiguous,16.966,0.0,0.0,0,0,0.0,
b4r,A067,1,medium,200,bursty-headroom,ambiguous,18.135,0.0,0.0,0,0,0.0,
b4r,A067,2,medium,200,bursty-headroom,ambiguous,16.93,0.0,0.0,0,0,0.0,
b4r,A067,3,medium,200,bursty-headroom,ambiguous,17.156,0.0,0.0,0,0,0.0,
b4r,A067,4,medium,200,bursty-headroom,ambiguous,17.904,0.0,0.0,0,0,0.0,
b4r,A068,0,complex,500,sinusoidal-autoscale,ambiguous,18.179,0.0,0.1352,1,0,0.0,
b4r,A068,1,complex,500,sinusoidal-autoscale,ambiguous,17.046,0.0,0.1829,1,0,0.0,
b4r,A068,2,complex,500,sinusoidal-autoscale,ambiguous,17.101,0.0,0.1829,1,0,0.0,
b4r,A068,3,complex,500,sinusoidal-autoscale,ambiguous,17.14,0.0,0.0,1,0,0.0,"LLM returned non-JSON output (first 200 chars): {
  ""topology_id"": ""5g-core-2000ue-embb"",
  ""connectivity"": {
    ""plmn"": {""mcc"": ""001"", ""mnc"": ""01""},
    ""slices"": [{""sst"": 1, ""sd"": ""000001"", ""description"": ""eMBB fabric""}],
    ""dnns"": [""internet"""
b4r,A068,4,complex,500,sinusoidal-autoscale,ambiguous,18.226,0.0,0.1829,1,0,0.0,
b4r,A069,0,simple,50,fault-HA,ambiguous,16.452,0.0,0.0,0,0,0.0,
b4r,A069,1,simple,50,fault-HA,ambiguous,16.949,0.0,0.0,1,0,0.0,"LLM returned non-JSON output (first 200 chars): {
  ""topology_id"": ""5G-Core-URLLC-HA"",
  ""connectivity"": {
    ""plmn"": {""mcc"": ""001"", ""mnc"": ""01""},
    ""slices"": [{""sst"": 2, ""sd"": ""000002"", ""description"": ""URLLC for high bandwidth applications""}],
"
b4r,A069,2,simple,50,fault-HA,ambiguous,16.974,0.0,0.0,1,0,0.0,"LLM returned non-JSON output (first 200 chars): {
  ""topology_id"": ""5G-Core-URLLC-HA"",
  ""connectivity"": {
    ""plmn"": {""mcc"": ""001"", ""mnc"": ""01""},
    ""slices"": [{""sst"": 2, ""sd"": ""000002"", ""description"": ""URLLC for high bandwidth applications""}],
"
b4r,A069,3,simple,50,fault-HA,ambiguous,18.031,0.0,0.0,1,0,0.0,"LLM returned non-JSON output (first 200 chars): {
  ""topology_id"": ""5G-Core-URLLC-HA"",
  ""connectivity"": {
    ""plmn"": {""mcc"": ""001"", ""mnc"": ""01""},
    ""slices"": [{""sst"": 2, ""sd"": ""000002"", ""description"": ""URLLC for high bandwidth applications""}],
"
b4r,A069,4,simple,50,fault-HA,ambiguous,18.049,0.0,0.0,1,0,0.0,"LLM returned non-JSON output (first 200 chars): {
  ""topology_id"": ""5g-core-urlcc-80-clients"",
  ""connectivity"": {
    ""plmn"": {""mcc"": ""001"", ""mnc"": ""01""},
    ""slices"": [{""sst"": 2, ""sd"": ""000002"", ""description"": ""URLLC for high bandwidth clients""}"
b4r,A070,0,medium,200,fault-HA,ambiguous,20.486,0.0,0.0,1,0,0.0,"LLM returned non-JSON output (first 200 chars): {
  ""topology_id"": ""5g-core-broadband-survivability"",
  ""connectivity"": {
    ""plmn"": {""mcc"": ""001"", ""mnc"": ""01""},
    ""slices"": [{""sst"": 1, ""sd"": ""000001"", ""description"": ""eMBB broadband""}],
    ""dnn"
b4r,A070,1,medium,200,fault-HA,ambiguous,17.988,0.0,0.0,1,0,0.0,"LLM returned non-JSON output (first 200 chars): {
  ""topology_id"": ""5G-Core-Broadband"",
  ""connectivity"": {
    ""plmn"": {""mcc"": ""001"", ""mnc"": ""01""},
    ""slices"": [{""sst"": 1, ""sd"": ""000001"", ""description"": ""eMBB broadband""}],
    ""dnns"": [""internet"
b4r,A070,2,medium,200,fault-HA,ambiguous,16.846,0.0,0.0,0,0,0.0,
b4r,A070,3,medium,200,fault-HA,ambiguous,17.718,0.0,0.154,0,0,0.0,
b4r,A070,4,medium,200,fault-HA,ambiguous,16.999,0.0,0.0,1,0,0.0,"LLM returned non-JSON output (first 200 chars): {
  ""topology_id"": ""5G-Core-Broadband-Deployment"",
  ""connectivity"": {
    ""plmn"": {""mcc"": ""001"", ""mnc"": ""01""},
    ""slices"": [{""sst"": 1, ""sd"": ""000001"", ""description"": ""eMBB broadband""}],
    ""dnns"":"
b4r,A071,0,simple,50,steady,ambiguous,16.698,0.0,0.0,0,0,0.0,
b4r,A071,1,simple,50,steady,ambiguous,16.84,0.0,0.0,0,0,0.0,
b4r,A071,2,simple,50,steady,ambiguous,16.557,0.0,0.0,0,0,0.0,
b4r,A071,3,simple,50,steady,ambiguous,16.952,0.0,0.0,0,0,0.0,
b4r,A071,4,simple,50,steady,ambiguous,16.705,0.0,0.0,0,0,0.0,
b4r,A072,0,simple,200,steady,ambiguous,18.214,0.0,0.0,0,0,0.0,
b4r,A072,1,simple,200,steady,ambiguous,18.275,0.0,0.0,0,0,0.0,
b4r,A072,2,simple,200,steady,ambiguous,17.423,0.0,0.0,0,0,0.0,
b4r,A072,3,simple,200,steady,ambiguous,18.193,0.0,0.0,0,0,0.0,
b4r,A072,4,simple,200,steady,ambiguous,17.135,0.0,0.0,0,0,0.0,
b4r,A073,0,medium,500,steady,ambiguous,17.665,0.0,0.0,1,0,0.0,
b4r,A073,1,medium,500,steady,ambiguous,17.651,0.0,0.0,1,0,0.0,
b4r,A073,2,medium,500,steady,ambiguous,23.244,0.0,0.0,0,0,0.0,
b4r,A073,3,medium,500,steady,ambiguous,17.797,0.0,0.0,1,0,0.0,
b4r,A073,4,medium,500,steady,ambiguous,17.53,0.0,0.0,1,0,0.0,
b4r,A074,0,medium,500,sinusoidal-autoscale,ambiguous,18.378,0.0,0.0,1,0,0.0,
b4r,A074,1,medium,500,sinusoidal-autoscale,ambiguous,17.048,0.0,0.0,1,0,0.0,"LLM returned non-JSON output (first 200 chars): {
  ""topology_id"": ""high-bandwidth-5g-core"",
  ""connectivity"": {
    ""plmn"": {""mcc"": ""001"", ""mnc"": ""01""},
    ""slices"": [{""sst"": 1, ""sd"": ""000001"", ""description"": ""eMBB high-bandwidth""}],
    ""dnns"": "
b4r,A074,2,medium,500,sinusoidal-autoscale,ambiguous,18.164,0.0,0.0,1,0,0.0,
b4r,A074,3,medium,500,sinusoidal-autoscale,ambiguous,17.879,0.0,0.0,1,0,0.0,"LLM returned non-JSON output (first 200 chars): {
  ""topology_id"": ""high-bandwidth-5g-core"",
  ""connectivity"": {
    ""plmn"": {""mcc"": ""001"", ""mnc"": ""01""},
    ""slices"": [{""sst"": 1, ""sd"": ""000001"", ""description"": ""eMBB high-bandwidth""}],
    ""dnns"": "
b4r,A074,4,medium,500,sinusoidal-autoscale,ambiguous,17.037,0.0,0.0,1,0,0.0,
b4r,A075,0,complex,500,fault-HA,ambiguous,19.439,0.0,0.0,1,0,0.0,"LLM returned non-JSON output (first 200 chars): {
  ""topology_id"": ""5G-Core-Broadband-Realtime"",
  ""connectivity"": {
    ""plmn"": {""mcc"": ""001"", ""mnc"": ""01""},
    ""slices"": [
      {""sst"": 1, ""sd"": ""000001"", ""description"": ""eMBB broadband carrier""},"
b4r,A075,1,complex,500,fault-HA,ambiguous,18.272,0.0,0.507,1,0,0.0,
b4r,A075,2,complex,500,fault-HA,ambiguous,18.301,0.0,0.507,1,0,0.0,
b4r,A075,3,complex,500,fault-HA,ambiguous,18.282,0.0,0.5606,1,0,0.0,
b4r,A075,4,complex,500,fault-HA,ambiguous,18.279,0.0,0.507,1,0,0.0,
b4r,A076,0,simple,50,steady,ambiguous,16.887,0.0,0.0,0,0,0.0,
b4r,A076,1,simple,50,steady,ambiguous,16.335,0.0,0.0,0,0,0.0,
b4r,A076,2,simple,50,steady,ambiguous,16.424,0.0,0.0,0,0,0.0,
b4r,A076,3,simple,50,steady,ambiguous,16.86,0.0,0.0,0,0,0.0,
b4r,A076,4,simple,50,steady,ambiguous,18.087,0.0,0.0,0,0,0.0,
b4r,A077,0,simple,200,steady,ambiguous,16.833,0.0,0.0,0,0,0.0,
b4r,A077,1,simple,200,steady,ambiguous,16.823,0.0,0.0,0,0,0.0,
b4r,A077,2,simple,200,steady,ambiguous,16.846,0.0,0.0,0,0,0.0,
b4r,A077,3,simple,200,steady,ambiguous,16.857,0.0,0.0,0,0,0.0,
b4r,A077,4,simple,200,steady,ambiguous,17.149,0.0,0.0,0,0,0.0,
b4r,A078,0,medium,200,steady,ambiguous,16.967,0.0,0.0,0,0,0.0,
b4r,A078,1,medium,200,steady,ambiguous,18.103,0.0,0.0,0,0,0.0,
b4r,A078,2,medium,200,steady,ambiguous,18.263,0.0,0.0,0,0,0.0,
b4r,A078,3,medium,200,steady,ambiguous,18.201,0.0,0.0,0,0,0.0,
b4r,A078,4,medium,200,steady,ambiguous,17.04,0.0,0.0,0,0,0.0,
b4r,A079,0,medium,500,steady,ambiguous,19.111,0.0,0.0,1,0,0.0,
b4r,A079,1,medium,500,steady,ambiguous,17.953,0.0,0.0,1,0,0.0,
b4r,A079,2,medium,500,steady,ambiguous,18.012,0.0,0.0,1,0,0.0,
b4r,A079,3,medium,500,steady,ambiguous,18.09,0.0,0.0,1,0,0.0,
b4r,A079,4,medium,500,steady,ambiguous,21.145,0.0,0.0,1,0,0.0,
b4r,A080,0,complex,500,fault-HA,ambiguous,26.176,0.0,0.4125,0,0,0.0,
b4r,A080,1,complex,500,fault-HA,ambiguous,23.024,0.0,0.4791,0,0,0.0,
b4r,A080,2,complex,500,fault-HA,ambiguous,22.644,0.0,0.4608,1,0,0.0,
b4r,A080,3,complex,500,fault-HA,ambiguous,27.588,0.0,0.4125,0,0,0.0,
b4r,A080,4,complex,500,fault-HA,ambiguous,19.538,0.0,0.473,1,0,0.0,
b4r,A081,0,simple,50,steady,ambiguous,16.877,0.0,0.0,0,0,0.0,
b4r,A081,1,simple,50,steady,ambiguous,17.552,0.0,0.0,0,0,0.0,
b4r,A081,2,simple,50,steady,ambiguous,17.557,0.0,0.0,0,0,0.0,
b4r,A081,3,simple,50,steady,ambiguous,16.659,0.0,0.0,0,0,0.0,
b4r,A081,4,simple,50,steady,ambiguous,18.424,0.0,0.0,0,0,0.0,
b4r,A082,0,medium,500,steady,ambiguous,17.042,0.0,0.0,0,0,0.0,
b4r,A082,1,medium,500,steady,ambiguous,18.276,0.0,0.0,0,0,0.0,
b4r,A082,2,medium,500,steady,ambiguous,17.026,0.0,0.0,1,0,0.0,"LLM returned non-JSON output (first 200 chars): {
  ""topology_id"": ""massive-iot-fabric"",
  ""connectivity"": {
    ""plmn"": {""mcc"": ""001"", ""mnc"": ""01""},
    ""slices"": [{""sst"": 3, ""sd"": ""000003"", ""description"": ""Massive IoT Fabric""}],
    ""dnns"": [""iot"
b4r,A082,3,medium,500,steady,ambiguous,17.022,0.0,0.0,0,0,0.0,
b4r,A082,4,medium,500,steady,ambiguous,17.698,0.0,0.0,0,0,0.0,
b4r,A083,0,complex,500,steady,ambiguous,20.57,0.0,0.2999,1,0,0.0,
b4r,A083,1,complex,500,steady,ambiguous,20.614,0.0,0.2999,1,0,0.0,
b4r,A083,2,complex,500,steady,ambiguous,20.79,0.125,0.046,1,0,0.0,
b4r,A083,3,complex,500,steady,ambiguous,20.57,0.0,0.0,1,0,0.0,
b4r,A083,4,complex,500,steady,ambiguous,19.875,0.125,0.046,1,0,0.0,
b4r,A084,0,simple,50,steady,ambiguous,16.763,0.0,0.0,0,0,0.0,
b4r,A084,1,simple,50,steady,ambiguous,16.832,0.0,0.0,0,0,0.0,
b4r,A084,2,simple,50,steady,ambiguous,16.449,0.0,0.0,0,0,0.0,
b4r,A084,3,simple,50,steady,ambiguous,16.825,0.0,0.0,0,0,0.0,
b4r,A084,4,simple,50,steady,ambiguous,16.811,0.0,0.0,0,0,0.0,
b4r,A085,0,medium,200,steady,ambiguous,18.155,0.0,0.0,0,0,0.0,
b4r,A085,1,medium,200,steady,ambiguous,18.151,0.0,0.0,0,0,0.0,
b4r,A085,2,medium,200,steady,ambiguous,18.272,0.0,0.0,0,0,0.0,
b4r,A085,3,medium,200,steady,ambiguous,18.174,0.0,0.0,0,0,0.0,
b4r,A085,4,medium,200,steady,ambiguous,18.16,0.0,0.0,0,0,0.0,
b4r,A086,0,simple,50,bursty-headroom,ambiguous,16.7,0.0,0.0,0,0,0.0,
b4r,A086,1,simple,50,bursty-headroom,ambiguous,16.907,0.0,0.0,0,0,0.0,
b4r,A086,2,simple,50,bursty-headroom,ambiguous,20.442,0.125,0.0,0,0,0.0,
b4r,A086,3,simple,50,bursty-headroom,ambiguous,17.014,0.0,0.0,0,0,0.0,
b4r,A086,4,simple,50,bursty-headroom,ambiguous,16.87,0.0,0.0,0,0,0.0,
b4r,A087,0,medium,500,bursty-headroom,ambiguous,17.177,0.0,0.0,0,0,0.0,
b4r,A087,1,medium,500,bursty-headroom,ambiguous,17.897,0.0,0.0,0,0,0.0,
b4r,A087,2,medium,500,bursty-headroom,ambiguous,16.737,0.0,0.0,0,0,0.0,
b4r,A087,3,medium,500,bursty-headroom,ambiguous,16.829,0.0,0.0,0,0,0.0,
b4r,A087,4,medium,500,bursty-headroom,ambiguous,16.827,0.0,0.0,0,0,0.0,
b4r,A088,0,complex,500,sinusoidal-autoscale,ambiguous,17.774,0.0,0.0,1,0,0.0,"LLM returned non-JSON output (first 200 chars): {
  ""topology_id"": ""basic-5g-core"",
  ""connectivity"": {
    ""plmn"": {""mcc"": ""001"", ""mnc"": ""01""},
    ""slices"": [{""sst"": 1, ""sd"": ""000001"", ""description"": ""eMBB fabric""}],
    ""dnns"": [""internet""]
  },"
b4r,A088,1,complex,500,sinusoidal-autoscale,ambiguous,16.783,0.0,0.0,1,0,0.0,
b4r,A088,2,complex,500,sinusoidal-autoscale,ambiguous,16.956,0.0,0.0047,1,0,0.0,
b4r,A088,3,complex,500,sinusoidal-autoscale,ambiguous,16.852,0.0,0.0,1,0,0.0,
b4r,A088,4,complex,500,sinusoidal-autoscale,ambiguous,16.929,0.0,0.2073,1,0,0.0,
b4r,A089,0,simple,50,fault-HA,ambiguous,18.041,0.0,0.0,1,0,0.0,"LLM returned non-JSON output (first 200 chars): {
  ""topology_id"": ""5G-Core-URLLC-HA"",
  ""connectivity"": {
    ""plmn"": {""mcc"": ""001"", ""mnc"": ""01""},
    ""slices"": [{""sst"": 2, ""sd"": ""000002"", ""description"": ""URLLC for high bandwidth applications""}],
"
b4r,A089,1,simple,50,fault-HA,ambiguous,16.952,0.0,0.0,1,0,0.0,"LLM returned non-JSON output (first 200 chars): {
  ""topology_id"": ""5G-Core-URLLC-HA"",
  ""connectivity"": {
    ""plmn"": {""mcc"": ""001"", ""mnc"": ""01""},
    ""slices"": [{""sst"": 2, ""sd"": ""000001"", ""description"": ""URLLC for high bandwidth applications""}],
"
b4r,A089,2,simple,50,fault-HA,ambiguous,16.83,0.0,0.0,1,0,0.0,"LLM returned non-JSON output (first 200 chars): {
  ""topology_id"": ""5G-Core-URLLC-HA"",
  ""connectivity"": {
    ""plmn"": {""mcc"": ""001"", ""mnc"": ""01""},
    ""slices"": [{""sst"": 2, ""sd"": ""000002"", ""description"": ""URLLC for high bandwidth applications""}],
"
b4r,A089,3,simple,50,fault-HA,ambiguous,18.344,0.0,0.0,0,0,0.0,
b4r,A089,4,simple,50,fault-HA,ambiguous,17.123,0.0,0.0,1,0,0.0,"LLM returned non-JSON output (first 200 chars): {
  ""topology_id"": ""5G-Core-URLLC-HA"",
  ""connectivity"": {
    ""plmn"": {""mcc"": ""001"", ""mnc"": ""01""},
    ""slices"": [{""sst"": 2, ""sd"": ""000002"", ""description"": ""URLLC for high bandwidth applications""}],
"
b4r,A090,0,medium,200,fault-HA,ambiguous,21.056,0.125,0.2249,1,0,0.0,
b4r,A090,1,medium,200,fault-HA,ambiguous,27.556,0.0,0.2796,0,0,0.0,
b4r,A090,2,medium,200,fault-HA,ambiguous,27.376,0.0,0.2888,0,0,0.0,
b4r,A090,3,medium,200,fault-HA,ambiguous,27.444,0.0,0.2796,0,0,0.0,
b4r,A090,4,medium,200,fault-HA,ambiguous,25.786,0.0,0.2888,0,0,0.0,
b4r,A091,0,simple,200,steady,ambiguous,17.518,0.0,0.0,0,0,0.0,
b4r,A091,1,simple,200,steady,ambiguous,16.559,0.0,0.0,0,0,0.0,
b4r,A091,2,simple,200,steady,ambiguous,16.51,0.0,0.0,0,0,0.0,
b4r,A091,3,simple,200,steady,ambiguous,16.786,0.0,0.0,0,0,0.0,
b4r,A091,4,simple,200,steady,ambiguous,16.349,0.0,0.0,0,0,0.0,
b4r,A092,0,medium,500,steady,ambiguous,16.921,0.0,0.0,0,0,0.0,
b4r,A092,1,medium,500,steady,ambiguous,16.845,0.0,0.0,0,0,0.0,
b4r,A092,2,medium,500,steady,ambiguous,17.128,0.0,0.0,0,0,0.0,
b4r,A092,3,medium,500,steady,ambiguous,16.828,0.0,0.0,0,0,0.0,
b4r,A092,4,medium,500,steady,ambiguous,17.071,0.0,0.0,0,0,0.0,
b4r,A093,0,complex,500,steady,ambiguous,18.248,0.0,0.3624,1,0,0.0,
b4r,A093,1,complex,500,steady,ambiguous,18.998,0.0,0.3624,1,0,0.0,
b4r,A093,2,complex,500,steady,ambiguous,18.251,0.0,0.3624,1,0,0.0,
b4r,A093,3,complex,500,steady,ambiguous,18.25,0.0,0.3624,1,0,0.0,
b4r,A093,4,complex,500,steady,ambiguous,18.987,0.0,0.3624,1,0,0.0,
b4r,A094,0,medium,500,sinusoidal-autoscale,ambiguous,16.889,0.0,0.0,1,0,0.0,
b4r,A094,1,medium,500,sinusoidal-autoscale,ambiguous,18.428,0.0,0.0,1,0,0.0,
b4r,A094,2,medium,500,sinusoidal-autoscale,ambiguous,18.219,0.0,0.0,1,0,0.0,
b4r,A094,3,medium,500,sinusoidal-autoscale,ambiguous,17.831,0.0,0.0,1,0,0.0,"LLM returned non-JSON output (first 200 chars): {
  ""topology_id"": ""5g-core-1800-nodes"",
  ""connectivity"": {
    ""plmn"": {""mcc"": ""001"", ""mnc"": ""01""},
    ""slices"": [{""sst"": 1, ""sd"": ""000001"", ""description"": ""eMBB default""}],
    ""dnns"": [""internet"""
b4r,A094,4,medium,500,sinusoidal-autoscale,ambiguous,18.144,0.0,0.1735,1,0,0.0,
b4r,A095,0,medium,500,fault-HA,ambiguous,17.929,0.0,0.1154,0,0,0.0,
b4r,A095,1,medium,500,fault-HA,ambiguous,17.478,0.0,0.1154,0,0,0.0,
b4r,A095,2,medium,500,fault-HA,ambiguous,17.923,0.0,0.1154,0,0,0.0,
b4r,A095,3,medium,500,fault-HA,ambiguous,18.017,0.0,0.0,1,0,0.0,"LLM returned non-JSON output (first 200 chars): {
  ""topology_id"": ""5g-core-600-subscribers"",
  ""connectivity"": {
    ""plmn"": {""mcc"": ""001"", ""mnc"": ""01""},
    ""slices"": [{""sst"": 1, ""sd"": ""000001"", ""description"": ""eMBB default""}],
    ""dnns"": [""inte"
b4r,A095,4,medium,500,fault-HA,ambiguous,17.109,0.0,0.0,1,0,0.0,"LLM returned non-JSON output (first 200 chars): {
  ""topology_id"": ""5g-core-600-subscribers"",
  ""connectivity"": {
    ""plmn"": {""mcc"": ""001"", ""mnc"": ""01""},
    ""slices"": [{""sst"": 1, ""sd"": ""000001"", ""description"": ""eMBB default""}],
    ""dnns"": [""inte"
b4r,A096,0,complex,500,fault-HA,ambiguous,25.102,0.0,0.4441,0,0,0.0,
b4r,A096,1,complex,500,fault-HA,ambiguous,17.562,0.0,0.4894,1,0,0.0,
b4r,A096,2,complex,500,fault-HA,ambiguous,25.299,0.0,0.4417,0,0,0.0,
b4r,A096,3,complex,500,fault-HA,ambiguous,19.538,0.0,0.4571,0,0,0.0,
b4r,A096,4,complex,500,fault-HA,ambiguous,17.555,0.0,0.4894,1,0,0.0,
b4r,A097,0,medium,200,steady,ambiguous,19.847,0.0,0.0,1,0,0.0,
b4r,A097,1,medium,200,steady,ambiguous,18.997,0.0,0.0,1,0,0.0,
b4r,A097,2,medium,200,steady,ambiguous,19.72,0.0,0.0,1,0,0.0,
b4r,A097,3,medium,200,steady,ambiguous,19.72,0.0,0.0,1,0,0.0,
b4r,A097,4,medium,200,steady,ambiguous,19.721,0.0,0.0,1,0,0.0,
b4r,A098,0,complex,500,steady,ambiguous,19.063,0.0,0.1211,1,0,0.0,
b4r,A098,1,complex,500,steady,ambiguous,19.04,0.0,0.1211,1,0,0.0,
b4r,A098,2,complex,500,steady,ambiguous,17.763,0.0,0.1211,1,0,0.0,
b4r,A098,3,complex,500,steady,ambiguous,17.673,0.0,0.0,1,0,0.0,
b4r,A098,4,complex,500,steady,ambiguous,18.192,0.0,0.1211,1,0,0.0,
b4r,A099,0,complex,500,bursty-headroom,ambiguous,16.751,0.0,0.0,0,0,0.0,
b4r,A099,1,complex,500,bursty-headroom,ambiguous,17.091,0.0,0.0,0,0,0.0,
b4r,A099,2,complex,500,bursty-headroom,ambiguous,16.755,0.0,0.0,0,0,0.0,
b4r,A099,3,complex,500,bursty-headroom,ambiguous,17.963,0.0,0.0,0,0,0.0,
b4r,A099,4,complex,500,bursty-headroom,ambiguous,17.982,0.0,0.0,0,0,0.0,
b4r,A100,0,medium,200,fault-HA,ambiguous,17.23,0.0,0.0,1,0,0.0,"LLM returned non-JSON output (first 200 chars): {
  ""topology_id"": ""5g-core-survivability"",
  ""connectivity"": {
    ""plmn"": {""mcc"": ""001"", ""mnc"": ""01""},
    ""slices"": [{""sst"": 2, ""sd"": ""000002"", ""description"": ""URLLC real-time channel""}],
    ""dnns"
b4r,A100,1,medium,200,fault-HA,ambiguous,17.594,0.0,0.0,1,0,0.0,"LLM returned non-JSON output (first 200 chars): {
  ""topology_id"": ""5g-core-survivability"",
  ""connectivity"": {
    ""plmn"": {""mcc"": ""001"", ""mnc"": ""01""},
    ""slices"": [{""sst"": 2, ""sd"": ""000002"", ""description"": ""URLLC real-time channel""}],
    ""dnns"
b4r,A100,2,medium,200,fault-HA,ambiguous,17.593,0.0,0.0,1,0,0.0,"LLM returned non-JSON output (first 200 chars): {
  ""topology_id"": ""5g-core-survivability"",
  ""connectivity"": {
    ""plmn"": {""mcc"": ""001"", ""mnc"": ""01""},
    ""slices"": [{""sst"": 2, ""sd"": ""000002"", ""description"": ""URLLC real-time channel""}],
    ""dnns"
b4r,A100,3,medium,200,fault-HA,ambiguous,17.432,0.0,0.0528,0,0,0.0,
b4r,A100,4,medium,200,fault-HA,ambiguous,17.706,0.0,0.0,1,0,0.0,"LLM returned non-JSON output (first 200 chars): {
  ""topology_id"": ""5g-core-survivability"",
  ""connectivity"": {
    ""plmn"": {""mcc"": ""001"", ""mnc"": ""01""},
    ""slices"": [{""sst"": 2, ""sd"": ""000002"", ""description"": ""URLLC real-time channel""}],
    ""dnns"
b4r,I001,0,simple,50,steady,incomplete,16.957,0.0,0.0,0,0,0.0,
b4r,I001,1,simple,50,steady,incomplete,16.962,0.0,0.0,0,0,0.0,
b4r,I001,2,simple,50,steady,incomplete,18.2,0.0,0.0,0,0,0.0,
b4r,I001,3,simple,50,steady,incomplete,16.873,0.0,0.0,0,0,0.0,
b4r,I001,4,simple,50,steady,incomplete,17.296,0.0,0.0,0,0,0.0,
b4r,I002,0,simple,50,steady,incomplete,16.343,0.0,0.0,0,0,0.0,
b4r,I002,1,simple,50,steady,incomplete,16.503,0.0,0.0,0,0,0.0,
b4r,I002,2,simple,50,steady,incomplete,16.5,0.0,0.0,0,0,0.0,
b4r,I002,3,simple,50,steady,incomplete,16.503,0.0,0.0,0,0,0.0,
b4r,I002,4,simple,50,steady,incomplete,16.499,0.0,0.0,0,0,0.0,
b4r,I003,0,simple,200,steady,incomplete,17.086,0.0,0.0,0,0,0.0,
b4r,I003,1,simple,200,steady,incomplete,16.933,0.0,0.0,0,0,0.0,
b4r,I003,2,simple,200,steady,incomplete,16.302,0.0,0.0,0,0,0.0,
b4r,I003,3,simple,200,steady,incomplete,16.831,0.0,0.0,0,0,0.0,
b4r,I003,4,simple,200,steady,incomplete,16.307,0.0,0.0,0,0,0.0,
b4r,I004,0,simple,50,steady,incomplete,18.042,0.0,0.0,0,0,0.0,
b4r,I004,1,simple,50,steady,incomplete,16.877,0.0,0.0,0,0,0.0,
b4r,I004,2,simple,50,steady,incomplete,16.633,0.0,0.0,0,0,0.0,
b4r,I004,3,simple,50,steady,incomplete,16.859,0.0,0.0,0,0,0.0,
b4r,I004,4,simple,50,steady,incomplete,16.355,0.0,0.0,0,0,0.0,
b4r,I005,0,simple,50,steady,incomplete,16.57,0.0,0.0,0,0,0.0,
b4r,I005,1,simple,50,steady,incomplete,16.577,0.0,0.0,0,0,0.0,
b4r,I005,2,simple,50,steady,incomplete,16.606,0.0,0.0,0,0,0.0,
b4r,I005,3,simple,50,steady,incomplete,16.572,0.0,0.0,0,0,0.0,
b4r,I005,4,simple,50,steady,incomplete,16.57,0.0,0.0,0,0,0.0,
b4r,I006,0,medium,50,steady,incomplete,16.627,0.0,0.0,0,0,0.0,
b4r,I006,1,medium,50,steady,incomplete,16.646,0.0,0.0,0,0,0.0,
b4r,I006,2,medium,50,steady,incomplete,17.551,0.0,0.0,0,0,0.0,
b4r,I006,3,medium,50,steady,incomplete,16.531,0.0,0.0,0,0,0.0,
b4r,I006,4,medium,50,steady,incomplete,16.581,0.0,0.0,0,0,0.0,
b4r,I007,0,medium,200,steady,incomplete,17.596,0.0,0.0,0,0,0.0,
b4r,I007,1,medium,200,steady,incomplete,16.498,0.0,0.0,0,0,0.0,
b4r,I007,2,medium,200,steady,incomplete,17.546,0.0,0.0,0,0,0.0,
b4r,I007,3,medium,200,steady,incomplete,18.16,0.0,0.0,0,0,0.0,
b4r,I007,4,medium,200,steady,incomplete,17.641,0.0,0.0,0,0,0.0,
b4r,I008,0,medium,500,steady,incomplete,16.417,0.0,0.0,0,0,0.0,
b4r,I008,1,medium,500,steady,incomplete,16.977,0.0,0.0,0,0,0.0,
b4r,I008,2,medium,500,steady,incomplete,16.51,0.0,0.0,0,0,0.0,
b4r,I008,3,medium,500,steady,incomplete,16.415,0.0,0.0,0,0,0.0,
b4r,I008,4,medium,500,steady,incomplete,16.416,0.0,0.0,0,0,0.0,
b4r,I009,0,medium,200,steady,incomplete,21.605,0.0,0.0,0,0,0.0,
b4r,I009,1,medium,200,steady,incomplete,20.178,0.0,0.0,0,0,0.0,
b4r,I009,2,medium,200,steady,incomplete,20.336,0.0,0.0,0,0,0.0,
b4r,I009,3,medium,200,steady,incomplete,20.285,0.0,0.0,0,0,0.0,
b4r,I009,4,medium,200,steady,incomplete,21.695,0.0,0.0,0,0,0.0,
b4r,I010,0,medium,500,steady,incomplete,16.293,0.0,0.0,0,0,0.0,
b4r,I010,1,medium,500,steady,incomplete,16.297,0.0,0.0,0,0,0.0,
b4r,I010,2,medium,500,steady,incomplete,16.296,0.0,0.0,0,0,0.0,
b4r,I010,3,medium,500,steady,incomplete,16.295,0.0,0.0,0,0,0.0,
b4r,I010,4,medium,500,steady,incomplete,16.294,0.0,0.0,0,0,0.0,
b4r,I011,0,simple,50,fault-HA,incomplete,16.581,0.0,0.0,0,0,0.0,
b4r,I011,1,simple,50,fault-HA,incomplete,16.976,0.0,0.0,0,0,0.0,
b4r,I011,2,simple,50,fault-HA,incomplete,16.898,0.0,0.0,0,0,0.0,
b4r,I011,3,simple,50,fault-HA,incomplete,17.921,0.0,0.0,0,0,0.0,
b4r,I011,4,simple,50,fault-HA,incomplete,16.721,0.0,0.0,0,0,0.0,
b4r,I012,0,simple,50,fault-HA,incomplete,18.009,0.0,0.0,0,0,0.0,
b4r,I012,1,simple,50,fault-HA,incomplete,17.206,0.0,0.0,1,0,0.0,"LLM returned non-JSON output (first 200 chars): {
  ""topology_id"": ""fault-tolerant-5g-embb-n-plus-one"",
  ""connectivity"": {
    ""plmn"": {""mcc"": ""001"", ""mnc"": ""01""},
    ""slices"": [{""sst"": 1, ""sd"": ""000001"", ""description"": ""eMBB default""}],
    ""dnn"
b4r,I012,2,simple,50,fault-HA,incomplete,18.076,0.0,0.0,0,0,0.0,
b4r,I012,3,simple,50,fault-HA,incomplete,17.006,0.0,0.038,0,0,0.0,
b4r,I012,4,simple,50,fault-HA,incomplete,16.953,0.0,0.038,0,0,0.0,
b4r,I013,0,medium,200,fault-HA,incomplete,16.936,0.0,0.0,0,0,0.0,
b4r,I013,1,medium,200,fault-HA,incomplete,16.893,0.0,0.0,0,0,0.0,
b4r,I013,2,medium,200,fault-HA,incomplete,16.894,0.0,0.0,0,0,0.0,
b4r,I013,3,medium,200,fault-HA,incomplete,16.82,0.0,0.0,0,0,0.0,
b4r,I013,4,medium,200,fault-HA,incomplete,16.937,0.0,0.0,0,0,0.0,
b4r,I014,0,medium,200,fault-HA,incomplete,19.045,0.0,0.1833,0,0,0.0,
b4r,I014,1,medium,200,fault-HA,incomplete,17.96,0.0,0.0,0,0,0.0,
b4r,I014,2,medium,200,fault-HA,incomplete,17.874,0.0,0.0,0,0,0.0,
b4r,I014,3,medium,200,fault-HA,incomplete,17.972,0.0,0.0,0,0,0.0,
b4r,I014,4,medium,200,fault-HA,incomplete,19.145,0.0,0.2393,0,0,0.0,
b4r,I015,0,medium,500,fault-HA,incomplete,19.921,0.0,0.0,0,0,0.0,
b4r,I015,1,medium,500,fault-HA,incomplete,20.102,0.0,0.0,0,0,0.0,
b4r,I015,2,medium,500,fault-HA,incomplete,21.329,0.0,0.0004,0,0,0.0,
b4r,I015,3,medium,500,fault-HA,incomplete,19.882,0.0,0.0,0,0,0.0,
b4r,I015,4,medium,500,fault-HA,incomplete,21.216,0.0,0.0,0,0,0.0,
b4r,I016,0,simple,50,bursty-headroom,incomplete,18.338,0.0,0.0,0,0,0.0,
b4r,I016,1,simple,50,bursty-headroom,incomplete,16.822,0.0,0.0,0,0,0.0,
b4r,I016,2,simple,50,bursty-headroom,incomplete,17.942,0.0,0.0,0,0,0.0,
b4r,I016,3,simple,50,bursty-headroom,incomplete,17.944,0.0,0.0,0,0,0.0,
b4r,I016,4,simple,50,bursty-headroom,incomplete,16.788,0.0,0.0,0,0,0.0,
b4r,I017,0,medium,200,bursty-headroom,incomplete,16.385,0.0,0.0,0,0,0.0,
b4r,I017,1,medium,200,bursty-headroom,incomplete,16.517,0.0,0.0,0,0,0.0,
b4r,I017,2,medium,200,bursty-headroom,incomplete,16.843,0.0,0.0,1,0,0.0,"LLM returned non-JSON output (first 200 chars): {
  ""topology_id"": ""event-driven-bursty-loads"",
  ""connectivity"": {
    ""plmn"": {""mcc"": ""001"", ""mnc"": ""01""},
    ""slices"": [{""sst"": 1, ""sd"": ""000001"", ""description"": ""eMBB event-driven""}],
    ""dnns"":"
b4r,I017,3,medium,200,bursty-headroom,incomplete,16.612,0.0,0.0,0,0,0.0,
b4r,I017,4,medium,200,bursty-headroom,incomplete,17.583,0.0,0.0,0,0,0.0,
b4r,I018,0,complex,500,bursty-headroom,incomplete,16.298,0.0,0.0,0,0,0.0,
b4r,I018,1,complex,500,bursty-headroom,incomplete,16.797,0.0,0.0,1,0,0.0,"LLM returned non-JSON output (first 200 chars): {
  ""topology_id"": ""high-peak-event-network"",
  ""connectivity"": {
    ""plmn"": {""mcc"": ""001"", ""mnc"": ""01""},
    ""slices"": [{""sst"": 1, ""sd"": ""000001"", ""description"": ""eMBB high peak""}],
    ""dnns"": [""in"
b4r,I018,2,complex,500,bursty-headroom,incomplete,16.795,0.0,0.0,0,0,0.0,
b4r,I018,3,complex,500,bursty-headroom,incomplete,16.388,0.0,0.0,0,0,0.0,
b4r,I018,4,complex,500,bursty-headroom,incomplete,16.289,0.0,0.0,0,0,0.0,
b4r,I019,0,medium,200,sinusoidal-autoscale,incomplete,16.831,0.0,0.0,1,0,0.0,
b4r,I019,1,medium,200,sinusoidal-autoscale,incomplete,16.814,0.0,0.0,1,0,0.0,
b4r,I019,2,medium,200,sinusoidal-autoscale,incomplete,16.79,0.0,0.0,1,0,0.0,
b4r,I019,3,medium,200,sinusoidal-autoscale,incomplete,16.817,0.0,0.0,1,0,0.0,
b4r,I019,4,medium,200,sinusoidal-autoscale,incomplete,16.808,0.0,0.0,1,0,0.0,
b4r,I020,0,complex,500,sinusoidal-autoscale,incomplete,21.634,0.0,0.0,1,0,0.0,"LLM returned non-JSON output (first 200 chars): {
  ""topology_id"": ""autoscaling-5g-core"",
  ""connectivity"": {
    ""plmn"": {""mcc"": ""001"", ""mnc"": ""01""},
    ""slices"": [
      {""sst"": 1, ""sd"": ""000001"", ""description"": ""eMBB default""},
      {""sst"": 2,"
b4r,I020,1,complex,500,sinusoidal-autoscale,incomplete,19.445,0.0,0.0,1,0,0.0,"LLM returned non-JSON output (first 200 chars): {
  ""topology_id"": ""autoscaling-5g-core"",
  ""connectivity"": {
    ""plmn"": {""mcc"": ""001"", ""mnc"": ""01""},
    ""slices"": [
      {""sst"": 1, ""sd"": ""000001"", ""description"": ""eMBB default""},
      {""sst"": 2,"
b4r,I020,2,complex,500,sinusoidal-autoscale,incomplete,17.416,0.0,0.0,1,0,0.0,"LLM returned non-JSON output (first 200 chars): {
  ""topology_id"": ""autoscaling-5g-core"",
  ""connectivity"": {
    ""plmn"": {""mcc"": ""001"", ""mnc"": ""01""},
    ""slices"": [
      {""sst"": 1, ""sd"": ""000001"", ""description"": ""eMBB default""},
      {""sst"": 2,"
b4r,I020,3,complex,500,sinusoidal-autoscale,incomplete,17.391,0.0,0.0,1,0,0.0,"LLM returned non-JSON output (first 200 chars): {
  ""topology_id"": ""autoscaling-5g-core"",
  ""connectivity"": {
    ""plmn"": {""mcc"": ""001"", ""mnc"": ""01""},
    ""slices"": [
      {""sst"": 1, ""sd"": ""000001"", ""description"": ""eMBB default""},
      {""sst"": 2,"
b4r,I020,4,complex,500,sinusoidal-autoscale,incomplete,21.63,0.0,0.0,1,0,0.0,"LLM returned non-JSON output (first 200 chars): {
  ""topology_id"": ""autoscaling-5g-core"",
  ""connectivity"": {
    ""plmn"": {""mcc"": ""001"", ""mnc"": ""01""},
    ""slices"": [
      {""sst"": 1, ""sd"": ""000001"", ""description"": ""eMBB default""},
      {""sst"": 2,"
b4r,I021,0,complex,500,steady,incomplete,23.255,0.0,0.2506,0,0,0.0,
b4r,I021,1,complex,500,steady,incomplete,23.266,0.0,0.2506,0,0,0.0,
b4r,I021,2,complex,500,steady,incomplete,23.199,0.0,0.2506,0,0,0.0,
b4r,I021,3,complex,500,steady,incomplete,22.226,0.0,0.0,1,0,0.0,"LLM returned non-JSON output (first 200 chars): {
  ""topology_id"": ""smart-city-5g-core"",
  ""connectivity"": {
    ""plmn"": {""mcc"": ""001"", ""mnc"": ""01""},
    ""slices"": [
      {""sst"": 1, ""sd"": ""000001"", ""description"": ""eMBB default""},
      {""sst"": 2, "
b4r,I021,4,complex,500,steady,incomplete,20.751,0.0,0.2506,0,0,0.0,
b4r,I022,0,medium,200,steady,incomplete,16.858,0.0,0.0,0,0,0.0,
b4r,I022,1,medium,200,steady,incomplete,16.322,0.0,0.0,0,0,0.0,
b4r,I022,2,medium,200,steady,incomplete,16.32,0.0,0.0,0,0,0.0,
b4r,I022,3,medium,200,steady,incomplete,16.335,0.0,0.0,0,0,0.0,
b4r,I022,4,medium,200,steady,incomplete,16.322,0.0,0.0,0,0,0.0,
b4r,I023,0,medium,200,steady,incomplete,17.481,0.0,0.0,0,0,0.0,
b4r,I023,1,medium,200,steady,incomplete,16.307,0.0,0.0,0,0,0.0,
b4r,I023,2,medium,200,steady,incomplete,16.521,0.0,0.0,0,0,0.0,
b4r,I023,3,medium,200,steady,incomplete,16.341,0.0,0.0,0,0,0.0,
b4r,I023,4,medium,200,steady,incomplete,17.453,0.0,0.0,0,0,0.0,
b4r,I024,0,complex,500,steady,incomplete,20.03,0.0,0.0,0,0,0.0,
b4r,I024,1,complex,500,steady,incomplete,23.474,0.1111,0.0,0,0,0.0,
b4r,I024,2,complex,500,steady,incomplete,20.002,0.0,0.0,0,0,0.0,
b4r,I024,3,complex,500,steady,incomplete,20.005,0.0,0.0,0,0,0.0,
b4r,I024,4,complex,500,steady,incomplete,19.945,0.0,0.0,0,0,0.0,
b4r,I025,0,medium,200,steady,incomplete,16.451,0.0,0.0,0,0,0.0,
b4r,I025,1,medium,200,steady,incomplete,16.534,0.0,0.0,0,0,0.0,
b4r,I025,2,medium,200,steady,incomplete,16.661,0.0,0.0,0,0,0.0,
b4r,I025,3,medium,200,steady,incomplete,17.06,0.0,0.0,0,0,0.0,
b4r,I025,4,medium,200,steady,incomplete,18.338,0.0,0.0,0,0,0.0,
b4r,I026,0,medium,200,fault-HA,incomplete,16.926,0.0,0.0,0,0,0.0,
b4r,I026,1,medium,200,fault-HA,incomplete,16.942,0.0,0.0,0,0,0.0,
b4r,I026,2,medium,200,fault-HA,incomplete,16.39,0.0,0.0,0,0,0.0,
b4r,I026,3,medium,200,fault-HA,incomplete,16.91,0.0,0.0,0,0,0.0,
b4r,I026,4,medium,200,fault-HA,incomplete,16.373,0.0,0.0,0,0,0.0,
b4r,I027,0,complex,500,fault-HA,incomplete,16.308,0.0,0.0,0,0,0.0,
b4r,I027,1,complex,500,fault-HA,incomplete,16.308,0.0,0.0,0,0,0.0,
b4r,I027,2,complex,500,fault-HA,incomplete,16.434,0.0,0.1434,0,0,0.0,
b4r,I027,3,complex,500,fault-HA,incomplete,16.932,0.0,0.1434,0,0,0.0,
b4r,I027,4,complex,500,fault-HA,incomplete,16.302,0.0,0.0,0,0,0.0,
b4r,I028,0,medium,200,fault-HA,incomplete,19.007,0.0,0.0,0,0,0.0,
b4r,I028,1,medium,200,fault-HA,incomplete,17.008,0.0,0.0,1,0,0.0,"LLM returned non-JSON output (first 200 chars): {
  ""topology_id"": ""transport-network-URLLC-HA"",
  ""connectivity"": {
    ""plmn"": {""mcc"": ""001"", ""mnc"": ""01""},
    ""slices"": [{""sst"": 2, ""sd"": ""000002"", ""description"": ""URLLC transport""}],
    ""dnns"": "
b4r,I028,2,medium,200,fault-HA,incomplete,16.312,0.0,0.0,0,0,0.0,
b4r,I028,3,medium,200,fault-HA,incomplete,16.319,0.0,0.0,0,0,0.0,
b4r,I028,4,medium,200,fault-HA,incomplete,19.057,0.0,0.0,0,0,0.0,
b4r,I029,0,complex,500,fault-HA,incomplete,19.072,0.0,0.0,0,0,0.0,
b4r,I029,1,complex,500,fault-HA,incomplete,27.35,0.3077,0.0257,0,0,0.0,
b4r,I029,2,complex,500,fault-HA,incomplete,19.09,0.0,0.0,0,0,0.0,
b4r,I029,3,complex,500,fault-HA,incomplete,18.974,0.0,0.0,0,0,0.0,
b4r,I029,4,complex,500,fault-HA,incomplete,19.105,0.0,0.4258,0,0,0.0,
b4r,I030,0,complex,500,steady,incomplete,22.25,0.1111,0.0,0,0,0.0,
b4r,I030,1,complex,500,steady,incomplete,23.615,0.1111,0.0,0,0,0.0,
b4r,I030,2,complex,500,steady,incomplete,25.534,0.2,0.0,0,0,0.0,
b4r,I030,3,complex,500,steady,incomplete,22.814,0.1111,0.0,1,0,0.0,
b4r,I030,4,complex,500,steady,incomplete,23.464,0.1111,0.0,0,0,0.0,
b4r,I031,0,simple,50,bursty-headroom,incomplete,16.333,0.0,0.0,0,0,0.0,
b4r,I031,1,simple,50,bursty-headroom,incomplete,16.827,0.0,0.0,0,0,0.0,
b4r,I031,2,simple,50,bursty-headroom,incomplete,17.695,0.0,0.0,0,0,0.0,
b4r,I031,3,simple,50,bursty-headroom,incomplete,16.34,0.0,0.0,0,0,0.0,
b4r,I031,4,simple,50,bursty-headroom,incomplete,16.345,0.0,0.0,0,0,0.0,
b4r,I032,0,medium,200,bursty-headroom,incomplete,16.497,0.0,0.0,0,0,0.0,
b4r,I032,1,medium,200,bursty-headroom,incomplete,16.498,0.0,0.0,0,0,0.0,
b4r,I032,2,medium,200,bursty-headroom,incomplete,16.293,0.0,0.0,0,0,0.0,
b4r,I032,3,medium,200,bursty-headroom,incomplete,16.29,0.0,0.0,0,0,0.0,
b4r,I032,4,medium,200,bursty-headroom,incomplete,16.505,0.0,0.0,0,0,0.0,
b4r,I033,0,medium,200,steady,incomplete,16.523,0.0,0.0,0,0,0.0,
b4r,I033,1,medium,200,steady,incomplete,16.887,0.0,0.0,0,0,0.0,
b4r,I033,2,medium,200,steady,incomplete,16.519,0.0,0.0,0,0,0.0,
b4r,I033,3,medium,200,steady,incomplete,16.528,0.0,0.0,0,0,0.0,
b4r,I033,4,medium,200,steady,incomplete,16.836,0.0,0.0,1,0,0.0,"LLM returned non-JSON output (first 200 chars): {
  ""topology_id"": ""5G-URLLC-Topo"",
  ""connectivity"": {
    ""plmn"": {""mcc"": ""001"", ""mnc"": ""01""},
    ""slices"": [{""sst"": 2, ""sd"": ""000002"", ""description"": ""URLLC service""}],
    ""dnns"": [""internet""]
  "
b4r,I034,0,medium,500,steady,incomplete,16.948,0.0,0.0,0,0,0.0,
b4r,I034,1,medium,500,steady,incomplete,16.996,0.0,0.0,0,0,0.0,
b4r,I034,2,medium,500,steady,incomplete,16.433,0.0,0.0,0,0,0.0,
b4r,I034,3,medium,500,steady,incomplete,16.995,0.0,0.0,0,0,0.0,
b4r,I034,4,medium,500,steady,incomplete,17.01,0.0,0.0,1,0,0.0,"LLM returned non-JSON output (first 200 chars): {
  ""topology_id"": ""mMTC_massive_connectivity"",
  ""connectivity"": {
    ""plmn"": {""mcc"": ""001"", ""mnc"": ""01""},
    ""slices"": [{""sst"": 3, ""sd"": ""000001"", ""description"": ""mMTC massive connectivity""}],
   "
b4r,I035,0,medium,500,steady,incomplete,17.466,0.0,0.0,1,0,0.0,
b4r,I035,1,medium,500,steady,incomplete,17.45,0.0,0.0,1,0,0.0,
b4r,I035,2,medium,500,steady,incomplete,17.859,0.0,0.0,1,0,0.0,
b4r,I035,3,medium,500,steady,incomplete,17.769,0.0,0.0,1,0,0.0,
b4r,I035,4,medium,500,steady,incomplete,17.419,0.0,0.0,1,0,0.0,
b4r,I036,0,medium,500,sinusoidal-autoscale,incomplete,16.85,0.0,0.0,1,0,0.0,
b4r,I036,1,medium,500,sinusoidal-autoscale,incomplete,16.846,0.0,0.0,1,0,0.0,
b4r,I036,2,medium,500,sinusoidal-autoscale,incomplete,16.834,0.0,0.0,1,0,0.0,
b4r,I036,3,medium,500,sinusoidal-autoscale,incomplete,17.828,0.0,0.0,1,0,0.0,"LLM returned non-JSON output (first 200 chars): {
  ""topology_id"": ""basic-5g-core-autoscale"",
  ""connectivity"": {
    ""plmn"": {""mcc"": ""001"", ""mnc"": ""01""},
    ""slices"": [{""sst"": 1, ""sd"": ""000001"", ""description"": ""eMBB default""}],
    ""dnns"": [""inte"
b4r,I036,4,medium,500,sinusoidal-autoscale,incomplete,16.908,0.0,0.0,1,0,0.0,
b4r,I037,0,complex,500,sinusoidal-autoscale,incomplete,18.059,0.0,0.0,1,0,0.0,"LLM returned non-JSON output (first 200 chars): {
  ""topology_id"": ""5G-URLLC-eMBB-autoscale"",
  ""connectivity"": {
    ""plmn"": {""mcc"": ""001"", ""mnc"": ""01""},
    ""slices"": [
      {""sst"": 1, ""sd"": ""000001"", ""description"": ""eMBB default""},
      {""sst"""
b4r,I037,1,complex,500,sinusoidal-autoscale,incomplete,21.355,0.0,0.0,1,0,0.0,"LLM returned non-JSON output (first 200 chars): {
  ""topology_id"": ""5G-URLLC-eMBB-autoscale"",
  ""connectivity"": {
    ""plmn"": {""mcc"": ""001"", ""mnc"": ""01""},
    ""slices"": [
      {""sst"": 1, ""sd"": ""000001"", ""description"": ""eMBB default""},
      {""sst"""
b4r,I037,2,complex,500,sinusoidal-autoscale,incomplete,19.183,0.0,0.0,1,0,0.0,"LLM returned non-JSON output (first 200 chars): {
  ""topology_id"": ""5G-URLLC-eMBB-autoscale"",
  ""connectivity"": {
    ""plmn"": {""mcc"": ""001"", ""mnc"": ""01""},
    ""slices"": [{""sst"": 1, ""sd"": ""000001"", ""description"": ""eMBB default""}, {""sst"": 2, ""sd"": ""0"
b4r,I037,3,complex,500,sinusoidal-autoscale,incomplete,20.145,0.0,0.0,1,0,0.0,"LLM returned non-JSON output (first 200 chars): {
  ""topology_id"": ""5G-URLLC-eMBB-autoscale"",
  ""connectivity"": {
    ""plmn"": {""mcc"": ""001"", ""mnc"": ""01""},
    ""slices"": [
      {""sst"": 1, ""sd"": ""000001"", ""description"": ""eMBB default""},
      {""sst"""
b4r,I037,4,complex,500,sinusoidal-autoscale,incomplete,18.986,0.0,0.0,1,0,0.0,"LLM returned non-JSON output (first 200 chars): {
  ""topology_id"": ""5G-URLLC-eMBB-autoscale"",
  ""connectivity"": {
    ""plmn"": {""mcc"": ""001"", ""mnc"": ""01""},
    ""slices"": [{""sst"": 1, ""sd"": ""000001"", ""description"": ""eMBB default""}, {""sst"": 2, ""sd"": ""0"
b4r,I038,0,medium,200,fault-HA,incomplete,19.802,0.0,0.0,0,0,0.0,
b4r,I038,1,medium,200,fault-HA,incomplete,19.775,0.0,0.0,0,0,0.0,
b4r,I038,2,medium,200,fault-HA,incomplete,21.162,0.0,0.0,0,0,0.0,
b4r,I038,3,medium,200,fault-HA,incomplete,20.037,0.0,0.0056,0,0,0.0,
b4r,I038,4,medium,200,fault-HA,incomplete,19.738,0.0,0.0,0,0,0.0,
b4r,I039,0,complex,500,fault-HA,incomplete,16.456,0.0,0.0,1,0,0.0,"LLM returned non-JSON output (first 200 chars): {
  ""topology_id"": ""carrier-5g-network"",
  ""connectivity"": {
    ""plmn"": {""mcc"": ""001"", ""mnc"": ""01""},
    ""slices"": [{""sst"": 1, ""sd"": ""000001"", ""description"": ""eMBB default""}],
    ""dnns"": [""internet"""
b4r,I039,1,complex,500,fault-HA,incomplete,16.804,0.0,0.0,0,0,0.0,
b4r,I039,2,complex,500,fault-HA,incomplete,16.926,0.0,0.0,1,0,0.0,"LLM returned non-JSON output (first 200 chars): {
  ""topology_id"": ""carrier-5g-network"",
  ""connectivity"": {
    ""plmn"": {""mcc"": ""001"", ""mnc"": ""01""},
    ""slices"": [{""sst"": 1, ""sd"": ""000001"", ""description"": ""eMBB default""}],
    ""dnns"": [""internet"""
b4r,I039,3,complex,500,fault-HA,incomplete,16.278,0.0,0.0,0,0,0.0,
b4r,I039,4,complex,500,fault-HA,incomplete,16.878,0.0,0.0,1,0,0.0,"LLM returned non-JSON output (first 200 chars): {
  ""topology_id"": ""carrier-5g-network"",
  ""connectivity"": {
    ""plmn"": {""mcc"": ""001"", ""mnc"": ""01""},
    ""slices"": [{""sst"": 1, ""sd"": ""000001"", ""description"": ""eMBB default""}],
    ""dnns"": [""internet"""
b4r,I040,0,complex,500,fault-HA,incomplete,16.42,0.0,0.1005,0,0,0.0,
b4r,I040,1,complex,500,fault-HA,incomplete,17.094,0.0,0.022,0,0,0.0,
b4r,I040,2,complex,500,fault-HA,incomplete,17.63,0.0,0.0,0,0,0.0,
b4r,I040,3,complex,500,fault-HA,incomplete,17.726,0.0,0.022,0,0,0.0,
b4r,I040,4,complex,500,fault-HA,incomplete,16.925,0.0,0.0,0,0,0.0,
b4r,I041,0,complex,500,steady,incomplete,17.85,0.0,0.0,1,0,0.0,
b4r,I041,1,complex,500,steady,incomplete,20.082,0.125,0.0,1,0,0.0,
b4r,I041,2,complex,500,steady,incomplete,17.32,0.0,0.0,1,0,0.0,
b4r,I041,3,complex,500,steady,incomplete,17.847,0.0,0.0,1,0,0.0,
b4r,I041,4,complex,500,steady,incomplete,19.926,0.0,0.0,0,0,0.0,
b4r,I042,0,complex,500,sinusoidal-autoscale,incomplete,16.383,0.0,0.0,1,0,0.0,
b4r,I042,1,complex,500,sinusoidal-autoscale,incomplete,16.805,0.0,0.0,1,0,0.0,
b4r,I042,2,complex,500,sinusoidal-autoscale,incomplete,16.373,0.0,0.0,1,0,0.0,
b4r,I042,3,complex,500,sinusoidal-autoscale,incomplete,17.175,0.0,0.0,1,0,0.0,"LLM returned non-JSON output (first 200 chars): {
  ""topology_id"": ""smart-grid-mmtc"",
  ""connectivity"": {
    ""plmn"": {""mcc"": ""001"", ""mnc"": ""01""},
    ""slices"": [{""sst"": 3, ""sd"": ""000003"", ""description"": ""mMTC smart grid""}],
    ""dnns"": [""smartgrid"
b4r,I042,4,complex,500,sinusoidal-autoscale,incomplete,16.419,0.0,0.0,1,0,0.0,
b4r,I043,0,complex,500,fault-HA,incomplete,22.975,0.0,0.0,0,0,0.0,
b4r,I043,1,complex,500,fault-HA,incomplete,23.179,0.0,0.3779,0,0,0.0,
b4r,I043,2,complex,500,fault-HA,incomplete,22.947,0.0,0.0,0,0,0.0,
b4r,I043,3,complex,500,fault-HA,incomplete,21.619,0.0,0.0,0,0,0.0,
b4r,I043,4,complex,500,fault-HA,incomplete,23.148,0.0,0.3779,0,0,0.0,
b4r,I044,0,medium,200,steady,incomplete,16.856,0.0,0.0,0,0,0.0,
b4r,I044,1,medium,200,steady,incomplete,16.95,0.0,0.0,0,0,0.0,
b4r,I044,2,medium,200,steady,incomplete,16.322,0.0,0.0,0,0,0.0,
b4r,I044,3,medium,200,steady,incomplete,16.471,0.0,0.0,0,0,0.0,
b4r,I044,4,medium,200,steady,incomplete,18.089,0.0,0.0,0,0,0.0,
b4r,I045,0,medium,200,steady,incomplete,16.517,0.0,0.0,0,0,0.0,
b4r,I045,1,medium,200,steady,incomplete,16.774,0.0,0.0,0,0,0.0,
b4r,I045,2,medium,200,steady,incomplete,16.514,0.0,0.0,0,0,0.0,
b4r,I045,3,medium,200,steady,incomplete,16.3,0.0,0.0,0,0,0.0,
b4r,I045,4,medium,200,steady,incomplete,16.465,0.0,0.0,0,0,0.0,
b4r,I046,0,medium,200,steady,incomplete,16.849,0.0,0.0,0,0,0.0,
b4r,I046,1,medium,200,steady,incomplete,16.821,0.0,0.0,0,0,0.0,
b4r,I046,2,medium,200,steady,incomplete,16.299,0.0,0.0,0,0,0.0,
b4r,I046,3,medium,200,steady,incomplete,16.849,0.0,0.0,0,0,0.0,
b4r,I046,4,medium,200,steady,incomplete,16.269,0.0,0.0,0,0,0.0,
b4r,I047,0,complex,500,fault-HA,incomplete,21.311,0.0,0.0211,0,0,0.0,
b4r,I047,1,complex,500,fault-HA,incomplete,19.994,0.0,0.0211,0,0,0.0,
b4r,I047,2,complex,500,fault-HA,incomplete,20.319,0.0,0.011,0,0,0.0,
b4r,I047,3,complex,500,fault-HA,incomplete,21.272,0.0,0.0211,0,0,0.0,
b4r,I047,4,complex,500,fault-HA,incomplete,21.268,0.0,0.011,0,0,0.0,
b4r,I048,0,complex,500,bursty-headroom,incomplete,16.354,0.0,0.0,0,0,0.0,
b4r,I048,1,complex,500,bursty-headroom,incomplete,17.053,0.0,0.0,0,0,0.0,
b4r,I048,2,complex,500,bursty-headroom,incomplete,17.106,0.0,0.0,0,0,0.0,
b4r,I048,3,complex,500,bursty-headroom,incomplete,17.029,0.0,0.0,0,0,0.0,
b4r,I048,4,complex,500,bursty-headroom,incomplete,16.478,0.0,0.0,0,0,0.0,
b4r,I049,0,complex,500,steady,incomplete,23.223,0.0,0.2477,0,0,0.0,
b4r,I049,1,complex,500,steady,incomplete,23.171,0.0,0.2477,0,0,0.0,
b4r,I049,2,complex,500,steady,incomplete,23.389,0.0,0.2477,0,0,0.0,
b4r,I049,3,complex,500,steady,incomplete,23.228,0.0,0.2477,0,0,0.0,
b4r,I049,4,complex,500,steady,incomplete,25.878,0.1111,0.2477,0,0,0.0,
b4r,I050,0,complex,200,fault-HA,incomplete,19.05,0.0,0.0,0,0,0.0,
b4r,I050,1,complex,200,fault-HA,incomplete,19.28,0.0,0.0,1,0,0.0,"LLM returned non-JSON output (first 200 chars): {
  ""topology_id"": ""trading-platform-URLLC-HA"",
  ""connectivity"": {
    ""plmn"": {""mcc"": ""001"", ""mnc"": ""01""},
    ""slices"": [{""sst"": 2, ""sd"": ""000002"", ""description"": ""URLLC trading platform""}],
    ""d"
b4r,I050,2,complex,200,fault-HA,incomplete,19.016,0.0,0.0,1,0,0.0,"LLM returned non-JSON output (first 200 chars): {
  ""topology_id"": ""trading-platform-URLLC-HA"",
  ""connectivity"": {
    ""plmn"": {""mcc"": ""001"", ""mnc"": ""01""},
    ""slices"": [{""sst"": 2, ""sd"": ""000002"", ""description"": ""URLLC trading platform""}],
    ""d"
b4r,I050,3,complex,200,fault-HA,incomplete,19.205,0.0,0.1088,0,0,0.0,
b4r,I050,4,complex,200,fault-HA,incomplete,18.99,0.0,0.0,0,0,0.0,
b4r,X001,0,simple,50,fault-HA,contradictory,17.018,0.0,0.0,1,0,0.0,"LLM returned non-JSON output (first 200 chars): {
  ""topology_id"": ""ha-single-replica-5g-core"",
  ""connectivity"": {
    ""plmn"": {""mcc"": ""001"", ""mnc"": ""01""},
    ""slices"": [{""sst"": 1, ""sd"": ""000001"", ""description"": ""eMBB default""}],
    ""dnns"": [""in"
b4r,X001,1,simple,50,fault-HA,contradictory,17.017,0.0,0.0,1,0,0.0,"LLM returned non-JSON output (first 200 chars): {
  ""topology_id"": ""ha-5g-core-single-replica"",
  ""connectivity"": {
    ""plmn"": {""mcc"": ""001"", ""mnc"": ""01""},
    ""slices"": [{""sst"": 1, ""sd"": ""000001"", ""description"": ""eMBB default""}],
    ""dnns"": [""in"
b4r,X001,2,simple,50,fault-HA,contradictory,16.818,0.0,0.0,0,0,0.0,
b4r,X001,3,simple,50,fault-HA,contradictory,16.822,0.0,0.0,0,0,0.0,
b4r,X001,4,simple,50,fault-HA,contradictory,16.819,0.0,0.0,0,0,0.0,
b4r,X002,0,simple,50,fault-HA,contradictory,17.254,0.0,0.0,1,0,0.0,"LLM returned non-JSON output (first 200 chars): {
  ""topology_id"": ""ha-5g-core-single-vnf"",
  ""connectivity"": {
    ""plmn"": {""mcc"": ""001"", ""mnc"": ""01""},
    ""slices"": [{""sst"": 1, ""sd"": ""000001"", ""description"": ""eMBB default""}],
    ""dnns"": [""intern"
b4r,X002,1,simple,50,fault-HA,contradictory,16.944,0.0,0.0,1,0,0.0,"LLM returned non-JSON output (first 200 chars): {
  ""topology_id"": ""ha-5g-core"",
  ""connectivity"": {
    ""plmn"": {""mcc"": ""001"", ""mnc"": ""01""},
    ""slices"": [{""sst"": 1, ""sd"": ""000001"", ""description"": ""eMBB default""}],
    ""dnns"": [""internet""]
  },
 "
b4r,X002,2,simple,50,fault-HA,contradictory,16.96,0.0,0.0,1,0,0.0,"LLM returned non-JSON output (first 200 chars): {
  ""topology_id"": ""ha-5g-core-single-vnf"",
  ""connectivity"": {
    ""plmn"": {""mcc"": ""001"", ""mnc"": ""01""},
    ""slices"": [{""sst"": 1, ""sd"": ""000001"", ""description"": ""eMBB default""}],
    ""dnns"": [""intern"
b4r,X002,3,simple,50,fault-HA,contradictory,21.659,0.0,0.0,0,0,0.0,
b4r,X002,4,simple,50,fault-HA,contradictory,16.986,0.0,0.0,1,0,0.0,"LLM returned non-JSON output (first 200 chars): {
  ""topology_id"": ""ha-5g-core-single-vnf"",
  ""connectivity"": {
    ""plmn"": {""mcc"": ""001"", ""mnc"": ""01""},
    ""slices"": [{""sst"": 1, ""sd"": ""000001"", ""description"": ""eMBB default""}],
    ""dnns"": [""intern"
b4r,X003,0,medium,200,fault-HA,contradictory,16.225,0.0,0.0,0,0,0.0,
b4r,X003,1,medium,200,fault-HA,contradictory,16.871,0.0,0.0,0,0,0.0,
b4r,X003,2,medium,200,fault-HA,contradictory,16.786,0.0,0.0,0,0,0.0,
b4r,X003,3,medium,200,fault-HA,contradictory,16.821,0.0,0.0,0,0,0.0,
b4r,X003,4,medium,200,fault-HA,contradictory,16.856,0.0,0.0,0,0,0.0,
b4r,X004,0,medium,200,fault-HA,contradictory,16.242,0.0,0.0,0,0,0.0,
b4r,X004,1,medium,200,fault-HA,contradictory,18.148,0.0,0.1877,0,0,0.0,
b4r,X004,2,medium,200,fault-HA,contradictory,17.097,0.0,0.0,0,0,0.0,
b4r,X004,3,medium,200,fault-HA,contradictory,16.241,0.0,0.0,0,0,0.0,
b4r,X004,4,medium,200,fault-HA,contradictory,17.25,0.0,0.0,1,0,0.0,"LLM returned non-JSON output (first 200 chars): {
  ""topology_id"": ""ha-5g-core"",
  ""connectivity"": {
    ""plmn"": {""mcc"": ""001"", ""mnc"": ""01""},
    ""slices"": [{""sst"": 2, ""sd"": ""000002"", ""description"": ""URLLC for high availability""}],
    ""dnns"": [""in"
b4r,X005,0,medium,200,fault-HA,contradictory,16.918,0.0,0.0,1,0,0.0,"LLM returned non-JSON output (first 200 chars): {
  ""topology_id"": ""ha-5g-core"",
  ""connectivity"": {
    ""plmn"": {""mcc"": ""001"", ""mnc"": ""01""},
    ""slices"": [{""sst"": 1, ""sd"": ""000001"", ""description"": ""eMBB default""}],
    ""dnns"": [""internet""]
  },
 "
b4r,X005,1,medium,200,fault-HA,contradictory,16.902,0.0,0.0,1,0,0.0,"LLM returned non-JSON output (first 200 chars): {
  ""topology_id"": ""ha-5g-core"",
  ""connectivity"": {
    ""plmn"": {""mcc"": ""001"", ""mnc"": ""01""},
    ""slices"": [{""sst"": 1, ""sd"": ""000001"", ""description"": ""eMBB default""}],
    ""dnns"": [""internet""]
  },
 "
b4r,X005,2,medium,200,fault-HA,contradictory,16.977,0.0,0.0,1,0,0.0,"LLM returned non-JSON output (first 200 chars): {
  ""topology_id"": ""ha-5g-core"",
  ""connectivity"": {
    ""plmn"": {""mcc"": ""001"", ""mnc"": ""01""},
    ""slices"": [{""sst"": 1, ""sd"": ""000001"", ""description"": ""eMBB default""}],
    ""dnns"": [""internet""]
  },
 "
b4r,X005,3,medium,200,fault-HA,contradictory,16.923,0.0,0.0,1,0,0.0,"LLM returned non-JSON output (first 200 chars): {
  ""topology_id"": ""ha-5g-core"",
  ""connectivity"": {
    ""plmn"": {""mcc"": ""001"", ""mnc"": ""01""},
    ""slices"": [{""sst"": 1, ""sd"": ""000001"", ""description"": ""eMBB default""}],
    ""dnns"": [""internet""]
  },
 "
b4r,X005,4,medium,200,fault-HA,contradictory,16.927,0.0,0.0,1,0,0.0,"LLM returned non-JSON output (first 200 chars): {
  ""topology_id"": ""ha-5g-core"",
  ""connectivity"": {
    ""plmn"": {""mcc"": ""001"", ""mnc"": ""01""},
    ""slices"": [{""sst"": 1, ""sd"": ""000001"", ""description"": ""eMBB default""}],
    ""dnns"": [""internet""]
  },
 "
b4r,X006,0,medium,200,fault-HA,contradictory,16.972,0.0,0.0,1,0,0.0,"LLM returned non-JSON output (first 200 chars): {
  ""topology_id"": ""ha-5g-core-min-replicas"",
  ""connectivity"": {
    ""plmn"": {""mcc"": ""001"", ""mnc"": ""01""},
    ""slices"": [{""sst"": 2, ""sd"": ""000002"", ""description"": ""URLLC for high availability""}],
   "
b4r,X006,1,medium,200,fault-HA,contradictory,16.92,0.0,0.0,1,0,0.0,"LLM returned non-JSON output (first 200 chars): {
  ""topology_id"": ""ha-5g-core-minimal"",
  ""connectivity"": {
    ""plmn"": {""mcc"": ""001"", ""mnc"": ""01""},
    ""slices"": [{""sst"": 2, ""sd"": ""000002"", ""description"": ""URLLC for mission-critical services""}],
"
b4r,X006,2,medium,200,fault-HA,contradictory,16.978,0.0,0.0,1,0,0.0,"LLM returned non-JSON output (first 200 chars): {
  ""topology_id"": ""ha-5g-core-minimal"",
  ""connectivity"": {
    ""plmn"": {""mcc"": ""001"", ""mnc"": ""01""},
    ""slices"": [{""sst"": 2, ""sd"": ""000002"", ""description"": ""URLLC for mission-critical services""}],
"
b4r,X006,3,medium,200,fault-HA,contradictory,16.964,0.0,0.0,1,0,0.0,"LLM returned non-JSON output (first 200 chars): {
  ""topology_id"": ""ha-5g-core-minimal"",
  ""connectivity"": {
    ""plmn"": {""mcc"": ""001"", ""mnc"": ""01""},
    ""slices"": [{""sst"": 2, ""sd"": ""000002"", ""description"": ""URLLC for mission-critical services""}],
"
b4r,X006,4,medium,200,fault-HA,contradictory,16.941,0.0,0.0,1,0,0.0,"LLM returned non-JSON output (first 200 chars): {
  ""topology_id"": ""ha-5g-core-minimal"",
  ""connectivity"": {
    ""plmn"": {""mcc"": ""001"", ""mnc"": ""01""},
    ""slices"": [{""sst"": 2, ""sd"": ""000002"", ""description"": ""URLLC for high availability""}],
    ""dnn"
b4r,X007,0,simple,50,fault-HA,contradictory,16.684,0.0,0.0,1,0,0.0,"LLM returned non-JSON output (first 200 chars): {
  ""topology_id"": ""ha-5g-core-single-pod"",
  ""connectivity"": {
    ""plmn"": {""mcc"": ""001"", ""mnc"": ""01""},
    ""slices"": [{""sst"": 1, ""sd"": ""000001"", ""description"": ""eMBB default""}],
    ""dnns"": [""intern"
b4r,X007,1,simple,50,fault-HA,contradictory,17.921,0.0,0.0,1,0,0.0,"LLM returned non-JSON output (first 200 chars): {
  ""topology_id"": ""ha-5g-core-single-pod"",
  ""connectivity"": {
    ""plmn"": {""mcc"": ""001"", ""mnc"": ""01""},
    ""slices"": [{""sst"": 1, ""sd"": ""000001"", ""description"": ""eMBB default""}],
    ""dnns"": [""intern"
b4r,X007,2,simple,50,fault-HA,contradictory,17.398,0.0,0.0,1,0,0.0,"LLM returned non-JSON output (first 200 chars): {
  ""topology_id"": ""ha-5g-core-single-pod"",
  ""connectivity"": {
    ""plmn"": {""mcc"": ""001"", ""mnc"": ""01""},
    ""slices"": [{""sst"": 1, ""sd"": ""000001"", ""description"": ""eMBB default""}],
    ""dnns"": [""intern"
b4r,X007,3,simple,50,fault-HA,contradictory,17.041,0.0,0.0,1,0,0.0,"LLM returned non-JSON output (first 200 chars): {
  ""topology_id"": ""ha-5g-core-single-pod"",
  ""connectivity"": {
    ""plmn"": {""mcc"": ""001"", ""mnc"": ""01""},
    ""slices"": [{""sst"": 1, ""sd"": ""000001"", ""description"": ""eMBB default""}],
    ""dnns"": [""intern"
b4r,X007,4,simple,50,fault-HA,contradictory,18.867,0.125,0.0,0,0,0.0,
b4r,X008,0,medium,200,fault-HA,contradictory,19.734,0.0,0.0,1,0,0.0,"LLM returned non-JSON output (first 200 chars): {
  ""topology_id"": ""ha-5g-core"",
  ""connectivity"": {
    ""plmn"": {""mcc"": ""001"", ""mnc"": ""01""},
    ""slices"": [{""sst"": 1, ""sd"": ""000001"", ""description"": ""eMBB""}, {""sst"": 2, ""sd"": ""000002"", ""description"""
b4r,X008,1,medium,200,fault-HA,contradictory,27.21,0.0,0.0,1,0,0.0,"LLM returned non-JSON output (first 200 chars): {
  ""topology_id"": ""ha-5g-core"",
  ""connectivity"": {
    ""plmn"": {""mcc"": ""001"", ""mnc"": ""01""},
    ""slices"": [{""sst"": 1, ""sd"": ""000001"", ""description"": ""eMBB""}, {""sst"": 2, ""sd"": ""000002"", ""description"""
b4r,X008,2,medium,200,fault-HA,contradictory,20.257,0.0,0.0,1,0,0.0,"LLM returned non-JSON output (first 200 chars): {
  ""topology_id"": ""ha-5g-core"",
  ""connectivity"": {
    ""plmn"": {""mcc"": ""001"", ""mnc"": ""01""},
    ""slices"": [
      {""sst"": 1, ""sd"": ""000001"", ""description"": ""eMBB default""},
      {""sst"": 2, ""sd"": ""0"
b4r,X008,3,medium,200,fault-HA,contradictory,19.735,0.0,0.0,1,0,0.0,"LLM returned non-JSON output (first 200 chars): {
  ""topology_id"": ""ha-5g-core"",
  ""connectivity"": {
    ""plmn"": {""mcc"": ""001"", ""mnc"": ""01""},
    ""slices"": [{""sst"": 1, ""sd"": ""000001"", ""description"": ""eMBB""}, {""sst"": 2, ""sd"": ""000002"", ""description"""
b4r,X008,4,medium,200,fault-HA,contradictory,19.436,0.0,0.0,1,0,0.0,"LLM returned non-JSON output (first 200 chars): {
  ""topology_id"": ""ha-5g-core"",
  ""connectivity"": {
    ""plmn"": {""mcc"": ""001"", ""mnc"": ""01""},
    ""slices"": [{""sst"": 1, ""sd"": ""000001"", ""description"": ""eMBB""}, {""sst"": 2, ""sd"": ""000002"", ""description"""
b4r,X009,0,medium,500,fault-HA,contradictory,17.841,0.0,0.3064,0,0,0.0,
b4r,X009,1,medium,500,fault-HA,contradictory,17.907,0.0,0.0,0,0,0.0,
b4r,X009,2,medium,500,fault-HA,contradictory,17.815,0.0,0.266,0,0,0.0,
b4r,X009,3,medium,500,fault-HA,contradictory,17.552,0.0,0.4169,0,0,0.0,
b4r,X009,4,medium,500,fault-HA,contradictory,17.85,0.0,0.4169,0,0,0.0,
b4r,X010,0,simple,50,fault-HA,contradictory,16.784,0.0,0.0,0,0,0.0,
b4r,X010,1,simple,50,fault-HA,contradictory,18.054,0.0,0.0,1,0,0.0,"LLM returned non-JSON output (first 200 chars): {
  ""topology_id"": ""ha-5g-core"",
  ""connectivity"": {
    ""plmn"": {""mcc"": ""001"", ""mnc"": ""01""},
    ""slices"": [{""sst"": 2, ""sd"": ""000002"", ""description"": ""URLLC emergency""}],
    ""dnns"": [""internet""]
  }"
b4r,X010,2,simple,50,fault-HA,contradictory,18.392,0.0,0.0,0,0,0.0,
b4r,X010,3,simple,50,fault-HA,contradictory,16.857,0.0,0.0,0,0,0.0,
b4r,X010,4,simple,50,fault-HA,contradictory,16.41,0.0,0.0,0,0,0.0,
b4r,X011,0,medium,200,fault-HA,contradictory,16.973,0.0,0.0,1,0,0.0,"LLM returned non-JSON output (first 200 chars): {
  ""topology_id"": ""ha-5g-core"",
  ""connectivity"": {
    ""plmn"": {""mcc"": ""001"", ""mnc"": ""01""},
    ""slices"": [{""sst"": 1, ""sd"": ""000001"", ""description"": ""eMBB default""}],
    ""dnns"": [""internet""]
  },
 "
b4r,X011,1,medium,200,fault-HA,contradictory,16.907,0.0,0.0,1,0,0.0,"LLM returned non-JSON output (first 200 chars): {
  ""topology_id"": ""ha-5g-core"",
  ""connectivity"": {
    ""plmn"": {""mcc"": ""001"", ""mnc"": ""01""},
    ""slices"": [{""sst"": 1, ""sd"": ""000001"", ""description"": ""eMBB default""}],
    ""dnns"": [""internet""]
  },
 "
b4r,X011,2,medium,200,fault-HA,contradictory,17.079,0.0,0.0,1,0,0.0,"LLM returned non-JSON output (first 200 chars): {
  ""topology_id"": ""ha-5g-core"",
  ""connectivity"": {
    ""plmn"": {""mcc"": ""001"", ""mnc"": ""01""},
    ""slices"": [{""sst"": 1, ""sd"": ""000001"", ""description"": ""eMBB default""}],
    ""dnns"": [""internet""]
  },
 "
b4r,X011,3,medium,200,fault-HA,contradictory,18.145,0.0,0.0,1,0,0.0,"LLM returned non-JSON output (first 200 chars): {
  ""topology_id"": ""ha-5g-core"",
  ""connectivity"": {
    ""plmn"": {""mcc"": ""001"", ""mnc"": ""01""},
    ""slices"": [{""sst"": 1, ""sd"": ""000001"", ""description"": ""eMBB default""}],
    ""dnns"": [""internet""]
  },
 "
b4r,X011,4,medium,200,fault-HA,contradictory,16.944,0.0,0.0,1,0,0.0,"LLM returned non-JSON output (first 200 chars): {
  ""topology_id"": ""ha-5g-core"",
  ""connectivity"": {
    ""plmn"": {""mcc"": ""001"", ""mnc"": ""01""},
    ""slices"": [{""sst"": 1, ""sd"": ""000001"", ""description"": ""eMBB default""}],
    ""dnns"": [""internet""]
  },
 "
b4r,X012,0,medium,500,fault-HA,contradictory,17.664,0.0,0.0,1,0,0.0,"LLM returned non-JSON output (first 200 chars): {
  ""topology_id"": ""ha-5g-core"",
  ""connectivity"": {
    ""plmn"": {""mcc"": ""001"", ""mnc"": ""01""},
    ""slices"": [{""sst"": 1, ""sd"": ""000001"", ""description"": ""eMBB""}, {""sst"": 2, ""sd"": ""000002"", ""description"""
b4r,X012,1,medium,500,fault-HA,contradictory,19.796,0.0,0.0,1,0,0.0,"LLM returned non-JSON output (first 200 chars): {
  ""topology_id"": ""ha-5g-core"",
  ""connectivity"": {
    ""plmn"": {""mcc"": ""001"", ""mnc"": ""01""},
    ""slices"": [{""sst"": 1, ""sd"": ""000001"", ""description"": ""eMBB""}, {""sst"": 2, ""sd"": ""000002"", ""description"""
b4r,X012,2,medium,500,fault-HA,contradictory,27.783,0.0,0.0,1,0,0.0,"LLM returned non-JSON output (first 200 chars): {
  ""topology_id"": ""ha-5g-core"",
  ""connectivity"": {
    ""plmn"": {""mcc"": ""001"", ""mnc"": ""01""},
    ""slices"": [{""sst"": 1, ""sd"": ""000001"", ""description"": ""eMBB""}, {""sst"": 2, ""sd"": ""000002"", ""description"""
b4r,X012,3,medium,500,fault-HA,contradictory,27.535,0.0,0.0,1,0,0.0,"LLM returned non-JSON output (first 200 chars): {
  ""topology_id"": ""ha-5g-core"",
  ""connectivity"": {
    ""plmn"": {""mcc"": ""001"", ""mnc"": ""01""},
    ""slices"": [{""sst"": 1, ""sd"": ""000001"", ""description"": ""eMBB""}, {""sst"": 2, ""sd"": ""000002"", ""description"""
b4r,X012,4,medium,500,fault-HA,contradictory,22.215,0.0,0.0,1,0,0.0,"LLM returned non-JSON output (first 200 chars): {
  ""topology_id"": ""ha-5g-core"",
  ""connectivity"": {
    ""plmn"": {""mcc"": ""001"", ""mnc"": ""01""},
    ""slices"": [{""sst"": 1, ""sd"": ""000001"", ""description"": ""eMBB""}, {""sst"": 2, ""sd"": ""000002"", ""description"""
b4r,X013,0,medium,200,fault-HA,contradictory,16.65,0.0,0.0,1,0,0.0,"LLM returned non-JSON output (first 200 chars): {
  ""topology_id"": ""ha-5g-core-mmtc"",
  ""connectivity"": {
    ""plmn"": {""mcc"": ""001"", ""mnc"": ""01""},
    ""slices"": [{""sst"": 3, ""sd"": ""000003"", ""description"": ""mMTC default""}],
    ""dnns"": [""internet""]
 "
b4r,X013,1,medium,200,fault-HA,contradictory,16.746,0.0,0.0,0,0,0.0,
b4r,X013,2,medium,200,fault-HA,contradictory,16.953,0.0,0.0,1,0,0.0,"LLM returned non-JSON output (first 200 chars): {
  ""topology_id"": ""ha-5g-core-mmtc"",
  ""connectivity"": {
    ""plmn"": {""mcc"": ""001"", ""mnc"": ""01""},
    ""slices"": [{""sst"": 3, ""sd"": ""000003"", ""description"": ""mMTC default""}],
    ""dnns"": [""internet""]
 "
b4r,X013,3,medium,200,fault-HA,contradictory,16.272,0.0,0.0,0,0,0.0,
b4r,X013,4,medium,200,fault-HA,contradictory,16.475,0.0,0.0,0,0,0.0,
b4r,X014,0,medium,500,fault-HA,contradictory,17.114,0.0,0.0,1,0,0.0,"LLM returned non-JSON output (first 200 chars): {
  ""topology_id"": ""ha-5g-core"",
  ""connectivity"": {
    ""plmn"": {""mcc"": ""001"", ""mnc"": ""01""},
    ""slices"": [{""sst"": 1, ""sd"": ""000001"", ""description"": ""eMBB default""}],
    ""dnns"": [""internet""]
  },
 "
b4r,X014,1,medium,500,fault-HA,contradictory,17.339,0.0,0.0,1,0,0.0,"LLM returned non-JSON output (first 200 chars): {
  ""topology_id"": ""ha-5g-core"",
  ""connectivity"": {
    ""plmn"": {""mcc"": ""001"", ""mnc"": ""01""},
    ""slices"": [{""sst"": 1, ""sd"": ""000001"", ""description"": ""eMBB default""}],
    ""dnns"": [""internet""]
  },
 "
b4r,X014,2,medium,500,fault-HA,contradictory,16.892,0.0,0.0,1,0,0.0,"LLM returned non-JSON output (first 200 chars): {
  ""topology_id"": ""ha-5g-core"",
  ""connectivity"": {
    ""plmn"": {""mcc"": ""001"", ""mnc"": ""01""},
    ""slices"": [{""sst"": 1, ""sd"": ""000001"", ""description"": ""eMBB default""}],
    ""dnns"": [""internet""]
  },
 "
b4r,X014,3,medium,500,fault-HA,contradictory,18.279,0.0,0.0,1,0,0.0,"LLM returned non-JSON output (first 200 chars): {
  ""topology_id"": ""ha-5g-core-for-embb"",
  ""connectivity"": {
    ""plmn"": {""mcc"": ""001"", ""mnc"": ""01""},
    ""slices"": [{""sst"": 1, ""sd"": ""000001"", ""description"": ""eMBB default""}],
    ""dnns"": [""internet"
b4r,X014,4,medium,500,fault-HA,contradictory,17.685,0.0,0.0,1,0,0.0,"LLM returned non-JSON output (first 200 chars): {
  ""topology_id"": ""ha-5g-core-for-embb"",
  ""connectivity"": {
    ""plmn"": {""mcc"": ""001"", ""mnc"": ""01""},
    ""slices"": [{""sst"": 1, ""sd"": ""000001"", ""description"": ""eMBB default""}],
    ""dnns"": [""internet"
b4r,X015,0,simple,50,fault-HA,contradictory,16.906,0.0,0.0,0,0,0.0,
b4r,X015,1,simple,50,fault-HA,contradictory,16.915,0.0,0.0,0,0,0.0,
b4r,X015,2,simple,50,fault-HA,contradictory,16.48,0.0,0.0,0,0,0.0,
b4r,X015,3,simple,50,fault-HA,contradictory,16.894,0.0,0.0,0,0,0.0,
b4r,X015,4,simple,50,fault-HA,contradictory,16.227,0.0,0.0,0,0,0.0,
b4r,X016,0,complex,500,fault-HA,contradictory,16.8,0.0,0.4258,0,0,0.0,
b4r,X016,1,complex,500,fault-HA,contradictory,17.983,0.0,0.0,1,0,0.0,"LLM returned non-JSON output (first 200 chars): {
  ""topology_id"": ""ha-5g-core"",
  ""connectivity"": {
    ""plmn"": {""mcc"": ""001"", ""mnc"": ""01""},
    ""slices"": [{""sst"": 1, ""sd"": ""000001"", ""description"": ""eMBB default""}],
    ""dnns"": [""internet""]
  },
 "
b4r,X016,2,complex,500,fault-HA,contradictory,16.816,0.0,0.4893,0,0,0.0,
b4r,X016,3,complex,500,fault-HA,contradictory,18.121,0.0,0.4893,0,0,0.0,
b4r,X016,4,complex,500,fault-HA,contradictory,17.904,0.0,0.0,1,0,0.0,"LLM returned non-JSON output (first 200 chars): {
  ""topology_id"": ""ha-5g-core"",
  ""connectivity"": {
    ""plmn"": {""mcc"": ""001"", ""mnc"": ""01""},
    ""slices"": [{""sst"": 1, ""sd"": ""000001"", ""description"": ""eMBB default""}],
    ""dnns"": [""internet""]
  },
 "
b4r,X017,0,medium,200,fault-HA,contradictory,18.248,0.0,0.0,1,0,0.0,"LLM returned non-JSON output (first 200 chars): {
  ""topology_id"": ""ha-5g-core"",
  ""connectivity"": {
    ""plmn"": {""mcc"": ""001"", ""mnc"": ""01""},
    ""slices"": [
      {""sst"": 1, ""sd"": ""000001"", ""description"": ""eMBB default""},
      {""sst"": 2, ""sd"": ""0"
b4r,X017,1,medium,200,fault-HA,contradictory,19.326,0.0,0.0,1,0,0.0,"LLM returned non-JSON output (first 200 chars): {
  ""topology_id"": ""ha-5g-core"",
  ""connectivity"": {
    ""plmn"": {""mcc"": ""001"", ""mnc"": ""01""},
    ""slices"": [
      {""sst"": 1, ""sd"": ""000001"", ""description"": ""eMBB default""},
      {""sst"": 2, ""sd"": ""0"
b4r,X017,2,medium,200,fault-HA,contradictory,18.274,0.0,0.0,1,0,0.0,"LLM returned non-JSON output (first 200 chars): {
  ""topology_id"": ""high-availability-fault-tolerant-core"",
  ""connectivity"": {
    ""plmn"": {""mcc"": ""001"", ""mnc"": ""01""},
    ""slices"": [
      {""sst"": 1, ""sd"": ""000001"", ""description"": ""eMBB default""}"
b4r,X017,3,medium,200,fault-HA,contradictory,18.365,0.0,0.0,1,0,0.0,"LLM returned non-JSON output (first 200 chars): {
  ""topology_id"": ""ha-fault-tolerant-5g-core"",
  ""connectivity"": {
    ""plmn"": {""mcc"": ""001"", ""mnc"": ""01""},
    ""slices"": [
      {""sst"": 1, ""sd"": ""000001"", ""description"": ""eMBB default""},
      {""ss"
b4r,X017,4,medium,200,fault-HA,contradictory,18.127,0.0,0.2238,1,0,0.0,
b4r,X018,0,medium,200,fault-HA,contradictory,17.218,0.0,0.0,1,0,0.0,"LLM returned non-JSON output (first 200 chars): {
  ""topology_id"": ""ha-lean-core"",
  ""connectivity"": {
    ""plmn"": {""mcc"": ""001"", ""mnc"": ""01""},
    ""slices"": [{""sst"": 2, ""sd"": ""000002"", ""description"": ""URLLC for high availability""}],
    ""dnns"": ["""
b4r,X018,1,medium,200,fault-HA,contradictory,16.962,0.0,0.0,1,0,0.0,"LLM returned non-JSON output (first 200 chars): {
  ""topology_id"": ""ha-lean-core"",
  ""connectivity"": {
    ""plmn"": {""mcc"": ""001"", ""mnc"": ""01""},
    ""slices"": [{""sst"": 2, ""sd"": ""000002"", ""description"": ""URLLC for high availability""}],
    ""dnns"": ["""
b4r,X018,2,medium,200,fault-HA,contradictory,16.972,0.0,0.0,1,0,0.0,"LLM returned non-JSON output (first 200 chars): {
  ""topology_id"": ""ha-5g-core"",
  ""connectivity"": {
    ""plmn"": {""mcc"": ""001"", ""mnc"": ""01""},
    ""slices"": [{""sst"": 2, ""sd"": ""000002"", ""description"": ""URLLC for high availability""}],
    ""dnns"": [""in"
b4r,X018,3,medium,200,fault-HA,contradictory,16.789,0.0,0.0,1,0,0.0,"LLM returned non-JSON output (first 200 chars): {
  ""topology_id"": ""ha-lean-core"",
  ""connectivity"": {
    ""plmn"": {""mcc"": ""001"", ""mnc"": ""01""},
    ""slices"": [{""sst"": 2, ""sd"": ""000002"", ""description"": ""URLLC for high availability""}],
    ""dnns"": ["""
b4r,X018,4,medium,200,fault-HA,contradictory,16.971,0.0,0.0,1,0,0.0,"LLM returned non-JSON output (first 200 chars): {
  ""topology_id"": ""ha-lean-core"",
  ""connectivity"": {
    ""plmn"": {""mcc"": ""001"", ""mnc"": ""01""},
    ""slices"": [{""sst"": 2, ""sd"": ""000002"", ""description"": ""URLLC for high availability""}],
    ""dnns"": ["""
b4r,X019,0,simple,50,fault-HA,contradictory,16.97,0.0,0.0,1,0,0.0,"LLM returned non-JSON output (first 200 chars): {
  ""topology_id"": ""ha-5g-core"",
  ""connectivity"": {
    ""plmn"": {""mcc"": ""001"", ""mnc"": ""01""},
    ""slices"": [{""sst"": 1, ""sd"": ""000001"", ""description"": ""eMBB default""}],
    ""dnns"": [""internet""]
  },
 "
b4r,X019,1,simple,50,fault-HA,contradictory,17.069,0.0,0.0,1,0,0.0,"LLM returned non-JSON output (first 200 chars): {
  ""topology_id"": ""ha-5g-core"",
  ""connectivity"": {
    ""plmn"": {""mcc"": ""001"", ""mnc"": ""01""},
    ""slices"": [{""sst"": 1, ""sd"": ""000001"", ""description"": ""eMBB default""}],
    ""dnns"": [""internet""]
  },
 "
b4r,X019,2,simple,50,fault-HA,contradictory,17.032,0.0,0.0,1,0,0.0,"LLM returned non-JSON output (first 200 chars): {
  ""topology_id"": ""high-availability-core"",
  ""connectivity"": {
    ""plmn"": {""mcc"": ""001"", ""mnc"": ""01""},
    ""slices"": [{""sst"": 1, ""sd"": ""000001"", ""description"": ""eMBB default""}],
    ""dnns"": [""inter"
b4r,X019,3,simple,50,fault-HA,contradictory,17.071,0.0,0.0,1,0,0.0,"LLM returned non-JSON output (first 200 chars): {
  ""topology_id"": ""ha-5g-core"",
  ""connectivity"": {
    ""plmn"": {""mcc"": ""001"", ""mnc"": ""01""},
    ""slices"": [{""sst"": 1, ""sd"": ""000001"", ""description"": ""eMBB default""}],
    ""dnns"": [""internet""]
  },
 "
b4r,X019,4,simple,50,fault-HA,contradictory,17.216,0.0,0.0,1,0,0.0,"LLM returned non-JSON output (first 200 chars): {
  ""topology_id"": ""ha-5g-core"",
  ""connectivity"": {
    ""plmn"": {""mcc"": ""001"", ""mnc"": ""01""},
    ""slices"": [{""sst"": 1, ""sd"": ""000001"", ""description"": ""eMBB default""}],
    ""dnns"": [""internet""]
  },
 "
b4r,X020,0,medium,500,fault-HA,contradictory,16.76,0.0,0.0,0,0,0.0,
b4r,X020,1,medium,500,fault-HA,contradictory,17.073,0.0,0.1416,0,0,0.0,
b4r,X020,2,medium,500,fault-HA,contradictory,16.367,0.0,0.1416,0,0,0.0,
b4r,X020,3,medium,500,fault-HA,contradictory,16.337,0.0,0.0,0,0,0.0,
b4r,X020,4,medium,500,fault-HA,contradictory,17.572,0.0,0.1041,0,0,0.0,
b4r,X021,0,simple,50,fault-HA,contradictory,16.943,0.0,0.0,1,0,0.0,"LLM returned non-JSON output (first 200 chars): {
  ""topology_id"": ""ha-5g-core-min-pods"",
  ""connectivity"": {
    ""plmn"": {""mcc"": ""001"", ""mnc"": ""01""},
    ""slices"": [{""sst"": 1, ""sd"": ""000001"", ""description"": ""eMBB default""}],
    ""dnns"": [""internet"
b4r,X021,1,simple,50,fault-HA,contradictory,17.795,0.0,0.0,1,0,0.0,"LLM returned non-JSON output (first 200 chars): {
  ""topology_id"": ""ha-5g-core-min-pods"",
  ""connectivity"": {
    ""plmn"": {""mcc"": ""001"", ""mnc"": ""01""},
    ""slices"": [{""sst"": 1, ""sd"": ""000001"", ""description"": ""eMBB default""}],
    ""dnns"": [""internet"
b4r,X021,2,simple,50,fault-HA,contradictory,16.801,0.0,0.0,1,0,0.0,"LLM returned non-JSON output (first 200 chars): {
  ""topology_id"": ""ha-5g-core-min-pods"",
  ""connectivity"": {
    ""plmn"": {""mcc"": ""001"", ""mnc"": ""01""},
    ""slices"": [{""sst"": 1, ""sd"": ""000001"", ""description"": ""eMBB default""}],
    ""dnns"": [""internet"
b4r,X021,3,simple,50,fault-HA,contradictory,16.866,0.0,0.0,0,0,0.0,
b4r,X021,4,simple,50,fault-HA,contradictory,16.85,0.0,0.0,0,0,0.0,
b4r,X022,0,medium,200,fault-HA,contradictory,16.843,0.0,0.0,0,0,0.0,
b4r,X022,1,medium,200,fault-HA,contradictory,16.233,0.0,0.0,0,0,0.0,
b4r,X022,2,medium,200,fault-HA,contradictory,16.841,0.0,0.0,0,0,0.0,
b4r,X022,3,medium,200,fault-HA,contradictory,16.239,0.0,0.0,0,0,0.0,
b4r,X022,4,medium,200,fault-HA,contradictory,16.844,0.0,0.0,0,0,0.0,
b4r,X023,0,complex,500,fault-HA,contradictory,16.753,0.0,0.4889,0,0,0.0,
b4r,X023,1,complex,500,fault-HA,contradictory,16.827,0.0,0.0,1,0,0.0,"LLM returned non-JSON output (first 200 chars): {
  ""topology_id"": ""high-availability-core"",
  ""connectivity"": {
    ""plmn"": {""mcc"": ""001"", ""mnc"": ""01""},
    ""slices"": [{""sst"": 1, ""sd"": ""000001"", ""description"": ""eMBB default""}],
    ""dnns"": [""inter"
b4r,X023,2,complex,500,fault-HA,contradictory,16.96,0.0,0.0,1,0,0.0,"LLM returned non-JSON output (first 200 chars): {
  ""topology_id"": ""ha-5g-core-single-instance"",
  ""connectivity"": {
    ""plmn"": {""mcc"": ""001"", ""mnc"": ""01""},
    ""slices"": [{""sst"": 1, ""sd"": ""000001"", ""description"": ""eMBB default""}],
    ""dnns"": [""i"
b4r,X023,3,complex,500,fault-HA,contradictory,16.929,0.0,0.0,1,0,0.0,"LLM returned non-JSON output (first 200 chars): {
  ""topology_id"": ""ha-5g-core-single-instance"",
  ""connectivity"": {
    ""plmn"": {""mcc"": ""001"", ""mnc"": ""01""},
    ""slices"": [{""sst"": 1, ""sd"": ""000001"", ""description"": ""eMBB default""}],
    ""dnns"": [""i"
b4r,X023,4,complex,500,fault-HA,contradictory,17.084,0.0,0.0,1,0,0.0,"LLM returned non-JSON output (first 200 chars): {
  ""topology_id"": ""ha-5g-core-single-instance"",
  ""connectivity"": {
    ""plmn"": {""mcc"": ""001"", ""mnc"": ""01""},
    ""slices"": [{""sst"": 1, ""sd"": ""000001"", ""description"": ""eMBB default""}],
    ""dnns"": [""i"
b4r,X024,0,medium,200,fault-HA,contradictory,21.031,0.0,0.0725,0,0,0.0,
b4r,X024,1,medium,200,fault-HA,contradictory,19.372,0.0,0.0,0,0,0.0,
b4r,X024,2,medium,200,fault-HA,contradictory,22.825,0.0,0.0,1,0,0.0,
b4r,X024,3,medium,200,fault-HA,contradictory,20.11,0.0,0.1366,1,0,0.0,
b4r,X024,4,medium,200,fault-HA,contradictory,28.169,0.0,0.0,1,0,0.0,"LLM returned non-JSON output (first 200 chars): {
  ""topology_id"": ""ha-5g-core"",
  ""connectivity"": {
    ""plmn"": {""mcc"": ""001"", ""mnc"": ""01""},
    ""slices"": [{""sst"": 1, ""sd"": ""000001"", ""description"": ""eMBB""}, {""sst"": 2, ""sd"": ""000002"", ""description"""
b4r,X025,0,simple,50,fault-HA,contradictory,16.885,0.0,0.0,0,0,0.0,
b4r,X025,1,simple,50,fault-HA,contradictory,16.971,0.0,0.0,0,0,0.0,
b4r,X025,2,simple,50,fault-HA,contradictory,16.867,0.0,0.0,0,0,0.0,
b4r,X025,3,simple,50,fault-HA,contradictory,17.181,0.0,0.0,0,0,0.0,
b4r,X025,4,simple,50,fault-HA,contradictory,16.775,0.0,0.0,0,0,0.0,
b4r,X026,0,medium,200,fault-HA,contradictory,16.837,0.0,0.0217,0,0,0.0,
b4r,X026,1,medium,200,fault-HA,contradictory,16.833,0.0,0.0217,0,0,0.0,
b4r,X026,2,medium,200,fault-HA,contradictory,16.694,0.0,0.0,1,0,0.0,"LLM returned non-JSON output (first 200 chars): {
  ""topology_id"": ""ha-5g-core"",
  ""connectivity"": {
    ""plmn"": {""mcc"": ""001"", ""mnc"": ""01""},
    ""slices"": [{""sst"": 1, ""sd"": ""000001"", ""description"": ""eMBB default""}],
    ""dnns"": [""internet""]
  },
 "
b4r,X026,3,medium,200,fault-HA,contradictory,17.046,0.0,0.0,1,0,0.0,"LLM returned non-JSON output (first 200 chars): {
  ""topology_id"": ""ha-5g-core"",
  ""connectivity"": {
    ""plmn"": {""mcc"": ""001"", ""mnc"": ""01""},
    ""slices"": [{""sst"": 1, ""sd"": ""000001"", ""description"": ""eMBB default""}],
    ""dnns"": [""internet""]
  },
 "
b4r,X026,4,medium,200,fault-HA,contradictory,17.036,0.0,0.0,1,0,0.0,"LLM returned non-JSON output (first 200 chars): {
  ""topology_id"": ""ha-5g-core"",
  ""connectivity"": {
    ""plmn"": {""mcc"": ""001"", ""mnc"": ""01""},
    ""slices"": [{""sst"": 1, ""sd"": ""000001"", ""description"": ""eMBB default""}],
    ""dnns"": [""internet""]
  },
 "
b4r,X027,0,medium,500,fault-HA,contradictory,19.129,0.0,0.2479,0,0,0.0,
b4r,X027,1,medium,500,fault-HA,contradictory,22.791,0.0,0.3832,0,0,0.0,
b4r,X027,2,medium,500,fault-HA,contradictory,19.47,0.0,0.4022,1,0,0.0,
b4r,X027,3,medium,500,fault-HA,contradictory,25.813,0.0,0.3832,0,0,0.0,
b4r,X027,4,medium,500,fault-HA,contradictory,19.983,0.0,0.4022,1,0,0.0,
b4r,X028,0,medium,200,fault-HA,contradictory,17.024,0.0,0.0,0,0,0.0,
b4r,X028,1,medium,200,fault-HA,contradictory,18.145,0.0,0.0306,0,0,0.0,
b4r,X028,2,medium,200,fault-HA,contradictory,17.729,0.0,0.0306,0,0,0.0,
b4r,X028,3,medium,200,fault-HA,contradictory,18.175,0.0,0.0,0,0,0.0,
b4r,X028,4,medium,200,fault-HA,contradictory,18.159,0.0,0.0,0,0,0.0,
b4r,X029,0,complex,500,fault-HA,contradictory,17.272,0.0,0.2345,0,0,0.0,
b4r,X029,1,complex,500,fault-HA,contradictory,17.292,0.0,0.4274,0,0,0.0,
b4r,X029,2,complex,500,fault-HA,contradictory,18.149,0.0,0.4274,0,0,0.0,
b4r,X029,3,complex,500,fault-HA,contradictory,17.279,0.0,0.2345,0,0,0.0,
b4r,X029,4,complex,500,fault-HA,contradictory,18.172,0.0,0.4274,0,0,0.0,
b4r,X030,0,medium,200,fault-HA,contradictory,17.544,0.0,0.0,1,0,0.0,
b4r,X030,1,medium,200,fault-HA,contradictory,17.611,0.0,0.0,1,0,0.0,
b4r,X030,2,medium,200,fault-HA,contradictory,17.612,0.0,0.0,1,0,0.0,
b4r,X030,3,medium,200,fault-HA,contradictory,17.61,0.0,0.0,1,0,0.0,
b4r,X030,4,medium,200,fault-HA,contradictory,17.65,0.0,0.1179,1,0,0.0,
b4r,X031,0,simple,50,steady,contradictory,17.072,0.0,0.0,1,0,0.0,"LLM returned non-JSON output (first 200 chars): {
  ""topology_id"": ""5G-Core-Deployment"",
  ""connectivity"": {
    ""plmn"": {""mcc"": ""001"", ""mnc"": ""01""},
    ""slices"": [{""sst"": 1, ""sd"": ""000001"", ""description"": ""eMBB default""}],
    ""dnns"": [""internet"""
b4r,X031,1,simple,50,steady,contradictory,16.921,0.0,0.0,1,0,0.0,"LLM returned non-JSON output (first 200 chars): {
  ""topology_id"": ""5G-Core-Deployment"",
  ""connectivity"": {
    ""plmn"": {""mcc"": ""001"", ""mnc"": ""01""},
    ""slices"": [{""sst"": 1, ""sd"": ""000001"", ""description"": ""eMBB default""}],
    ""dnns"": [""internet"""
b4r,X031,2,simple,50,steady,contradictory,17.046,0.0,0.0,1,0,0.0,"LLM returned non-JSON output (first 200 chars): {
  ""topology_id"": ""5G-Core-Deployment"",
  ""connectivity"": {
    ""plmn"": {""mcc"": ""001"", ""mnc"": ""01""},
    ""slices"": [{""sst"": 1, ""sd"": ""000001"", ""description"": ""eMBB default""}],
    ""dnns"": [""internet"""
b4r,X031,3,simple,50,steady,contradictory,17.066,0.0,0.0,1,0,0.0,"LLM returned non-JSON output (first 200 chars): {
  ""topology_id"": ""5G-Core-Deployment"",
  ""connectivity"": {
    ""plmn"": {""mcc"": ""001"", ""mnc"": ""01""},
    ""slices"": [{""sst"": 1, ""sd"": ""000001"", ""description"": ""eMBB default""}],
    ""dnns"": [""internet"""
b4r,X031,4,simple,50,steady,contradictory,17.045,0.0,0.0,1,0,0.0,"LLM returned non-JSON output (first 200 chars): {
  ""topology_id"": ""5G-Core-Deployment"",
  ""connectivity"": {
    ""plmn"": {""mcc"": ""001"", ""mnc"": ""01""},
    ""slices"": [{""sst"": 1, ""sd"": ""000001"", ""description"": ""eMBB default""}],
    ""dnns"": [""internet"""
b4r,X032,0,simple,50,steady,contradictory,17.038,0.0,0.0,1,0,0.0,"LLM returned non-JSON output (first 200 chars): {
  ""topology_id"": ""basic-urllc-topo"",
  ""connectivity"": {
    ""plmn"": {""mcc"": ""001"", ""mnc"": ""01""},
    ""slices"": [{""sst"": 2, ""sd"": ""000001"", ""description"": ""URLLC over-provisioned""}],
    ""dnns"": [""i"
b4r,X032,1,simple,50,steady,contradictory,17.015,0.0,0.0,1,0,0.0,"LLM returned non-JSON output (first 200 chars): {
  ""topology_id"": ""basic-urllc-topology"",
  ""connectivity"": {
    ""plmn"": {""mcc"": ""001"", ""mnc"": ""01""},
    ""slices"": [{""sst"": 2, ""sd"": ""000001"", ""description"": ""URLLC over-provisioned""}],
    ""dnns"":"
b4r,X032,2,simple,50,steady,contradictory,16.996,0.0,0.0,1,0,0.0,"LLM returned non-JSON output (first 200 chars): {
  ""topology_id"": ""urlcc-overprovisioned-5g"",
  ""connectivity"": {
    ""plmn"": {""mcc"": ""001"", ""mnc"": ""01""},
    ""slices"": [{""sst"": 2, ""sd"": ""000001"", ""description"": ""URLLC over-provisioned""}],
    ""dn"
b4r,X032,3,simple,50,steady,contradictory,17.024,0.0,0.0,1,0,0.0,"LLM returned non-JSON output (first 200 chars): {
  ""topology_id"": ""urlcc-high-capacity"",
  ""connectivity"": {
    ""plmn"": {""mcc"": ""001"", ""mnc"": ""01""},
    ""slices"": [{""sst"": 2, ""sd"": ""000001"", ""description"": ""URLLC high capacity""}],
    ""dnns"": [""i"
b4r,X032,4,simple,50,steady,contradictory,17.014,0.0,0.0,1,0,0.0,"LLM returned non-JSON output (first 200 chars): {
  ""topology_id"": ""basic-urllc-topo"",
  ""connectivity"": {
    ""plmn"": {""mcc"": ""001"", ""mnc"": ""01""},
    ""slices"": [{""sst"": 2, ""sd"": ""000001"", ""description"": ""URLLC over-provisioned""}],
    ""dnns"": [""i"
b4r,X033,0,simple,50,steady,contradictory,17.103,0.0,0.0,1,0,0.0,"LLM returned non-JSON output (first 200 chars): {
  ""topology_id"": ""basic-5g-core"",
  ""connectivity"": {
    ""plmn"": {""mcc"": ""001"", ""mnc"": ""01""},
    ""slices"": [{""sst"": 1, ""sd"": ""000001"", ""description"": ""eMBB default""}],
    ""dnns"": [""internet""]
  }"
b4r,X033,1,simple,50,steady,contradictory,16.901,0.0,0.0,1,0,0.0,"LLM returned non-JSON output (first 200 chars): {
  ""topology_id"": ""basic-5g-core"",
  ""connectivity"": {
    ""plmn"": {""mcc"": ""001"", ""mnc"": ""01""},
    ""slices"": [{""sst"": 1, ""sd"": ""000001"", ""description"": ""eMBB default""}],
    ""dnns"": [""internet""]
  }"
b4r,X033,2,simple,50,steady,contradictory,17.325,0.0,0.0,1,0,0.0,"LLM returned non-JSON output (first 200 chars): {
  ""topology_id"": ""basic-5g-core"",
  ""connectivity"": {
    ""plmn"": {""mcc"": ""001"", ""mnc"": ""01""},
    ""slices"": [{""sst"": 1, ""sd"": ""000001"", ""description"": ""eMBB default""}],
    ""dnns"": [""internet""]
  }"
b4r,X033,3,simple,50,steady,contradictory,17.067,0.0,0.0,1,0,0.0,"LLM returned non-JSON output (first 200 chars): {
  ""topology_id"": ""basic-5g-core"",
  ""connectivity"": {
    ""plmn"": {""mcc"": ""001"", ""mnc"": ""01""},
    ""slices"": [{""sst"": 1, ""sd"": ""000001"", ""description"": ""eMBB default""}],
    ""dnns"": [""internet""]
  }"
b4r,X033,4,simple,50,steady,contradictory,18.217,0.0,0.0,1,0,0.0,"LLM returned non-JSON output (first 200 chars): {
  ""topology_id"": ""basic-5g-core"",
  ""connectivity"": {
    ""plmn"": {""mcc"": ""001"", ""mnc"": ""01""},
    ""slices"": [{""sst"": 1, ""sd"": ""000001"", ""description"": ""eMBB default""}],
    ""dnns"": [""internet""]
  }"
b4r,X034,0,simple,50,steady,contradictory,17.477,0.0,0.2914,0,0,0.0,
b4r,X034,1,simple,50,steady,contradictory,17.541,0.0,0.0,1,0,0.0,"LLM returned non-JSON output (first 200 chars): {
  ""topology_id"": ""iot-mmtc-15ue"",
  ""connectivity"": {
    ""plmn"": {""mcc"": ""001"", ""mnc"": ""01""},
    ""slices"": [{""sst"": 3, ""sd"": ""000003"", ""description"": ""mMTC IoT""}],
    ""dnns"": [""iotdata""]
  },
  """
b4r,X034,2,simple,50,steady,contradictory,17.737,0.0,0.0,1,0,0.0,"LLM returned non-JSON output (first 200 chars): {
  ""topology_id"": ""mmtc-iot-network"",
  ""connectivity"": {
    ""plmn"": {""mcc"": ""001"", ""mnc"": ""01""},
    ""slices"": [{""sst"": 3, ""sd"": ""000001"", ""description"": ""mMTC IoT""}],
    ""dnns"": [""iotdata""]
  },
"
b4r,X034,3,simple,50,steady,contradictory,16.963,0.0,0.0,1,0,0.0,"LLM returned non-JSON output (first 200 chars): {
  ""topology_id"": ""iot-mmtc-5g-core"",
  ""connectivity"": {
    ""plmn"": {""mcc"": ""001"", ""mnc"": ""01""},
    ""slices"": [{""sst"": 3, ""sd"": ""000001"", ""description"": ""mMTC IoT""}],
    ""dnns"": [""iot-data""]
  },"
b4r,X034,4,simple,50,steady,contradictory,17.597,0.0,0.0,1,0,0.0,"LLM returned non-JSON output (first 200 chars): {
  ""topology_id"": ""iot-mmtc-15ue"",
  ""connectivity"": {
    ""plmn"": {""mcc"": ""001"", ""mnc"": ""01""},
    ""slices"": [{""sst"": 3, ""sd"": ""000001"", ""description"": ""mMTC IoT""}],
    ""dnns"": [""iotdata""]
  },
  """
b4r,X035,0,simple,50,steady,contradictory,17.059,0.0,0.0,1,0,0.0,"LLM returned non-JSON output (first 200 chars): {
  ""topology_id"": ""5G-URLLC-Core"",
  ""connectivity"": {
    ""plmn"": {""mcc"": ""001"", ""mnc"": ""01""},
    ""slices"": [{""sst"": 2, ""sd"": ""000001"", ""description"": ""URLLC for UEs""}],
    ""dnns"": [""internet""]
  "
b4r,X035,1,simple,50,steady,contradictory,17.059,0.0,0.0,1,0,0.0,"LLM returned non-JSON output (first 200 chars): {
  ""topology_id"": ""5G-URLLC-Core"",
  ""connectivity"": {
    ""plmn"": {""mcc"": ""001"", ""mnc"": ""01""},
    ""slices"": [{""sst"": 2, ""sd"": ""000001"", ""description"": ""URLLC for UEs""}],
    ""dnns"": [""internet""]
  "
b4r,X035,2,simple,50,steady,contradictory,18.022,0.0,0.0,1,0,0.0,"LLM returned non-JSON output (first 200 chars): {
  ""topology_id"": ""5G-URLLC-Core"",
  ""connectivity"": {
    ""plmn"": {""mcc"": ""001"", ""mnc"": ""01""},
    ""slices"": [{""sst"": 2, ""sd"": ""000001"", ""description"": ""URLLC for UEs""}],
    ""dnns"": [""internet""]
  "
b4r,X035,3,simple,50,steady,contradictory,17.062,0.0,0.0,1,0,0.0,"LLM returned non-JSON output (first 200 chars): {
  ""topology_id"": ""5G-URLLC-Core"",
  ""connectivity"": {
    ""plmn"": {""mcc"": ""001"", ""mnc"": ""01""},
    ""slices"": [{""sst"": 2, ""sd"": ""000001"", ""description"": ""URLLC for UEs""}],
    ""dnns"": [""internet""]
  "
b4r,X035,4,simple,50,steady,contradictory,16.857,0.0,0.0,1,0,0.0,"LLM returned non-JSON output (first 200 chars): {
  ""topology_id"": ""5G-URLLC-Core"",
  ""connectivity"": {
    ""plmn"": {""mcc"": ""001"", ""mnc"": ""01""},
    ""slices"": [{""sst"": 2, ""sd"": ""000001"", ""description"": ""URLLC for UEs""}],
    ""dnns"": [""internet""]
  "
b4r,X036,0,medium,200,steady,contradictory,17.6,0.0,0.3474,0,0,0.0,
b4r,X036,1,medium,200,steady,contradictory,17.582,0.0,0.1662,0,0,0.0,
b4r,X036,2,medium,200,steady,contradictory,17.689,0.0,0.0,1,0,0.0,"LLM returned non-JSON output (first 200 chars): {
  ""topology_id"": ""mmtc-latency-guarantee"",
  ""connectivity"": {
    ""plmn"": {""mcc"": ""001"", ""mnc"": ""01""},
    ""slices"": [{""sst"": 3, ""sd"": ""000001"", ""description"": ""mMTC with low latency""}],
    ""dnns"""
b4r,X036,3,medium,200,steady,contradictory,17.687,0.0,0.0,1,0,0.0,"LLM returned non-JSON output (first 200 chars): {
  ""topology_id"": ""mmtc-latency-optimized"",
  ""connectivity"": {
    ""plmn"": {""mcc"": ""001"", ""mnc"": ""01""},
    ""slices"": [{""sst"": 3, ""sd"": ""000001"", ""description"": ""mMTC slice with low latency""}],
    "
b4r,X036,4,medium,200,steady,contradictory,17.491,0.0,0.0,1,0,0.0,"LLM returned non-JSON output (first 200 chars): {
  ""topology_id"": ""mmtc-low-latency"",
  ""connectivity"": {
    ""plmn"": {""mcc"": ""001"", ""mnc"": ""01""},
    ""slices"": [{""sst"": 3, ""sd"": ""000001"", ""description"": ""mMTC low latency""}],
    ""dnns"": [""interne"
b4r,X037,0,complex,500,steady,contradictory,20.74,0.0,0.1462,1,0,0.0,
b4r,X037,1,complex,500,steady,contradictory,21.569,0.0,0.1441,0,0,0.0,
b4r,X037,2,complex,500,steady,contradictory,22.864,0.0,0.1883,1,0,0.0,
b4r,X037,3,complex,500,steady,contradictory,27.448,0.0,0.118,0,0,0.0,
b4r,X037,4,complex,500,steady,contradictory,19.518,0.0,0.1462,1,0,0.0,
b4r,X038,0,medium,500,steady,contradictory,18.274,0.0,0.0,1,0,0.0,"LLM returned non-JSON output (first 200 chars): {
  ""topology_id"": ""iot-realtime-mmtc"",
  ""connectivity"": {
    ""plmn"": {""mcc"": ""001"", ""mnc"": ""01""},
    ""slices"": [{""sst"": 3, ""sd"": ""000003"", ""description"": ""mMTC IoT devices with real-time requireme"
b4r,X038,1,medium,500,steady,contradictory,17.853,0.0,0.0,1,0,0.0,"LLM returned non-JSON output (first 200 chars): {
  ""topology_id"": ""iot-realtime-mmtc"",
  ""connectivity"": {
    ""plmn"": {""mcc"": ""001"", ""mnc"": ""01""},
    ""slices"": [{""sst"": 3, ""sd"": ""000003"", ""description"": ""mMTC IoT devices with real-time requireme"
b4r,X038,2,medium,500,steady,contradictory,17.399,0.0,0.0,1,0,0.0,"LLM returned non-JSON output (first 200 chars): {
  ""topology_id"": ""iot-realtime-mmtc"",
  ""connectivity"": {
    ""plmn"": {""mcc"": ""001"", ""mnc"": ""01""},
    ""slices"": [{""sst"": 3, ""sd"": ""000003"", ""description"": ""mMTC IoT devices with real-time requireme"
b4r,X038,3,medium,500,steady,contradictory,17.626,0.0,0.0,1,0,0.0,"LLM returned non-JSON output (first 200 chars): {
  ""topology_id"": ""iot-realtime-mmtc"",
  ""connectivity"": {
    ""plmn"": {""mcc"": ""001"", ""mnc"": ""01""},
    ""slices"": [{""sst"": 3, ""sd"": ""000003"", ""description"": ""mMTC IoT devices with real-time requireme"
b4r,X038,4,medium,500,steady,contradictory,16.862,0.0,0.0,1,0,0.0,"LLM returned non-JSON output (first 200 chars): {
  ""topology_id"": ""iot-realtime-mmtc"",
  ""connectivity"": {
    ""plmn"": {""mcc"": ""001"", ""mnc"": ""01""},
    ""slices"": [{""sst"": 3, ""sd"": ""000003"", ""description"": ""mMTC IoT devices with real-time requireme"
b4r,X039,0,medium,200,sinusoidal-autoscale,contradictory,17.037,0.0,0.0,1,0,0.0,"LLM returned non-JSON output (first 200 chars): {
  ""topology_id"": ""basic-5g-core"",
  ""connectivity"": {
    ""plmn"": {""mcc"": ""001"", ""mnc"": ""01""},
    ""slices"": [{""sst"": 1, ""sd"": ""000001"", ""description"": ""eMBB default""}],
    ""dnns"": [""internet""]
  }"
b4r,X039,1,medium,200,sinusoidal-autoscale,contradictory,20.726,0.0,0.0,1,0,0.0,"LLM returned non-JSON output (first 200 chars): {
  ""topology_id"": ""basic-5g-core"",
  ""connectivity"": {
    ""plmn"": {""mcc"": ""001"", ""mnc"": ""01""},
    ""slices"": [{""sst"": 1, ""sd"": ""000001"", ""description"": ""eMBB default""}],
    ""dnns"": [""internet""]
  }"
b4r,X039,2,medium,200,sinusoidal-autoscale,contradictory,16.966,0.0,0.0,1,0,0.0,"LLM returned non-JSON output (first 200 chars): {
  ""topology_id"": ""basic-5g-core"",
  ""connectivity"": {
    ""plmn"": {""mcc"": ""001"", ""mnc"": ""01""},
    ""slices"": [{""sst"": 1, ""sd"": ""000001"", ""description"": ""eMBB default""}],
    ""dnns"": [""internet""]
  }"
b4r,X039,3,medium,200,sinusoidal-autoscale,contradictory,17.059,0.0,0.0,1,0,0.0,"LLM returned non-JSON output (first 200 chars): {
  ""topology_id"": ""basic-5g-core"",
  ""connectivity"": {
    ""plmn"": {""mcc"": ""001"", ""mnc"": ""01""},
    ""slices"": [{""sst"": 1, ""sd"": ""000001"", ""description"": ""eMBB default""}],
    ""dnns"": [""internet""]
  }"
b4r,X039,4,medium,200,sinusoidal-autoscale,contradictory,16.381,0.0,0.0,1,0,0.0,"LLM returned non-JSON output (first 200 chars): {
  ""topology_id"": ""basic-5g-core"",
  ""connectivity"": {
    ""plmn"": {""mcc"": ""001"", ""mnc"": ""01""},
    ""slices"": [{""sst"": 1, ""sd"": ""000001"", ""description"": ""eMBB default""}],
    ""dnns"": [""internet""]
  }"
b4r,X040,0,medium,500,sinusoidal-autoscale,contradictory,18.205,0.0,0.0,1,0,0.0,"LLM returned non-JSON output (first 200 chars): {
  ""topology_id"": ""5G-Core-Deployment"",
  ""connectivity"": {
    ""plmn"": {""mcc"": ""001"", ""mnc"": ""01""},
    ""slices"": [{""sst"": 1, ""sd"": ""000001"", ""description"": ""eMBB default""}],
    ""dnns"": [""internet"""
b4r,X040,1,medium,500,sinusoidal-autoscale,contradictory,16.913,0.0,0.0,1,0,0.0,"LLM returned non-JSON output (first 200 chars): {
  ""topology_id"": ""5G-Core-Deployment"",
  ""connectivity"": {
    ""plmn"": {""mcc"": ""001"", ""mnc"": ""01""},
    ""slices"": [{""sst"": 1, ""sd"": ""000001"", ""description"": ""eMBB default""}],
    ""dnns"": [""internet"""
b4r,X040,2,medium,500,sinusoidal-autoscale,contradictory,18.197,0.0,0.4531,1,0,0.0,
b4r,X040,3,medium,500,sinusoidal-autoscale,contradictory,18.23,0.0,0.0,1,0,0.0,"LLM returned non-JSON output (first 200 chars): {
  ""topology_id"": ""5G-Core-Deployment"",
  ""connectivity"": {
    ""plmn"": {""mcc"": ""001"", ""mnc"": ""01""},
    ""slices"": [{""sst"": 1, ""sd"": ""000001"", ""description"": ""eMBB default""}],
    ""dnns"": [""internet"""
b4r,X040,4,medium,500,sinusoidal-autoscale,contradictory,16.963,0.0,0.0,1,0,0.0,"LLM returned non-JSON output (first 200 chars): {
  ""topology_id"": ""5G-Core-Deployment"",
  ""connectivity"": {
    ""plmn"": {""mcc"": ""001"", ""mnc"": ""01""},
    ""slices"": [{""sst"": 1, ""sd"": ""000001"", ""description"": ""eMBB default""}],
    ""dnns"": [""internet"""
b4r,X041,0,complex,500,sinusoidal-autoscale,contradictory,17.49,0.0,0.4258,1,0,0.0,
b4r,X041,1,complex,500,sinusoidal-autoscale,contradictory,17.498,0.0,0.4258,1,0,0.0,
b4r,X041,2,complex,500,sinusoidal-autoscale,contradictory,17.476,0.0,0.4258,1,0,0.0,
b4r,X041,3,complex,500,sinusoidal-autoscale,contradictory,19.425,0.0,0.2929,1,0,0.0,
b4r,X041,4,complex,500,sinusoidal-autoscale,contradictory,19.474,0.0,0.4735,1,0,0.0,
b4r,X042,0,medium,200,fault-HA,contradictory,18.258,0.0,0.0655,1,0,0.0,
b4r,X042,1,medium,200,fault-HA,contradictory,26.242,0.0,0.0,1,0,0.0,"LLM returned non-JSON output (first 200 chars): {
  ""topology_id"": ""ha-5g-core"",
  ""connectivity"": {
    ""plmn"": {""mcc"": ""001"", ""mnc"": ""01""},
    ""slices"": [{""sst"": 1, ""sd"": ""000001"", ""description"": ""eMBB""}, {""sst"": 2, ""sd"": ""000002"", ""description"""
b4r,X042,2,medium,200,fault-HA,contradictory,23.252,0.0,0.0,1,0,0.0,"LLM returned non-JSON output (first 200 chars): {
  ""topology_id"": ""ha-5g-core"",
  ""connectivity"": {
    ""plmn"": {""mcc"": ""001"", ""mnc"": ""01""},
    ""slices"": [{""sst"": 1, ""sd"": ""000001"", ""description"": ""eMBB""}, {""sst"": 2, ""sd"": ""000002"", ""description"""
b4r,X042,3,medium,200,fault-HA,contradictory,21.767,0.0,0.0,0,0,0.0,
b4r,X042,4,medium,200,fault-HA,contradictory,17.877,0.0,0.0,1,0,0.0,"LLM returned non-JSON output (first 200 chars): {
  ""topology_id"": ""high-availability-fault-tolerant-core"",
  ""connectivity"": {
    ""plmn"": {""mcc"": ""001"", ""mnc"": ""01""},
    ""slices"": [
      {""sst"": 1, ""sd"": ""000001"", ""description"": ""eMBB slice""},
"
b4r,X043,0,medium,500,fault-HA,contradictory,20.581,0.0,0.0,1,0,0.0,"LLM returned non-JSON output (first 200 chars): {
  ""topology_id"": ""ha-5g-core"",
  ""connectivity"": {
    ""plmn"": {""mcc"": ""001"", ""mnc"": ""01""},
    ""slices"": [
      {""sst"": 1, ""sd"": ""000001"", ""description"": ""eMBB default""},
      {""sst"": 2, ""sd"": ""0"
b4r,X043,1,medium,500,fault-HA,contradictory,22.94,0.0,0.0,0,0,0.0,
b4r,X043,2,medium,500,fault-HA,contradictory,20.589,0.0,0.0,1,0,0.0,"LLM returned non-JSON output (first 200 chars): {
  ""topology_id"": ""ha-5g-core"",
  ""connectivity"": {
    ""plmn"": {""mcc"": ""001"", ""mnc"": ""01""},
    ""slices"": [
      {""sst"": 1, ""sd"": ""000001"", ""description"": ""eMBB default""},
      {""sst"": 2, ""sd"": ""0"
b4r,X043,3,medium,500,fault-HA,contradictory,20.58,0.0,0.0,1,0,0.0,"LLM returned non-JSON output (first 200 chars): {
  ""topology_id"": ""ha-5g-core"",
  ""connectivity"": {
    ""plmn"": {""mcc"": ""001"", ""mnc"": ""01""},
    ""slices"": [
      {""sst"": 1, ""sd"": ""000001"", ""description"": ""eMBB default""},
      {""sst"": 2, ""sd"": ""0"
b4r,X043,4,medium,500,fault-HA,contradictory,20.582,0.0,0.0,1,0,0.0,"LLM returned non-JSON output (first 200 chars): {
  ""topology_id"": ""ha-5g-core"",
  ""connectivity"": {
    ""plmn"": {""mcc"": ""001"", ""mnc"": ""01""},
    ""slices"": [
      {""sst"": 1, ""sd"": ""000001"", ""description"": ""eMBB default""},
      {""sst"": 2, ""sd"": ""0"
b4r,X044,0,medium,200,fault-HA,contradictory,16.807,0.0,0.0,0,0,0.0,
b4r,X044,1,medium,200,fault-HA,contradictory,18.035,0.0,0.0,1,0,0.0,"LLM returned non-JSON output (first 200 chars): {
  ""topology_id"": ""ha-5g-core"",
  ""connectivity"": {
    ""plmn"": {""mcc"": ""001"", ""mnc"": ""01""},
    ""slices"": [{""sst"": 2, ""sd"": ""000002"", ""description"": ""URLLC for mission-critical services""}],
    ""dnn"
b4r,X044,2,medium,200,fault-HA,contradictory,18.028,0.0,0.0,1,0,0.0,"LLM returned non-JSON output (first 200 chars): {
  ""topology_id"": ""ha-5g-core"",
  ""connectivity"": {
    ""plmn"": {""mcc"": ""001"", ""mnc"": ""01""},
    ""slices"": [{""sst"": 2, ""sd"": ""000002"", ""description"": ""URLLC for mission-critical services""}],
    ""dnn"
b4r,X044,3,medium,200,fault-HA,contradictory,16.627,0.0,0.0819,0,0,0.0,
b4r,X044,4,medium,200,fault-HA,contradictory,17.14,0.0,0.0,0,0,0.0,
b4r,X045,0,complex,500,fault-HA,contradictory,17.009,0.0,0.0,1,0,0.0,"LLM returned non-JSON output (first 200 chars): {
  ""topology_id"": ""high-availability-fault-tolerant-core"",
  ""connectivity"": {
    ""plmn"": {""mcc"": ""001"", ""mnc"": ""01""},
    ""slices"": [{""sst"": 1, ""sd"": ""000001"", ""description"": ""eMBB default""}],
    "
b4r,X045,1,complex,500,fault-HA,contradictory,17.9,0.0,0.4258,0,0,0.0,
b4r,X045,2,complex,500,fault-HA,contradictory,16.231,0.0,0.2544,0,0,0.0,
b4r,X045,3,complex,500,fault-HA,contradictory,17.178,0.0,0.0,1,0,0.0,"LLM returned non-JSON output (first 200 chars): {
  ""topology_id"": ""ha-5g-core"",
  ""connectivity"": {
    ""plmn"": {""mcc"": ""001"", ""mnc"": ""01""},
    ""slices"": [{""sst"": 1, ""sd"": ""000001"", ""description"": ""eMBB default""}],
    ""dnns"": [""internet""]
  },
 "
b4r,X045,4,complex,500,fault-HA,contradictory,16.875,0.0,0.0,1,0,0.0,"LLM returned non-JSON output (first 200 chars): {
  ""topology_id"": ""ha-5g-core"",
  ""connectivity"": {
    ""plmn"": {""mcc"": ""001"", ""mnc"": ""01""},
    ""slices"": [{""sst"": 1, ""sd"": ""000001"", ""description"": ""eMBB default""}],
    ""dnns"": [""internet""]
  },
 "
b4r,X046,0,medium,500,fault-HA,contradictory,19.716,0.0,0.2303,1,0,0.0,
b4r,X046,1,medium,500,fault-HA,contradictory,20.213,0.0,0.3863,1,0,0.0,
b4r,X046,2,medium,500,fault-HA,contradictory,26.971,0.0,0.3843,0,0,0.0,
b4r,X046,3,medium,500,fault-HA,contradictory,20.668,0.0,0.3863,1,0,0.0,
b4r,X046,4,medium,500,fault-HA,contradictory,27.081,0.0,0.3843,0,0,0.0,
b4r,X047,0,medium,200,fault-HA,contradictory,16.906,0.0,0.0,1,0,0.0,"LLM returned non-JSON output (first 200 chars): {
  ""topology_id"": ""ha-5g-core"",
  ""connectivity"": {
    ""plmn"": {""mcc"": ""001"", ""mnc"": ""01""},
    ""slices"": [{""sst"": 1, ""sd"": ""000001"", ""description"": ""eMBB default""}],
    ""dnns"": [""internet""]
  },
 "
b4r,X047,1,medium,200,fault-HA,contradictory,17.788,0.0,0.0,1,0,0.0,"LLM returned non-JSON output (first 200 chars): {
  ""topology_id"": ""ha-5g-core"",
  ""connectivity"": {
    ""plmn"": {""mcc"": ""001"", ""mnc"": ""01""},
    ""slices"": [{""sst"": 1, ""sd"": ""000001"", ""description"": ""eMBB default""}],
    ""dnns"": [""internet""]
  },
 "
b4r,X047,2,medium,200,fault-HA,contradictory,17.171,0.0,0.0,1,0,0.0,"LLM returned non-JSON output (first 200 chars): {
  ""topology_id"": ""ha-5g-core"",
  ""connectivity"": {
    ""plmn"": {""mcc"": ""001"", ""mnc"": ""01""},
    ""slices"": [{""sst"": 1, ""sd"": ""000001"", ""description"": ""eMBB default""}],
    ""dnns"": [""internet""]
  },
 "
b4r,X047,3,medium,200,fault-HA,contradictory,16.75,0.0,0.2493,0,0,0.0,
b4r,X047,4,medium,200,fault-HA,contradictory,18.2,0.0,0.0,1,0,0.0,"LLM returned non-JSON output (first 200 chars): {
  ""topology_id"": ""ha-5g-core"",
  ""connectivity"": {
    ""plmn"": {""mcc"": ""001"", ""mnc"": ""01""},
    ""slices"": [{""sst"": 1, ""sd"": ""000001"", ""description"": ""eMBB default""}],
    ""dnns"": [""internet""]
  },
 "
b4r,X048,0,medium,200,fault-HA,contradictory,17.209,0.0,0.0,1,0,0.0,"LLM returned non-JSON output (first 200 chars): {
  ""topology_id"": ""ha-5g-core"",
  ""connectivity"": {
    ""plmn"": {""mcc"": ""001"", ""mnc"": ""01""},
    ""slices"": [{""sst"": 2, ""sd"": ""000002"", ""description"": ""URLLC mission-critical""}],
    ""dnns"": [""interne"
b4r,X048,1,medium,200,fault-HA,contradictory,16.588,0.0,0.0,0,0,0.0,
b4r,X048,2,medium,200,fault-HA,contradictory,17.038,0.0,0.0,1,0,0.0,"LLM returned non-JSON output (first 200 chars): {
  ""topology_id"": ""ha-5g-core"",
  ""connectivity"": {
    ""plmn"": {""mcc"": ""001"", ""mnc"": ""01""},
    ""slices"": [{""sst"": 2, ""sd"": ""000002"", ""description"": ""URLLC mission-critical""}],
    ""dnns"": [""interne"
b4r,X048,3,medium,200,fault-HA,contradictory,17.913,0.0,0.0,0,0,0.0,
b4r,X048,4,medium,200,fault-HA,contradictory,16.757,0.0,0.0,0,0,0.0,
b4r,X049,0,medium,500,fault-HA,contradictory,18.189,0.0,0.0,1,0,0.0,"LLM returned non-JSON output (first 200 chars): {
  ""topology_id"": ""ha-fault-tolerant-5g-core"",
  ""connectivity"": {
    ""plmn"": {""mcc"": ""001"", ""mnc"": ""01""},
    ""slices"": [
      {""sst"": 1, ""sd"": ""000001"", ""description"": ""eMBB default""},
      {""ss"
b4r,X049,1,medium,500,fault-HA,contradictory,23.65,0.0,0.2981,1,0,0.0,
b4r,X049,2,medium,500,fault-HA,contradictory,21.522,0.0,0.3316,1,0,0.0,
b4r,X049,3,medium,500,fault-HA,contradictory,20.259,0.0,0.3316,1,0,0.0,
b4r,X049,4,medium,500,fault-HA,contradictory,23.491,0.0,0.3312,0,0,0.0,
b4r,X050,0,medium,200,fault-HA,contradictory,19.466,0.0,0.1799,1,0,0.0,
b4r,X050,1,medium,200,fault-HA,contradictory,22.687,0.0,0.1856,0,0,0.0,
b4r,X050,2,medium,200,fault-HA,contradictory,19.557,0.0,0.1562,1,0,0.0,
b4r,X050,3,medium,200,fault-HA,contradictory,18.265,0.0,0.1266,1,0,0.0,
b4r,X050,4,medium,200,fault-HA,contradictory,19.465,0.0,0.1799,1,0,0.0,
